timestamp,asset_id,site_id,building_id,temperature,humidity,pressure,vibration,power_consumption,stat_anomaly,iforest_anomaly,iforest_score
2026-06-20 17:15:00,AST_0056,SITE_C,SITE_C_B2,6.33,42.73,101.47,13.457933733831585,170.53954050299376,True,False,0.05501674915943611
2026-06-20 21:00:00,AST_0046,SITE_C,SITE_C_B1,17.69,46.06,100.6,9.533335245498884,24.143881140477752,True,False,0.22321533323996295
2026-06-20 21:45:00,AST_0001,SITE_A,SITE_A_B1,5.9,44.83,101.16,13.022991117856568,166.46072541392667,True,False,0.06967551147887108
2026-06-20 22:45:00,AST_0035,SITE_B,SITE_B_B2,17.26,46.4,101.25,10.09977214072216,26.27117475599119,True,False,0.19517612522916755
2026-06-20 23:15:00,AST_0054,SITE_C,SITE_C_B1,23.04,44.73,100.8,1.314942792482605,0.0946465379783522,True,False,0.2886148532636584
2026-06-21 04:00:00,AST_0028,SITE_B,SITE_B_B1,25.18,47.38,101.28,14.818393776823202,16.06286958832606,True,False,0.18478179788070997
2026-06-21 04:00:00,AST_0004,SITE_A,SITE_A_B1,17.9,42.11,101.05,9.43724327220208,5.128,True,False,0.21140970113557495
2026-06-21 04:00:00,AST_0005,SITE_A,SITE_A_B1,24.54,48.38,100.75,14.332876438060392,14.773873880620885,True,False,0.20093756471777535
2026-06-21 07:15:00,AST_0033,SITE_B,SITE_B_B1,22.6,49.18,100.83,2.2960924145657797,0.3109814819288715,True,False,0.2857438221205351
2026-06-21 10:00:00,AST_0013,SITE_A,SITE_A_B2,17.72,50.22,101.22,8.243679814410175,26.66778881990048,True,False,0.2155981720131699
2026-06-21 10:30:00,AST_0065,SITE_C,SITE_C_B2,23.62,48.35,101.19,2.6501154740803265,0.1667581859618586,True,False,0.285883417704252
2026-06-21 11:15:00,AST_0022,SITE_A,SITE_A_B2,22.96,48.1,101.73,0.763,0.027,True,False,0.2525654261194552
2026-06-21 13:00:00,AST_0024,SITE_B,SITE_B_B1,18.54,45.94,101.3,10.807818259751256,25.31569542020973,True,False,0.19315323209071972
2026-06-21 14:15:00,AST_0066,SITE_C,SITE_C_B2,22.98,46.07,100.71,0.565,0.04,True,False,0.28768452046199855
2026-06-21 17:30:00,AST_0003,SITE_A,SITE_A_B1,18.06,60.84,102.13,1.808,6.321,True,False,0.14872240925692592
2026-06-21 22:15:00,AST_0007,SITE_A,SITE_A_B1,22.17,50.65,101.6,0.417,0.03,True,False,0.2564177365714643
2026-06-21 23:30:00,AST_0060,SITE_C,SITE_C_B2,25.19,47.66,101.05,16.588509074395937,13.295585096959002,True,False,0.17488909620337012
2026-06-22 04:45:00,AST_0026,SITE_B,SITE_B_B1,18.63,52.11,100.65,10.135174446673616,27.853124033629364,True,False,0.21613602435999513
2026-06-22 06:15:00,AST_0027,SITE_B,SITE_B_B1,25.7,47.37,101.12,15.238163975961877,11.790254445303304,True,False,0.18613015115966713
2026-06-22 06:45:00,AST_0042,SITE_B,SITE_B_B2,24.03,51.47,100.53,3.221609841582382,0.3515442839195939,True,False,0.29466483990959036
2026-06-22 08:00:00,AST_0055,SITE_C,SITE_C_B1,23.54,52.24,100.77,0.237,0.111,True,False,0.2003883747022911
2026-06-22 08:00:00,AST_0054,SITE_C,SITE_C_B1,22.22,48.39,101.21,0.254,0.111,True,False,0.21288638077718036
2026-06-22 08:00:00,AST_0035,SITE_B,SITE_B_B2,17.76,46.06,101.01,2.104,15.691,True,False,0.2280315872171469
2026-06-22 08:00:00,AST_0036,SITE_B,SITE_B_B2,19.01,50.16,100.88,1.943,17.605,True,False,0.23751555446652922
2026-06-22 08:00:00,AST_0037,SITE_B,SITE_B_B2,18.49,54.7,102.25,2.197,14.234,True,False,0.1705622943027183
2026-06-22 08:00:00,AST_0039,SITE_B,SITE_B_B2,25.56,46.63,101.2,2.619,9.015,True,False,0.23591152358398637
2026-06-22 08:00:00,AST_0041,SITE_B,SITE_B_B2,22.2,47.94,100.07,0.69,0.132,True,False,0.20925982569623297
2026-06-22 08:00:00,AST_0043,SITE_B,SITE_B_B2,24.135,47.95,101.0,0.623,0.118,True,False,0.24712809113108947
2026-06-22 08:00:00,AST_0034,SITE_B,SITE_B_B2,7.35,49.7,101.1,2.824,132.72,True,False,0.11883531118147206
2026-06-22 08:00:00,AST_0045,SITE_C,SITE_C_B1,7.21,49.3,100.64,2.538,123.824,True,False,0.12059110644472493
2026-06-22 08:00:00,AST_0050,SITE_C,SITE_C_B1,24.93,48.66,100.92,3.28,8.814,True,False,0.2674342205561954
2026-06-22 08:00:00,AST_0046,SITE_C,SITE_C_B1,17.75,45.82,101.34,2.212,18.162,True,False,0.217016885762854
2026-06-22 08:00:00,AST_0047,SITE_C,SITE_C_B1,18.36,46.56,101.55,2.191,16.81,True,False,0.21731736187530737
2026-06-22 08:00:00,AST_0048,SITE_C,SITE_C_B1,17.6,50.98,101.31,2.172,11.408,True,False,0.16562366932836925
2026-06-22 08:00:00,AST_0049,SITE_C,SITE_C_B1,24.49,51.54,101.73,2.988,8.787,True,False,0.21959554302898143
2026-06-22 08:00:00,AST_0038,SITE_B,SITE_B_B2,25.22,49.42,101.08500000000001,2.83,8.362,True,False,0.25827488372681023
2026-06-22 08:00:00,AST_0044,SITE_B,SITE_B_B2,23.81,46.39,101.39,0.0,0.118,True,False,0.2333108367155332
2026-06-22 08:00:00,AST_0026,SITE_B,SITE_B_B1,18.94,48.35,100.99,2.215,17.047,True,False,0.23702951344414586
2026-06-22 08:00:00,AST_0028,SITE_B,SITE_B_B1,25.53,46.67,100.89,3.068,8.601,True,False,0.263892389868852
2026-06-22 08:00:00,AST_0003,SITE_A,SITE_A_B1,17.19,49.35,101.1,2.085,14.117,True,False,0.16380467430108747
2026-06-22 08:00:00,AST_0004,SITE_A,SITE_A_B1,18.29,47.36,101.2,2.283,16.98,True,False,0.23630920726101012
2026-06-22 08:00:00,AST_0005,SITE_A,SITE_A_B1,25.73,44.08,101.67,3.141,8.892,True,False,0.2016221977808127
2026-06-22 08:00:00,AST_0006,SITE_A,SITE_A_B1,24.42,45.3,101.74,3.22,8.148,True,False,0.22305343085818968
2026-06-22 08:00:00,AST_0008,SITE_A,SITE_A_B1,22.85,46.24,101.45,0.663,0.117,True,False,0.23915762936343005
2026-06-22 08:00:00,AST_0009,SITE_A,SITE_A_B1,23.62,48.18,101.75,0.463,0.12,True,False,0.18441612784452677
2026-06-22 08:00:00,AST_0010,SITE_A,SITE_A_B1,22.59,45.09,101.2,0.241,0.109,True,False,0.23526371610708957
2026-06-22 08:00:00,AST_0011,SITE_A,SITE_A_B1,22.11,51.42,100.68,0.361,0.122,True,False,0.23797706715698574
2026-06-22 08:00:00,AST_0012,SITE_A,SITE_A_B2,6.05,47.39,101.64,3.033,146.104,True,False,0.09397748930319394
2026-06-22 08:00:00,AST_0031,SITE_B,SITE_B_B1,24.06,47.47,101.12,0.64,0.101,True,False,0.22449155364565326
2026-06-22 08:00:00,AST_0014,SITE_A,SITE_A_B2,17.86,45.68,101.83,1.785,12.6905,True,False,0.1723484604094303
2026-06-22 08:00:00,AST_0016,SITE_A,SITE_A_B2,23.52,43.6,101.47,3.455,8.356,True,False,0.19791023371865152
2026-06-22 08:00:00,AST_0017,SITE_A,SITE_A_B2,24.67,49.52,101.14,3.128,7.309,True,False,0.23923933265777136
2026-06-22 08:00:00,AST_0019,SITE_A,SITE_A_B2,23.43,49.26,101.92,0.283,0.118,True,False,0.20235794569258952
2026-06-22 08:00:00,AST_0021,SITE_A,SITE_A_B2,23.64,45.68,101.1,0.213,0.123,True,False,0.21751663916540842
2026-06-22 08:00:00,AST_0022,SITE_A,SITE_A_B2,23.12,48.8,101.16,0.204,0.129,True,False,0.21915213157113184
2026-06-22 08:00:00,AST_0023,SITE_B,SITE_B_B1,7.64,48.77,100.89,2.589,128.291,True,False,0.12205755666083073
2026-06-22 08:00:00,AST_0024,SITE_B,SITE_B_B1,18.08,53.21,101.16,2.461,18.01,True,False,0.22507367529438882
2026-06-22 08:00:00,AST_0025,SITE_B,SITE_B_B1,17.92,47.52,101.25,2.11,17.889,True,False,0.21201367856584735
2026-06-22 08:00:00,AST_0027,SITE_B,SITE_B_B1,24.83,53.33,101.1,3.146,7.981,True,False,0.25524392794439726
2026-06-22 08:00:00,AST_0015,SITE_A,SITE_A_B2,18.63,51.31,101.74,1.983,16.949,True,False,0.1955991368485419
2026-06-22 08:00:00,AST_0056,SITE_C,SITE_C_B2,7.12,45.5,101.4,3.033,148.505,True,False,0.10453541066525285
2026-06-22 08:00:00,AST_0002,SITE_A,SITE_A_B1,18.18,44.5,101.12,2.085,14.563,True,False,0.20706440630682232
2026-06-22 08:00:00,AST_0057,SITE_C,SITE_C_B2,18.7,51.99,101.66,2.151,16.73,True,False,0.2048115771120907
2026-06-22 08:00:00,AST_0058,SITE_C,SITE_C_B2,18.73,44.19,101.15,1.997,17.444,True,False,0.2208728814618489
2026-06-22 08:00:00,AST_0060,SITE_C,SITE_C_B2,24.94,50.49,101.24,3.871,9.783,True,False,0.26371609066666457
2026-06-22 08:00:00,AST_0065,SITE_C,SITE_C_B2,23.34,54.47,101.57,0.705,0.136,True,False,0.16708463291625986
2026-06-22 08:00:00,AST_0059,SITE_C,SITE_C_B2,19.0,50.19,101.28,2.189,16.639,True,False,0.2268447222707779
2026-06-22 08:00:00,AST_0061,SITE_C,SITE_C_B2,25.81,44.72,101.31,3.694,9.298,True,False,0.24657969649951317
2026-06-22 08:00:00,AST_0001,SITE_A,SITE_A_B1,6.69,47.825,100.95,2.896,145.028,True,False,0.10603646374484599
2026-06-22 08:15:00,AST_0016,SITE_A,SITE_A_B2,25.13,49.44,100.77,3.37,7.897,True,False,0.26208158307103496
2026-06-22 08:15:00,AST_0046,SITE_C,SITE_C_B1,17.07,39.66,100.97,2.393,16.861,True,False,0.19790215636626662
2026-06-22 08:15:00,AST_0043,SITE_B,SITE_B_B2,23.67,44.34,101.89,0.317,0.12,True,False,0.19292679227707749
2026-06-22 08:15:00,AST_0019,SITE_A,SITE_A_B2,24.63,47.71,101.43,0.353,0.121,True,False,0.23328882783982485
2026-06-22 08:15:00,AST_0020,SITE_A,SITE_A_B2,23.54,48.42,101.05,0.057,0.111,True,False,0.1694280837253329
2026-06-22 08:15:00,AST_0045,SITE_C,SITE_C_B1,7.51,47.8,101.54,2.544,133.237,True,False,0.10001954722158579
2026-06-22 08:15:00,AST_0021,SITE_A,SITE_A_B2,23.33,51.01,101.41,0.584,0.12,True,False,0.2401739749307069
2026-06-22 08:15:00,AST_0061,SITE_C,SITE_C_B2,25.55,46.89,101.08,3.645,10.323,True,False,0.2580757700188292
2026-06-22 08:15:00,AST_0015,SITE_A,SITE_A_B2,17.51,45.33,101.57,8.708967264057867,72.17023869749305,True,False,0.11725671260542125
2026-06-22 08:15:00,AST_0014,SITE_A,SITE_A_B2,16.61,50.29,100.92,1.655,18.132,True,False,0.18555390326258542
2026-06-22 08:15:00,AST_0023,SITE_B,SITE_B_B1,6.5,43.16,100.95,2.593,131.297,True,False,0.09907537598011762
2026-06-22 08:15:00,AST_0047,SITE_C,SITE_C_B1,17.71,47.46,101.29,2.236,17.98,True,False,0.20905748541749858
2026-06-22 08:15:00,AST_0017,SITE_A,SITE_A_B2,24.82,46.34,101.48,2.833,7.453,True,False,0.2459131568097136
2026-06-22 08:15:00,AST_0060,SITE_C,SITE_C_B2,26.75,43.58,101.47,3.459,9.767,True,False,0.23584780737000927
2026-06-22 08:15:00,AST_0025,SITE_B,SITE_B_B1,17.74,51.1,100.51,2.02,14.94,True,False,0.22748551313723753
2026-06-22 08:15:00,AST_0036,SITE_B,SITE_B_B2,18.24,45.56,101.61,2.332,18.773,True,False,0.153184173696424
2026-06-22 08:15:00,AST_0035,SITE_B,SITE_B_B2,17.81,50.83,100.72,1.655,15.643,True,False,0.2255484871210865
2026-06-22 08:15:00,AST_0034,SITE_B,SITE_B_B2,7.01,45.33,101.25,2.776,147.244,True,False,0.1074298052449485
2026-06-22 08:15:00,AST_0037,SITE_B,SITE_B_B2,18.3,49.63,101.52,1.728,16.623,True,False,0.1654936793761319
2026-06-22 08:15:00,AST_0059,SITE_C,SITE_C_B2,17.88,47.02,102.39,2.2325,16.944,True,False,0.1690582362141415
2026-06-22 08:15:00,AST_0032,SITE_B,SITE_B_B1,22.65,49.17,100.85,0.848,0.137,True,False,0.25626733487216047
2026-06-22 08:15:00,AST_0024,SITE_B,SITE_B_B1,18.62,51.02,100.92,2.243,18.129,True,False,0.23716693999647398
2026-06-22 08:15:00,AST_0038,SITE_B,SITE_B_B2,26.41,47.15,100.4,3.09,8.002,True,False,0.26483608266648606
2026-06-22 08:15:00,AST_0039,SITE_B,SITE_B_B2,25.23,41.93,101.53,2.905,8.474,True,False,0.20279735335938148
2026-06-22 08:15:00,AST_0028,SITE_B,SITE_B_B1,25.46,48.7,101.41,3.0,7.834,True,False,0.2506685276611141
2026-06-22 08:15:00,AST_0056,SITE_C,SITE_C_B2,7.02,49.33,100.98,2.71,145.879,True,False,0.10687319134047657
2026-06-22 08:15:00,AST_0027,SITE_B,SITE_B_B1,25.91,51.48,101.32,2.954,8.321,True,False,0.2513817970916475
2026-06-22 08:15:00,AST_0041,SITE_B,SITE_B_B2,22.59,48.98,100.98,0.524,0.12,True,False,0.17886775601327276
2026-06-22 08:15:00,AST_0048,SITE_C,SITE_C_B1,17.12,49.92,101.28,1.97,16.409,True,False,0.20414836660148394
2026-06-22 08:15:00,AST_0058,SITE_C,SITE_C_B2,17.79,49.07,101.66,2.176,16.58,True,False,0.19721453168956465
2026-06-22 08:15:00,AST_0063,SITE_C,SITE_C_B2,23.81,50.46,101.33,0.297,0.111,True,False,0.23564097606823353
2026-06-22 08:15:00,AST_0002,SITE_A,SITE_A_B1,19.3,46.64,101.21,2.211,15.44,True,False,0.23015893376417162
2026-06-22 08:15:00,AST_0005,SITE_A,SITE_A_B1,24.54,49.06,100.98,3.036,8.391,True,False,0.2695706077235019
2026-06-22 08:15:00,AST_0050,SITE_C,SITE_C_B1,24.68,45.63,101.49,3.235,8.967,True,False,0.25004600992086445
2026-06-22 08:15:00,AST_0010,SITE_A,SITE_A_B1,24.22,44.55,101.08,0.502,0.128,True,False,0.24390835431997343
2026-06-22 08:15:00,AST_0003,SITE_A,SITE_A_B1,17.7,47.295,101.31,2.106,14.529,True,False,0.18860958865690225
2026-06-22 08:15:00,AST_0054,SITE_C,SITE_C_B1,23.32,51.53,101.05,0.681,0.126,True,False,0.19228405317354857
2026-06-22 08:15:00,AST_0053,SITE_C,SITE_C_B1,23.97,51.77,101.01,0.413,0.13,True,False,0.24988881226044551
2026-06-22 08:15:00,AST_0066,SITE_C,SITE_C_B2,24.13,47.42,101.28,0.138,0.11,True,False,0.24206077699856948
2026-06-22 08:15:00,AST_0009,SITE_A,SITE_A_B1,23.71,45.08,100.33,0.34,0.125,True,False,0.24403114549924304
2026-06-22 08:15:00,AST_0001,SITE_A,SITE_A_B1,6.46,46.46,101.95,3.147,142.093,True,False,0.0848547329975694
2026-06-22 08:15:00,AST_0064,SITE_C,SITE_C_B2,22.89,50.24,101.08,0.0,0.13,True,False,0.15281648513701362
2026-06-22 08:15:00,AST_0004,SITE_A,SITE_A_B1,16.35,56.17,100.89,2.106,16.032,True,False,0.1438743455979411
2026-06-22 08:15:00,AST_0006,SITE_A,SITE_A_B1,25.04,53.72,100.92,3.355,7.756,True,False,0.17821257684218805
2026-06-22 08:15:00,AST_0049,SITE_C,SITE_C_B1,24.69,46.24,100.82,3.092,8.812,True,False,0.26751580783127804
2026-06-22 08:15:00,AST_0057,SITE_C,SITE_C_B2,18.93,47.01,100.41,2.149,17.13,True,False,0.23177316350771915
2026-06-22 08:15:00,AST_0012,SITE_A,SITE_A_B2,8.51,44.42,101.07,2.96,139.307,True,False,0.0937451296180617
2026-06-22 08:15:00,AST_0065,SITE_C,SITE_C_B2,23.94,40.67,101.33,0.793,0.176,True,False,0.22830871490503202
2026-06-22 08:30:00,AST_0001,SITE_A,SITE_A_B1,7.34,48.58,101.14,2.976,140.34,True,False,0.09597300133293762
2026-06-22 08:30:00,AST_0052,SITE_C,SITE_C_B1,21.26,44.04,101.77,0.526,0.121,True,False,0.19563989432669454
2026-06-22 08:30:00,AST_0039,SITE_B,SITE_B_B2,24.64,48.41,101.29,2.976,8.768,True,False,0.22516882812022565
2026-06-22 08:30:00,AST_0004,SITE_A,SITE_A_B1,17.66,46.61,101.11,2.289,17.279,True,False,0.2268352103038656
2026-06-22 08:30:00,AST_0053,SITE_C,SITE_C_B1,22.43,48.33,101.5,0.838,0.135,True,False,0.24431913307060366
2026-06-22 08:30:00,AST_0028,SITE_B,SITE_B_B1,25.52,46.14,101.72,3.0355,7.504,True,False,0.21931103115105438
2026-06-22 08:30:00,AST_0005,SITE_A,SITE_A_B1,24.99,50.46,101.31,3.083,9.038,True,False,0.25202689205183276
2026-06-22 08:30:00,AST_0038,SITE_B,SITE_B_B2,23.31,53.49,101.8,2.908,8.458,True,False,0.21829592313280088
2026-06-22 08:30:00,AST_0003,SITE_A,SITE_A_B1,17.76,45.24,101.53,1.875,14.51,True,False,0.2059747383611749
2026-06-22 08:30:00,AST_0041,SITE_B,SITE_B_B2,22.89,47.36,101.13,0.464,0.127,True,False,0.24064569126036606
2026-06-22 08:30:00,AST_0031,SITE_B,SITE_B_B1,23.99,47.91,100.71,0.46,0.125,True,False,0.2473402570894878
2026-06-22 08:30:00,AST_0037,SITE_B,SITE_B_B2,18.1,50.95,101.52,1.97,15.884,True,False,0.20987167369435217
2026-06-22 08:30:00,AST_0054,SITE_C,SITE_C_B1,23.2,50.13,101.26,0.373,0.131,True,False,0.24204051102321023
2026-06-22 08:30:00,AST_0055,SITE_C,SITE_C_B1,24.45,48.66,100.1,0.149,0.124,True,False,0.21396703057709376
2026-06-22 08:30:00,AST_0034,SITE_B,SITE_B_B2,7.19,47.25,100.96,3.013,134.356,True,False,0.12596275958659242
2026-06-22 08:30:00,AST_0036,SITE_B,SITE_B_B2,18.44,45.56,100.55,2.222,18.018,True,False,0.2341139967889334
2026-06-22 08:30:00,AST_0002,SITE_A,SITE_A_B1,17.97,49.82,101.2,2.297,14.323,True,False,0.233213673964497
2026-06-22 08:30:00,AST_0035,SITE_B,SITE_B_B2,18.06,47.71,101.67,2.121,16.195,True,False,0.2044810953996991
2026-06-22 08:30:00,AST_0059,SITE_C,SITE_C_B2,19.33,50.26,101.12,2.276,17.795,True,False,0.24072364232051507
2026-06-22 08:30:00,AST_0058,SITE_C,SITE_C_B2,17.69,52.76,100.65,2.079,15.397,True,False,0.20491470545656648
2026-06-22 08:30:00,AST_0056,SITE_C,SITE_C_B2,7.13,53.68,101.23,3.281,140.323,True,False,0.06514936492701284
2026-06-22 08:30:00,AST_0025,SITE_B,SITE_B_B1,18.55,49.22,101.4,2.177,16.701,True,False,0.22050492331288124
2026-06-22 08:30:00,AST_0048,SITE_C,SITE_C_B1,18.72,45.33,100.94,1.967,16.477,True,False,0.2293009412824421
2026-06-22 08:30:00,AST_0057,SITE_C,SITE_C_B2,17.93,48.78,100.55,2.456,17.241,True,False,0.2368508124002815
2026-06-22 08:30:00,AST_0049,SITE_C,SITE_C_B1,24.95,41.31,101.12,3.025,8.4415,True,False,0.19925369687131772
2026-06-22 08:30:00,AST_0014,SITE_A,SITE_A_B2,18.31,45.04,100.8,1.98,16.77,True,False,0.22158026706841366
2026-06-22 08:30:00,AST_0047,SITE_C,SITE_C_B1,18.33,56.3,101.62,2.12,16.304,True,False,0.18876463291676354
2026-06-22 08:30:00,AST_0016,SITE_A,SITE_A_B2,25.49,46.23,101.21,3.462,8.495,True,False,0.26013156652301034
2026-06-22 08:30:00,AST_0046,SITE_C,SITE_C_B1,17.97,49.12,101.02,2.574,17.246,True,False,0.21539828931314442
2026-06-22 08:30:00,AST_0050,SITE_C,SITE_C_B1,25.17,51.22,101.59,3.184,9.782,True,False,0.23528293118195814
2026-06-22 08:30:00,AST_0045,SITE_C,SITE_C_B1,7.23,47.46,100.82,2.723,118.538,True,False,0.12493755491471037
2026-06-22 08:30:00,AST_0017,SITE_A,SITE_A_B2,25.045,54.75,100.93,2.849,8.339,True,False,0.24908426966439745
2026-06-22 08:30:00,AST_0012,SITE_A,SITE_A_B2,8.21,45.52,101.11,2.997,144.041,True,False,0.07088630960259645
2026-06-22 08:30:00,AST_0006,SITE_A,SITE_A_B1,24.98,49.75,101.2,3.2785,8.507,True,False,0.26694349984155324
2026-06-22 08:30:00,AST_0061,SITE_C,SITE_C_B2,25.08,49.89,101.22,3.646,9.366,True,False,0.2575394161460175
2026-06-22 08:30:00,AST_0008,SITE_A,SITE_A_B1,22.86,52.58,101.45,0.758,0.116,True,False,0.2080665122420502
2026-06-22 08:30:00,AST_0021,SITE_A,SITE_A_B2,22.43,52.98,101.1,0.459,0.142,True,False,0.2423725246056026
2026-06-22 08:30:00,AST_0023,SITE_B,SITE_B_B1,6.91,49.1,100.95,2.756,122.486,True,False,0.11549482387005461
2026-06-22 08:45:00,AST_0028,SITE_B,SITE_B_B1,26.08,45.55,101.41,3.071,8.927,True,False,0.24226848127416883
2026-06-22 08:45:00,AST_0001,SITE_A,SITE_A_B1,7.85,44.38,101.1,2.86,142.42,True,False,0.09479196665218437
2026-06-22 08:45:00,AST_0002,SITE_A,SITE_A_B1,18.02,51.73,101.08,2.033,16.073,True,False,0.22305491998006188
2026-06-22 08:45:00,AST_0034,SITE_B,SITE_B_B2,7.56,54.02,100.89,2.83,133.706,True,False,0.11351871009148562
2026-06-22 08:45:00,AST_0006,SITE_A,SITE_A_B1,26.34,49.25,101.14,3.202,8.637,True,False,0.24693384921462508
2026-06-22 08:45:00,AST_0011,SITE_A,SITE_A_B1,23.49,51.13,100.79,0.052,0.124,True,False,0.24368841972149397
2026-06-22 08:45:00,AST_0016,SITE_A,SITE_A_B2,25.9,44.23,100.93,3.108,9.34,True,False,0.2501610126629067
2026-06-22 08:45:00,AST_0035,SITE_B,SITE_B_B2,18.16,50.1,101.41,2.422,15.827,True,False,0.13483674105019927
2026-06-22 08:45:00,AST_0025,SITE_B,SITE_B_B1,17.53,50.769999999999996,101.23,1.86,15.403,True,False,0.21813666449516073
2026-06-22 08:45:00,AST_0017,SITE_A,SITE_A_B2,25.27,48.13,102.01,2.865,8.401,True,False,0.21458678910224044
2026-06-22 08:45:00,AST_0061,SITE_C,SITE_C_B2,26.25,51.4,101.0,3.513,9.382,True,False,0.259846161834974
2026-06-22 08:45:00,AST_0003,SITE_A,SITE_A_B1,17.67,51.13,101.01,1.845,14.933,True,False,0.22462995223689491
2026-06-22 08:45:00,AST_0014,SITE_A,SITE_A_B2,16.95,51.92,100.98,2.109,16.795,True,False,0.1998522180316113
2026-06-22 08:45:00,AST_0012,SITE_A,SITE_A_B2,7.08,49.68,101.14,2.959,156.294,True,False,0.11221753568613257
2026-06-22 08:45:00,AST_0059,SITE_C,SITE_C_B2,18.61,51.16,101.44,2.278,18.503,True,False,0.22608018929767837
2026-06-22 08:45:00,AST_0039,SITE_B,SITE_B_B2,25.67,51.52,101.27,2.884,8.343,True,False,0.2567712951936801
2026-06-22 08:45:00,AST_0048,SITE_C,SITE_C_B1,18.99,48.67,101.57,2.106,17.078,True,False,0.2217010581454627
2026-06-22 08:45:00,AST_0050,SITE_C,SITE_C_B1,24.35,43.73,101.62,3.375,8.82,True,False,0.2303037198670611
2026-06-22 08:45:00,AST_0047,SITE_C,SITE_C_B1,18.25,52.54,100.89,2.08,16.626,True,False,0.19230832587225544
2026-06-22 08:45:00,AST_0057,SITE_C,SITE_C_B2,18.22,46.91,100.85,2.263,17.295,True,False,0.23870549291605075
2026-06-22 08:45:00,AST_0046,SITE_C,SITE_C_B1,17.89,45.67,101.57,2.151,16.502,True,False,0.18193260173138032
2026-06-22 08:45:00,AST_0058,SITE_C,SITE_C_B2,18.11,48.24,101.52,2.125,15.138,True,False,0.21547871625373344
2026-06-22 08:45:00,AST_0037,SITE_B,SITE_B_B2,17.72,52.62,101.73,1.87,14.689,True,False,0.18279073798121098
2026-06-22 08:45:00,AST_0036,SITE_B,SITE_B_B2,18.73,51.1,101.33,2.306,16.629,True,False,0.19211069359380456
2026-06-22 08:45:00,AST_0056,SITE_C,SITE_C_B2,6.92,50.6,101.34,2.832,149.7,True,False,0.10928700536962654
2026-06-22 08:45:00,AST_0049,SITE_C,SITE_C_B1,24.46,49.76,101.69,3.411,8.071,True,False,0.23607104638892823
2026-06-22 08:45:00,AST_0038,SITE_B,SITE_B_B2,24.48,44.75,101.17,3.017,7.729,True,False,0.2527929868950115
2026-06-22 09:00:00,AST_0038,SITE_B,SITE_B_B2,25.66,48.69,101.49,2.841,9.024,True,False,0.20200235733064953
2026-06-22 09:00:00,AST_0012,SITE_A,SITE_A_B2,7.68,45.83,101.17,3.177,168.292,True,False,0.0943871810356991
2026-06-22 09:00:00,AST_0028,SITE_B,SITE_B_B1,26.11,51.09,101.76,2.758,8.589,True,False,0.22031960782423338
2026-06-22 09:00:00,AST_0048,SITE_C,SITE_C_B1,18.24,47.08,101.05,1.896,19.16,True,False,0.22616492367753266
2026-06-22 09:00:00,AST_0016,SITE_A,SITE_A_B2,25.04,45.45,101.38,3.374,10.328,True,False,0.2448366710404239
2026-06-22 09:00:00,AST_0014,SITE_A,SITE_A_B2,18.31,46.67,100.82,2.283,17.078,True,False,0.2391044674528771
2026-06-22 09:00:00,AST_0046,SITE_C,SITE_C_B1,18.53,44.95,101.28,1.982,19.032,True,False,0.1766755821530711
2026-06-22 09:00:00,AST_0025,SITE_B,SITE_B_B1,17.46,52.32,101.06,1.993,17.073,True,False,0.16746039240759336
2026-06-22 09:00:00,AST_0057,SITE_C,SITE_C_B2,18.51,52.36,100.7,2.398,19.257,True,False,0.1716355013765214
2026-06-22 09:00:00,AST_0017,SITE_A,SITE_A_B2,25.25,50.47,100.88,3.331,9.478,True,False,0.26458056599426755
2026-06-22 09:00:00,AST_0045,SITE_C,SITE_C_B1,8.25,47.85,101.65,2.338,141.199,True,False,0.10328698109579149
2026-06-22 09:00:00,AST_0061,SITE_C,SITE_C_B2,25.6,47.41,100.91,3.579,10.939,True,False,0.263144530476853
2026-06-22 09:00:00,AST_0043,SITE_B,SITE_B_B2,23.26,43.72,102.02,0.283,0.133,True,False,0.19051169098927861
2026-06-22 09:00:00,AST_0047,SITE_C,SITE_C_B1,19.26,47.91,101.5,2.027,17.153,True,False,0.22468869822271903
2026-06-22 09:00:00,AST_0023,SITE_B,SITE_B_B1,6.95,45.29,101.5,2.643,134.119,True,False,0.10185755351447956
2026-06-22 09:00:00,AST_0049,SITE_C,SITE_C_B1,24.78,48.1,101.93,3.413,8.935,True,False,0.21925475784439907
2026-06-22 09:00:00,AST_0050,SITE_C,SITE_C_B1,25.25,50.45,101.54,3.131,9.567,True,False,0.2220065077279999
2026-06-22 09:00:00,AST_0003,SITE_A,SITE_A_B1,18.78,50.4,100.5,1.754,16.521,True,False,0.2354368997492413
2026-06-22 09:00:00,AST_0058,SITE_C,SITE_C_B2,17.47,48.1,101.5,1.959,18.856,True,False,0.20386969746554878
2026-06-22 09:00:00,AST_0035,SITE_B,SITE_B_B2,18.2,54.03,100.93,1.89,17.616,True,False,0.21716317528683665
2026-06-22 09:00:00,AST_0034,SITE_B,SITE_B_B2,5.99,50.85,101.0,2.978,156.007,True,False,0.10902603246440412
2026-06-22 09:00:00,AST_0036,SITE_B,SITE_B_B2,18.4,51.12,101.31,2.08,21.024,True,False,0.21818350215752286
2026-06-22 09:00:00,AST_0004,SITE_A,SITE_A_B1,18.25,44.36,101.39,2.252,18.728,True,False,0.1895599554734626
2026-06-22 09:00:00,AST_0056,SITE_C,SITE_C_B2,7.06,47.23,101.0,2.947,153.185,True,False,0.11767947504303844
2026-06-22 09:00:00,AST_0002,SITE_A,SITE_A_B1,18.29,48.13,100.87,2.2,16.764,True,False,0.238252353818659
2026-06-22 09:00:00,AST_0032,SITE_B,SITE_B_B1,23.27,51.2,101.66,0.58,0.158,True,False,0.2224553407739619
2026-06-22 09:00:00,AST_0037,SITE_B,SITE_B_B2,17.8,48.66,101.17,1.944,17.412,True,False,0.2212841636003961
2026-06-22 09:00:00,AST_0005,SITE_A,SITE_A_B1,24.6,47.52,101.42,2.896,9.039,True,False,0.2563854553963555
2026-06-22 09:00:00,AST_0006,SITE_A,SITE_A_B1,25.84,49.84,101.36,3.012,9.362,True,False,0.25634699343550166
2026-06-22 09:00:00,AST_0008,SITE_A,SITE_A_B1,22.24,44.35,101.0,0.425,0.129,True,False,0.23644166254505478
2026-06-22 09:00:00,AST_0001,SITE_A,SITE_A_B1,7.61,44.57,101.45,2.87,151.257,True,False,0.1058375161506584
2026-06-22 09:15:00,AST_0043,SITE_B,SITE_B_B2,24.13,51.08,101.04,0.401,0.147,True,False,0.17556312697493337
2026-06-22 09:15:00,AST_0057,SITE_C,SITE_C_B2,17.98,53.16,101.15,2.454,19.258,True,False,0.2110782625351562
2026-06-22 09:15:00,AST_0061,SITE_C,SITE_C_B2,24.77,46.43,101.34,3.573,10.866,True,False,0.24150226201511388
2026-06-22 09:15:00,AST_0002,SITE_A,SITE_A_B1,18.34,47.09,101.87,2.041,17.138,True,False,0.1900269399960584
2026-06-22 09:15:00,AST_0003,SITE_A,SITE_A_B1,18.27,42.8,101.15,1.814,15.815,True,False,0.19962718341565905
2026-06-22 09:15:00,AST_0062,SITE_C,SITE_C_B2,22.09,46.65,101.65,1.582988823257905,0.0495767579886606,True,False,0.20040231506427453
2026-06-22 09:15:00,AST_0016,SITE_A,SITE_A_B2,25.71,46.6,101.37,3.317,10.193,True,False,0.18843572122606705
2026-06-22 09:15:00,AST_0049,SITE_C,SITE_C_B1,24.55,50.94,101.04,3.287,9.659,True,False,0.2677944529422155
2026-06-22 09:15:00,AST_0004,SITE_A,SITE_A_B1,18.66,45.01,101.36,2.169,18.319,True,False,0.21152233531707948
2026-06-22 09:15:00,AST_0047,SITE_C,SITE_C_B1,18.03,47.14,100.83,2.032,17.953,True,False,0.25811213320880877
2026-06-22 09:15:00,AST_0012,SITE_A,SITE_A_B2,6.92,46.09,101.32,2.816,161.151,True,False,0.09722370629529153
2026-06-22 09:15:00,AST_0056,SITE_C,SITE_C_B2,7.02,46.93,100.76,2.982,161.637,True,False,0.11569002018177865
2026-06-22 09:15:00,AST_0023,SITE_B,SITE_B_B1,7.69,46.83,101.34,2.936,138.594,True,False,0.10219806499353823
2026-06-22 09:15:00,AST_0035,SITE_B,SITE_B_B2,18.44,45.91,101.33,2.032,17.799,True,False,0.22037521657210996
2026-06-22 09:15:00,AST_0039,SITE_B,SITE_B_B2,24.29,48.39,101.19,2.97,9.576,True,False,0.26394042652772054
2026-06-22 09:15:00,AST_0038,SITE_B,SITE_B_B2,25.47,49.09,102.39,3.24,8.958,True,False,0.17241122199358527
2026-06-22 09:15:00,AST_0037,SITE_B,SITE_B_B2,19.07,46.92,101.8,1.825,17.431,True,False,0.19041456888099156
2026-06-22 09:15:00,AST_0028,SITE_B,SITE_B_B1,23.89,49.12,100.86,2.994,9.229,True,False,0.2614247552722188
2026-06-22 09:15:00,AST_0034,SITE_B,SITE_B_B2,6.75,48.23,100.83,2.949,153.224,True,False,0.09958210867886397
2026-06-22 09:15:00,AST_0025,SITE_B,SITE_B_B1,18.86,48.77,101.4,1.768,17.514,True,False,0.2204655429230375
2026-06-22 09:15:00,AST_0058,SITE_C,SITE_C_B2,18.84,47.97,100.83,2.198,18.015,True,False,0.2383775655865243
2026-06-22 09:15:00,AST_0059,SITE_C,SITE_C_B2,17.45,51.25,101.58,2.221,18.663,True,False,0.20535767147840128
2026-06-22 09:30:00,AST_0066,SITE_C,SITE_C_B2,22.33,46.3,101.62,0.074,0.142,True,False,0.216793635209432
2026-06-22 09:30:00,AST_0031,SITE_B,SITE_B_B1,22.65,46.6,101.93,0.513,0.147,True,False,0.16616947222730039
2026-06-22 09:30:00,AST_0059,SITE_C,SITE_C_B2,19.09,49.94,101.18,2.066,19.644,True,False,0.23494010195750137
2026-06-22 09:30:00,AST_0002,SITE_A,SITE_A_B1,18.41,48.4,101.2,1.809,19.059,True,False,0.21683192360440184
2026-06-22 09:30:00,AST_0057,SITE_C,SITE_C_B2,17.31,49.18,101.01,2.424,20.165,True,False,0.14246080193846544
2026-06-22 09:30:00,AST_0003,SITE_A,SITE_A_B1,18.24,50.72,101.83,1.935,17.038,True,False,0.1921150068787495
2026-06-22 09:30:00,AST_0035,SITE_B,SITE_B_B2,18.41,44.54,101.03,2.156,19.915,True,False,0.22753681842215118
2026-06-22 09:30:00,AST_0058,SITE_C,SITE_C_B2,18.66,51.15,100.9,2.361,19.508,True,False,0.23715239323237158
2026-06-22 09:45:00,AST_0044,SITE_B,SITE_B_B2,23.83,47.09,101.82,1.8712647431483225,0.4822466458896993,True,False,0.22199722883053902
2026-06-22 10:00:00,AST_0055,SITE_C,SITE_C_B1,23.37,49.45,101.16,0.34850000000000003,0.158,True,False,0.24982228978241322
2026-06-22 10:15:00,AST_0009,SITE_A,SITE_A_B1,22.87,50.34,101.47,0.431,0.167,True,False,0.23123629705968468
2026-06-22 12:00:00,AST_0042,SITE_B,SITE_B_B2,22.23,48.46,101.11,1.3857474043855145,0.7797071938216633,True,False,0.25096987713350644
2026-06-22 12:15:00,AST_0022,SITE_A,SITE_A_B2,23.29,52.8,101.73,2.7057476691468985,0.6670327438474346,True,False,0.2320729193343809
2026-06-22 16:00:00,AST_0011,SITE_A,SITE_A_B1,23.24,50.15,101.38,1.5728738787003465,0.6760466998453729,True,False,0.25387503561412217
2026-06-22 17:45:00,AST_0008,SITE_A,SITE_A_B1,23.39,42.55,100.91,4.491035383555974,0.5768931838680516,True,False,0.24854451586467669
2026-06-22 20:30:00,AST_0025,SITE_B,SITE_B_B1,17.9,48.91,101.45,9.887358305013432,17.834111941920938,True,False,0.19589286478525858
2026-06-22 22:15:00,AST_0051,SITE_C,SITE_C_B1,22.38,48.18,100.8,4.551725050901324,0.0,True,False,0.2846087233001711
2026-06-22 22:45:00,AST_0015,SITE_A,SITE_A_B2,17.42,50.1,101.16,8.769656931403219,27.907207769617,True,False,0.20810801199627954
2026-06-23 00:00:00,AST_0030,SITE_B,SITE_B_B1,20.37,45.98,100.52,0.771,0.027,True,False,0.26762898106612054
2026-06-23 00:30:00,AST_0051,SITE_C,SITE_C_B1,22.55,50.51,100.92,4.910805582694651,0.0585907139865989,True,False,0.28454054561686043
2026-06-23 02:15:00,AST_0053,SITE_C,SITE_C_B1,23.18,55.24,101.57,3.995403100235607,0.2568977459412417,True,False,0.25651158245950884
2026-06-23 07:15:00,AST_0023,SITE_B,SITE_B_B1,7.16,48.25,101.62,13.690577458655428,246.85169198153943,True,False,0.04189293252777071
2026-06-23 08:15:00,AST_0065,SITE_C,SITE_C_B2,24.89,50.94,100.64,4.389885937980388,0.6805536778443421,True,False,0.260210179141957
2026-06-23 09:30:00,AST_0018,SITE_A,SITE_A_B2,22.23,49.14,101.58,0.033,0.029,True,False,0.21844366679102584
2026-06-23 11:45:00,AST_0048,SITE_C,SITE_C_B1,18.68,49.68,101.51,10.666209035945435,95.05216599825944,True,False,0.13683813187829064
2026-06-23 15:30:00,AST_0047,SITE_C,SITE_C_B1,19.17,51.34,101.46,11.460232183713778,104.80075941002973,True,False,0.1146527857109696
2026-06-23 16:45:00,AST_0032,SITE_B,SITE_B_B1,24.02,51.25,101.17,5.097932057009484,0.8698467538010465,True,False,0.26599451569317434
2026-06-23 17:00:00,AST_0040,SITE_B,SITE_B_B2,21.29,49.17,101.29,0.067,0.022,True,False,0.17780520649139375
2026-06-23 17:15:00,AST_0045,SITE_C,SITE_C_B1,7.24,49.8,101.44,14.00414073993974,743.9308024658463,True,True,-0.016114829839786737
2026-06-23 21:30:00,AST_0007,SITE_A,SITE_A_B1,22.17,51.68,100.99,1.1278163181677725,0.0450697799896915,True,False,0.28173885061773474
2026-06-23 22:00:00,AST_0004,SITE_A,SITE_A_B1,17.56,52.86,101.58,12.825749698984175,23.57149493460867,True,False,0.1541267159127102
2026-06-23 23:45:00,AST_0027,SITE_B,SITE_B_B1,24.78,47.94,101.46,16.65425621402007,10.307458683642452,True,False,0.16537650257207925
2026-06-24 00:00:00,AST_0009,SITE_A,SITE_A_B1,24.21,52.85,100.91,4.496092855834752,0.2208419219494884,True,False,0.28261855809932995
2026-06-24 00:30:00,AST_0062,SITE_C,SITE_C_B2,21.82,52.25,101.49,0.339,0.026,True,False,0.2585058123603297
2026-06-24 03:00:00,AST_0043,SITE_B,SITE_B_B2,24.45,51.53,100.46,4.814713609397845,0.2118279659515501,True,False,0.28633384538970574
2026-06-24 03:45:00,AST_0041,SITE_B,SITE_B_B2,22.68,56.17,101.21,3.16597764651581,0.0811256039814447,True,False,0.2576296340435908
2026-06-24 04:15:00,AST_0027,SITE_B,SITE_B_B1,25.13,50.3,101.23,15.789428454348815,11.01054725148164,True,False,0.17976155340933153
2026-06-24 05:00:00,AST_0009,SITE_A,SITE_A_B1,23.51,48.43,101.55,4.794483720282728,0.2163349439505193,True,False,0.26064329813671766
2026-06-24 05:00:00,AST_0013,SITE_A,SITE_A_B2,18.83,50.26,101.07,11.409657460925985,22.102220106944724,True,False,0.19987800654468552
2026-06-24 07:30:00,AST_0005,SITE_A,SITE_A_B1,28.16,55.7,101.63,3.023,2.482,True,False,0.2233827922558863
2026-06-24 07:30:00,AST_0063,SITE_C,SITE_C_B2,23.13,56.43,100.49,6.094254095928996,0.2523907679422725,True,False,0.26572100198309306
2026-06-24 14:30:00,AST_0021,SITE_A,SITE_A_B2,23.89,50.69,101.53,4.298851436962361,0.8382979078082624,True,False,0.24502700917525233
2026-06-24 14:45:00,AST_0021,SITE_A,SITE_A_B2,23.34,47.03,102.17,2.551925718481181,0.176,True,False,0.2128369640791058
2026-06-24 16:00:00,AST_0060,SITE_C,SITE_C_B2,26.05,49.45,101.17,21.524602018484487,70.50716381587343,True,False,0.09445019697010326
2026-06-24 16:15:00,AST_0060,SITE_C,SITE_C_B2,25.31,55.35,100.22,12.803301009242244,15.2,True,False,0.18617721136541493
2026-06-24 17:15:00,AST_0060,SITE_C,SITE_C_B2,25.18,50.75,102.46,4.307,14.527,True,False,0.16183339230593186
2026-06-24 18:15:00,AST_0010,SITE_A,SITE_A_B1,23.29,47.31,101.2,1.1480462072828896,0.4191489539041312,True,False,0.21283421081196796
2026-06-24 19:00:00,AST_0036,SITE_B,SITE_B_B2,17.94,49.27,101.0,14.297474132108936,108.06831845928237,True,False,0.10998407391283704
2026-06-24 20:00:00,AST_0049,SITE_C,SITE_C_B1,24.87,54.84,101.37,17.053796524043626,10.37506335362699,True,False,0.15738128484417302
2026-06-24 21:45:00,AST_0025,SITE_B,SITE_B_B1,18.9,47.65,100.81,11.11126659647801,31.46321341080365,True,False,0.20126239132497853
2026-06-24 23:15:00,AST_0014,SITE_A,SITE_A_B2,18.66,51.74,101.48,12.709427836572251,25.405834980189116,True,False,0.17024073259934225
2026-06-25 00:00:00,AST_0057,SITE_C,SITE_C_B2,17.97,50.47,100.95,15.743911203839804,43.31205857009356,True,False,0.14651308177077127
2026-06-25 01:00:00,AST_0031,SITE_B,SITE_B_B1,23.43,49.04,100.87,5.355863143227225,0.1983070319546427,True,False,0.28541326161965863
2026-06-25 01:15:00,AST_0062,SITE_C,SITE_C_B2,22.08,53.39,101.79,0.397,0.027,True,False,0.23225379367026405
2026-06-25 01:15:00,AST_0051,SITE_C,SITE_C_B1,23.4,55.09,100.88,1.532,0.025,True,False,0.2864779484429261
2026-06-25 02:00:00,AST_0007,SITE_A,SITE_A_B1,22.82,55.12,100.82,0.353,0.032,True,False,0.2668440214455494
2026-06-25 04:30:00,AST_0005,SITE_A,SITE_A_B1,25.43,53.97,100.86,17.23586552607968,15.950195138351832,True,False,0.17014417360678302
2026-06-25 06:15:00,AST_0050,SITE_C,SITE_C_B1,25.45,54.06,101.11,19.370118827724525,17.676367711957017,True,False,0.1444955283749776
2026-06-25 09:15:00,AST_0011,SITE_A,SITE_A_B1,23.35,52.5,100.65,3.16597764651581,0.6129490078598048,True,False,0.2656203141957547
2026-06-25 09:45:00,AST_0015,SITE_A,SITE_A_B2,18.7,53.85,100.76,11.197243625217258,91.52770920306556,True,False,0.1395146035917204
2026-06-25 11:15:00,AST_0057,SITE_C,SITE_C_B2,18.97,53.88,100.44,15.95126756726975,128.0026821487229,True,False,0.09258989323269518
2026-06-25 12:30:00,AST_0012,SITE_A,SITE_A_B2,8.07,56.26,99.48,4.007,254.179,True,False,0.07153072661167581
2026-06-25 15:00:00,AST_0046,SITE_C,SITE_C_B1,18.36,54.29,101.0,12.41103697212428,122.47712712198673,True,False,0.1176567771117375
2026-06-25 15:45:00,AST_0036,SITE_B,SITE_B_B2,19.22,49.5,101.31,14.439083355914756,135.58341914298902,True,False,0.09710152056753418
2026-06-25 18:45:00,AST_0057,SITE_C,SITE_C_B2,19.61,53.25,99.36,3.346,28.266,True,False,0.20072209803061913
2026-06-25 19:00:00,AST_0041,SITE_B,SITE_B_B2,24.36,53.59,100.69,5.603679284887408,0.7752002158226942,True,False,0.2458809704592232
2026-06-25 21:30:00,AST_0039,SITE_B,SITE_B_B2,24.62,58.28,100.93,16.78069302098955,16.793000024159063,True,False,0.14802541376253753
2026-06-25 21:45:00,AST_0052,SITE_C,SITE_C_B1,23.79,54.38,99.5,0.875,0.018,True,False,0.2547342531735465
2026-06-26 02:00:00,AST_0050,SITE_C,SITE_C_B1,25.34,52.53,101.38,18.136095591702382,18.501144685768374,True,False,0.1473351059369593
2026-06-26 05:15:00,AST_0012,SITE_A,SITE_A_B2,9.35,53.38,101.12,20.953107650982428,298.4205342457445,True,False,0.026538545000962976
2026-06-26 06:30:00,AST_0035,SITE_B,SITE_B_B2,18.77,51.02,100.81,12.375634666172823,34.2169769681738,True,False,0.20119204088349135
2026-06-26 09:00:00,AST_0008,SITE_A,SITE_A_B1,24.11,55.6,100.87,10.211036530855305,0.8968886217948614,True,False,0.20497820393020305
2026-06-26 09:15:00,AST_0017,SITE_A,SITE_A_B2,24.71,54.7,100.38,16.365980294129653,43.8754308199647,True,False,0.13246697619170267
2026-06-26 09:30:00,AST_0009,SITE_A,SITE_A_B1,23.84,51.17,101.24,7.308047442836015,0.7752002158226942,True,False,0.22962292623232117
2026-06-26 10:30:00,AST_0021,SITE_A,SITE_A_B2,24.44,54.9,100.77,5.472185005639148,0.766186259824756,True,False,0.23464022024898684
2026-06-26 11:45:00,AST_0035,SITE_B,SITE_B_B2,17.93,56.52,100.41,12.365519721615264,104.60245237807509,True,False,0.1182824320528425
2026-06-26 12:30:00,AST_0051,SITE_C,SITE_C_B1,23.9,54.88,100.72,1.781,0.027,True,False,0.23998156447421676
2026-06-26 13:00:00,AST_0018,SITE_A,SITE_A_B2,20.63,53.99,100.76,0.764,0.025,True,False,0.22532192859621686
2026-06-26 15:45:00,AST_0042,SITE_B,SITE_B_B2,24.17,52.47,100.89,9.720461719813716,0.8968886217948614,True,False,0.22316844296395472
2026-06-26 16:30:00,AST_0002,SITE_A,SITE_A_B1,17.59,50.99,100.96,12.006439189821938,103.94443359022556,True,False,0.13642271068160194
2026-06-26 18:00:00,AST_0051,SITE_C,SITE_C_B1,24.4,58.7,100.43,10.125059502116056,0.0450697799896915,True,False,0.19347134703603508
2026-06-26 18:00:00,AST_0065,SITE_C,SITE_C_B2,23.93,49.64,100.73,9.204599547378232,0.8608327978031082,True,False,0.24650037086394738
2026-06-26 19:30:00,AST_0021,SITE_A,SITE_A_B2,23.79,52.48,100.51,5.7250586195781095,0.7436513698299102,True,False,0.2575155434255035
2026-06-26 21:45:00,AST_0050,SITE_C,SITE_C_B1,25.59,56.56,100.7,20.79126853806149,15.963716072348738,True,False,0.14849934952357513
2026-06-26 23:30:00,AST_0018,SITE_A,SITE_A_B2,21.59,59.7,101.23,0.057,0.032,True,False,0.2066260630033261
2026-06-27 00:45:00,AST_0023,SITE_B,SITE_B_B1,7.06,52.27,100.4,15.374715727488915,215.61833444868324,True,False,0.059853550785174736
2026-06-27 00:45:00,AST_0020,SITE_A,SITE_A_B2,25.62,52.0,100.65,0.052,0.014,True,False,0.27015624062173527
2026-06-27 01:00:00,AST_0050,SITE_C,SITE_C_B1,26.14,49.75,100.79,19.96690055662048,16.59469299220442,True,False,0.16584040320588056
2026-06-27 01:00:00,AST_0023,SITE_B,SITE_B_B1,7.71,56.86,100.88,9.170857863744459,53.419,True,False,0.13754872298691734
2026-06-27 01:30:00,AST_0012,SITE_A,SITE_A_B2,7.74,56.49,100.26,22.30345274941649,315.9707065737304,True,False,0.014578100377227288
2026-06-27 02:15:00,AST_0034,SITE_B,SITE_B_B2,8.28,54.61,100.82,19.294256743542835,276.70140726871216,True,False,0.03635604296846684
2026-06-27 03:30:00,AST_0049,SITE_C,SITE_C_B1,25.85,54.85,101.12,18.84414171073148,15.42287871247244,True,False,0.14944369830858872
2026-06-27 04:45:00,AST_0007,SITE_A,SITE_A_B1,21.78,56.52,100.44,0.783,0.031,True,False,0.26043216215468806
2026-06-27 11:15:00,AST_0013,SITE_A,SITE_A_B2,17.66,54.01,101.27,10.787588370636138,6.399,True,False,0.20037446744053827
2026-06-27 11:30:00,AST_0008,SITE_A,SITE_A_B1,24.29,59.9,100.74,11.960921939312923,0.057999999999999996,True,False,0.1929337547015023
2026-06-27 12:00:00,AST_0055,SITE_C,SITE_C_B1,22.1,57.41,100.71,6.286438042522607,0.2163349439505193,True,False,0.24397800456390267
2026-06-27 12:15:00,AST_0015,SITE_A,SITE_A_B2,18.6,58.73,101.69,13.46804867838914,35.05978185398104,True,False,0.11158408641867823
2026-06-27 12:45:00,AST_0014,SITE_A,SITE_A_B2,19.0,56.21,101.69,13.012876173299007,27.294258761757188,True,False,0.1269028770162327
2026-06-27 14:00:00,AST_0050,SITE_C,SITE_C_B1,25.09,52.3,101.2,21.14529159757604,17.955800347893103,True,False,0.14794484215812242
2026-06-27 15:30:00,AST_0031,SITE_B,SITE_B_B1,25.6,52.12,100.43,10.003680167425356,0.2568977459412417,True,False,0.23517382258137848
2026-06-27 16:15:00,AST_0001,SITE_A,SITE_A_B1,8.9,56.02,99.08,4.469,82.952,True,False,0.1305733776184883
2026-06-27 17:15:00,AST_0019,SITE_A,SITE_A_B2,23.05,51.73,101.13,7.803679726156381,0.2568977459412417,True,False,0.2451276723495518
2026-06-27 17:30:00,AST_0028,SITE_B,SITE_B_B1,24.36,53.41,100.81,15.678164064215672,10.735621593544522,True,False,0.19464356435614466
2026-06-27 18:30:00,AST_0055,SITE_C,SITE_C_B1,23.87,54.225,100.59,7.965518839077317,0.2749256579371183,True,False,0.25471122080755865
2026-06-27 19:45:00,AST_0016,SITE_A,SITE_A_B2,25.88,57.77,101.75,21.40828015607256,19.24479605559828,True,False,0.10087738847712313
2026-06-27 22:30:00,AST_0035,SITE_B,SITE_B_B2,18.41,56.57,100.63,2.786,18.395748411528622,True,False,0.23772412684608413
2026-06-27 22:45:00,AST_0035,SITE_B,SITE_B_B2,18.0,51.03,100.69,13.225290009007738,30.354496823057247,True,False,0.18273709941315608
2026-06-28 01:15:00,AST_0002,SITE_A,SITE_A_B1,18.45,57.19,101.08,12.405979499845497,27.943263593608748,True,False,0.14822023127026063
2026-06-28 03:30:00,AST_0012,SITE_A,SITE_A_B2,8.98,52.83,100.77,23.5931081805052,376.6571653298501,True,False,0.02043936858577866
2026-06-28 03:45:00,AST_0044,SITE_B,SITE_B_B2,23.09,67.79,100.98,0.565,0.051,True,False,0.1950037502705812
2026-06-28 07:45:00,AST_0029,SITE_B,SITE_B_B1,22.35,56.5,100.09,2.153,0.028,True,False,0.26909622440890385
2026-06-28 08:00:00,AST_0027,SITE_B,SITE_B_B1,25.15,53.15,100.87,17.554486279642774,16.991307056113705,True,False,0.16930814909723413
2026-06-28 08:15:00,AST_0027,SITE_B,SITE_B_B1,25.32,56.83,100.99,10.318743139821386,3.005,True,False,0.21296062221007295
2026-06-28 09:00:00,AST_0055,SITE_C,SITE_C_B1,23.48,57.42,100.5,6.943909438763909,0.1802791199587661,True,False,0.23047086710608083
2026-06-28 10:00:00,AST_0038,SITE_B,SITE_B_B2,24.66,56.62,99.86,2.476,3.059,True,False,0.259189616303368
2026-06-28 13:30:00,AST_0024,SITE_B,SITE_B_B1,19.26,47.51,101.26,19.96690055662048,40.936881164636816,True,False,0.12802768348282967
2026-06-28 14:15:00,AST_0058,SITE_C,SITE_C_B2,18.85,54.7,101.42,18.904831378076832,42.663053738242,True,False,0.11306011131105786
2026-06-28 18:00:00,AST_0022,SITE_A,SITE_A_B2,23.51,54.21,100.46,7.48000150031451,0.3019675259309332,True,False,0.25380361524454836
2026-06-28 19:15:00,AST_0038,SITE_B,SITE_B_B2,25.69,63.08,101.37,14.474485661866211,12.76826867107961,True,False,0.11219768120658269
2026-06-28 20:00:00,AST_0011,SITE_A,SITE_A_B1,22.94,50.52,100.93,4.040920350744621,0.3064745039299024,True,False,0.2937207309860139
2026-06-28 20:45:00,AST_0015,SITE_A,SITE_A_B2,18.61,58.3,101.0,13.645060208146417,33.419241862356266,True,False,0.13871381527001703
2026-06-28 22:00:00,AST_0037,SITE_B,SITE_B_B2,17.76,55.25,101.53,11.394485044089649,31.801236760726344,True,False,0.15581098351954947
2026-06-28 22:30:00,AST_0042,SITE_B,SITE_B_B2,25.43,57.36,100.29,12.19356566413677,0.3064745039299024,True,False,0.1973082791184187
2026-06-28 23:00:00,AST_0024,SITE_B,SITE_B_B1,19.87,49.63,101.12,20.634486897419336,50.784628092384416,True,False,0.1200974701208023
2026-06-29 01:00:00,AST_0026,SITE_B,SITE_B_B1,18.56,50.49,100.98,13.953566017151948,29.51619891524898,True,False,0.17293022824651216
2026-06-29 02:15:00,AST_0056,SITE_C,SITE_C_B2,8.03,54.01,100.97,23.64874037557177,332.9484926958472,True,False,0.016638451837062584
2026-06-29 03:00:00,AST_0045,SITE_C,SITE_C_B1,7.03,57.59,101.34,15.278623754192113,248.55082268715088,True,False,0.03176994520384413
2026-06-29 03:00:00,AST_0044,SITE_B,SITE_B_B2,23.34,57.97,101.07,2.8928741434617304,0.1216884059721671,True,False,0.25957312831437845
2026-06-29 03:45:00,AST_0059,SITE_C,SITE_C_B2,18.29,58.22,100.2,4.343,8.09,True,False,0.22911559895094824
2026-06-29 07:00:00,AST_0039,SITE_B,SITE_B_B2,24.4,55.61,100.97,16.199083708929933,9.554793357814605,True,False,0.1729844214904489
2026-06-29 07:45:00,AST_0016,SITE_A,SITE_A_B2,25.44,54.84,100.91499999999999,4.4,8.496,True,False,0.27028904799212183
2026-06-29 08:00:00,AST_0004,SITE_A,SITE_A_B1,18.8,56.5,100.93,3.467,24.456,True,False,0.21333848070706746
2026-06-29 08:00:00,AST_0006,SITE_A,SITE_A_B1,25.65,53.59,101.03,3.405,10.434,True,False,0.15831959468134726
2026-06-29 08:00:00,AST_0038,SITE_B,SITE_B_B2,24.0,54.19,100.99,3.193,8.68,True,False,0.2554191902823312
2026-06-29 08:00:00,AST_0056,SITE_C,SITE_C_B2,8.39,51.16,101.25,4.664,210.47,True,False,0.10187885384540107
2026-06-29 08:00:00,AST_0003,SITE_A,SITE_A_B1,18.88,58.8,101.69,1.726,15.063,True,False,0.15708648995046715
2026-06-29 08:00:00,AST_0013,SITE_A,SITE_A_B2,17.89,53.24,100.77,2.687,19.013,True,False,0.2175956374301456
2026-06-29 08:00:00,AST_0023,SITE_B,SITE_B_B1,7.23,52.87,101.25,3.168,146.486,True,False,0.10473840867898176
2026-06-29 08:00:00,AST_0030,SITE_B,SITE_B_B1,24.55,58.47,101.02,2.191,0.187,True,False,0.2196043568332285
2026-06-29 08:00:00,AST_0052,SITE_C,SITE_C_B1,24.74,55.86,101.69,1.382,0.158,True,False,0.2099750370462336
2026-06-29 08:00:00,AST_0061,SITE_C,SITE_C_B2,26.4,54.79,100.79,5.616,16.027,True,False,0.22993044170841948
2026-06-29 08:00:00,AST_0065,SITE_C,SITE_C_B2,25.01,55.605000000000004,100.87,2.648,0.201,True,False,0.24841177806744807
2026-06-29 08:00:00,AST_0044,SITE_B,SITE_B_B2,22.98,57.05,100.62,0.635,0.115,True,False,0.22982384346595908
2026-06-29 08:00:00,AST_0059,SITE_C,SITE_C_B2,19.44,53.17,100.49,3.839,26.687,True,False,0.2322091989695344
2026-06-29 08:00:00,AST_0054,SITE_C,SITE_C_B1,23.92,55.77,100.19,1.757,0.178,True,False,0.24194040888389712
2026-06-29 08:00:00,AST_0025,SITE_B,SITE_B_B1,17.82,54.73,101.51,2.605,20.411,True,False,0.19149835647708896
2026-06-29 08:00:00,AST_0012,SITE_A,SITE_A_B2,9.22,52.43,101.31,4.985,244.113,True,False,0.08967476865027324
2026-06-29 08:00:00,AST_0026,SITE_B,SITE_B_B1,19.31,56.4,101.59,2.745,20.671,True,False,0.12093637477341157
2026-06-29 08:00:00,AST_0048,SITE_C,SITE_C_B1,19.4,50.35,101.41,2.831,21.611,True,False,0.23024638714174356
2026-06-29 08:00:00,AST_0057,SITE_C,SITE_C_B2,20.17,50.63,100.48,4.581,29.855,True,False,0.20886207956659808
2026-06-29 08:00:00,AST_0058,SITE_C,SITE_C_B2,18.99,55.05,100.5,3.716,25.728,True,False,0.18477365267506562
2026-06-29 08:00:00,AST_0046,SITE_C,SITE_C_B1,20.38,50.51,100.53,3.547,24.869,True,False,0.2040005398650111
2026-06-29 08:00:00,AST_0064,SITE_C,SITE_C_B2,22.26,55.71,101.36,0.124,0.116,True,False,0.21478484246361973
2026-06-29 08:00:00,AST_0028,SITE_B,SITE_B_B1,25.21,56.08,100.99,3.347,8.926,True,False,0.1801856228338264
2026-06-29 08:00:00,AST_0027,SITE_B,SITE_B_B1,24.64,52.96,101.55,3.364,9.353,True,False,0.23746527012665586
2026-06-29 08:00:00,AST_0010,SITE_A,SITE_A_B1,23.67,53.91,100.79,0.786,0.129,True,False,0.24135066206852418
2026-06-29 08:00:00,AST_0036,SITE_B,SITE_B_B2,19.95,53.96,101.05,4.177,28.964,True,False,0.17447182834902786
2026-06-29 08:00:00,AST_0039,SITE_B,SITE_B_B2,23.65,56.5,101.24,3.353,9.133,True,False,0.22101141476944536
2026-06-29 08:00:00,AST_0050,SITE_C,SITE_C_B1,27.21,59.25,100.72,4.674,12.666,True,False,0.134638547553386
2026-06-29 08:00:00,AST_0053,SITE_C,SITE_C_B1,24.32,52.64,100.61,2.718,0.193,True,False,0.2663462489157279
2026-06-29 08:00:00,AST_0001,SITE_A,SITE_A_B1,8.91,53.79,100.64,4.824,222.74,True,False,0.08333173428790941
2026-06-29 08:00:00,AST_0033,SITE_B,SITE_B_B1,24.15,56.59,100.46,1.787,0.166,True,False,0.24206436411526505
2026-06-29 08:00:00,AST_0019,SITE_A,SITE_A_B2,24.35,52.49,101.21,1.814,0.173,True,False,0.25836421626326983
2026-06-29 08:00:00,AST_0035,SITE_B,SITE_B_B2,18.06,51.11,100.34,2.835,20.254,True,False,0.2345800462176476
2026-06-29 08:00:00,AST_0008,SITE_A,SITE_A_B1,26.0,50.45,100.5,2.909,0.198,True,False,0.2160904740103976
2026-06-29 08:00:00,AST_0016,SITE_A,SITE_A_B2,26.16,50.4,100.92,4.449,12.22,True,False,0.24292751277822217
2026-06-29 08:00:00,AST_0043,SITE_B,SITE_B_B2,24.68,57.07,100.76,1.704,0.181,True,False,0.23389985566339072
2026-06-29 08:00:00,AST_0002,SITE_A,SITE_A_B1,19.43,49.49,101.79,2.175,18.642,True,False,0.20344122228604
2026-06-29 08:00:00,AST_0005,SITE_A,SITE_A_B1,24.96,57.1,101.01,3.752,9.418,True,False,0.22422000554659427
2026-06-29 08:00:00,AST_0034,SITE_B,SITE_B_B2,7.63,58.36,101.06,4.286,203.101,True,False,0.07429793637860316
2026-06-29 08:00:00,AST_0017,SITE_A,SITE_A_B2,24.74,50.34,101.22,3.604,8.589,True,False,0.2660461474789651
2026-06-29 08:00:00,AST_0041,SITE_B,SITE_B_B2,24.59,57.33,100.82,1.803,0.166,True,False,0.23926957724985037
2026-06-29 08:00:00,AST_0015,SITE_A,SITE_A_B2,18.09,52.4,100.8,2.808,20.807,True,False,0.18230526443301698
2026-06-29 08:00:00,AST_0060,SITE_C,SITE_C_B2,26.59,56.03,101.03,5.277,15.582,True,False,0.21807756171528397
2026-06-29 08:00:00,AST_0047,SITE_C,SITE_C_B1,19.71,58.12,100.92,3.203,23.627,True,False,0.19596725763787304
2026-06-29 08:00:00,AST_0020,SITE_A,SITE_A_B2,23.25,58.19,101.21,0.078,0.112,True,False,0.15207240787664333
2026-06-29 08:00:00,AST_0009,SITE_A,SITE_A_B1,24.28,59.06,100.76,2.4,0.177,True,False,0.22382524055871217
2026-06-29 08:00:00,AST_0031,SITE_B,SITE_B_B1,24.12,58.03,100.75,1.984,0.167,True,False,0.2344061251643348
2026-06-29 08:00:00,AST_0055,SITE_C,SITE_C_B1,22.83,56.68,101.1,1.351,0.145,True,False,0.22037889113416648
2026-06-29 08:00:00,AST_0032,SITE_B,SITE_B_B1,25.25,55.79,101.59,2.627,0.193,True,False,0.21929108812312575
2026-06-29 08:00:00,AST_0014,SITE_A,SITE_A_B2,17.93,54.65,101.65,2.494,19.394,True,False,0.13293386568070253
2026-06-29 08:00:00,AST_0021,SITE_A,SITE_A_B2,23.69,54.6,101.14,1.733,0.147,True,False,0.23219478116595949
2026-06-29 08:00:00,AST_0049,SITE_C,SITE_C_B1,25.05,54.98,101.05,3.734,9.41,True,False,0.19867616383704578
2026-06-29 08:00:00,AST_0063,SITE_C,SITE_C_B2,25.07,55.79,100.78,2.361,0.158,True,False,0.22197846421571638
2026-06-29 08:15:00,AST_0050,SITE_C,SITE_C_B1,25.72,52.06,100.98,4.298,12.512,True,False,0.22067152239318566
2026-06-29 08:15:00,AST_0030,SITE_B,SITE_B_B1,24.18,50.72,100.06,2.576,0.191,True,False,0.26658904224131075
2026-06-29 08:15:00,AST_0036,SITE_B,SITE_B_B2,19.56,55.47,101.08,4.367,28.07,True,False,0.20273072464648828
2026-06-29 08:15:00,AST_0048,SITE_C,SITE_C_B1,19.75,52.95,101.49,2.847,22.53,True,False,0.2114412379603896
2026-06-29 08:15:00,AST_0034,SITE_B,SITE_B_B2,8.29,49.88,100.9,4.605,208.043,True,False,0.06274375966396695
2026-06-29 08:15:00,AST_0005,SITE_A,SITE_A_B1,25.64,54.87,101.0,3.79,10.14,True,False,0.24794448784269274
2026-06-29 08:15:00,AST_0049,SITE_C,SITE_C_B1,24.72,52.88,101.44,3.378,10.278,True,False,0.244233003391512
2026-06-29 08:15:00,AST_0058,SITE_C,SITE_C_B2,18.07,56.43,100.99,3.839,27.141,True,False,0.20371535283513909
2026-06-29 08:15:00,AST_0035,SITE_B,SITE_B_B2,19.2,60.08,100.86,2.902,21.468,True,False,0.18244928683975936
2026-06-29 08:15:00,AST_0054,SITE_C,SITE_C_B1,24.4,53.31,100.57,1.901,0.152,True,False,0.2655459196319923
2026-06-29 08:15:00,AST_0033,SITE_B,SITE_B_B1,23.98,49.76,101.19,1.725,0.173,True,False,0.263109281819122
2026-06-29 08:15:00,AST_0061,SITE_C,SITE_C_B2,26.11,54.02,100.59,5.617,15.564,True,False,0.24094683481230944
2026-06-29 08:15:00,AST_0053,SITE_C,SITE_C_B1,23.53,53.61,100.51,2.137,0.165,True,False,0.25260495247759224
2026-06-29 08:15:00,AST_0032,SITE_B,SITE_B_B1,25.2,55.52,100.15,2.979,0.212,True,False,0.2459387184037068
2026-06-29 08:15:00,AST_0028,SITE_B,SITE_B_B1,25.57,54.03,100.98,3.51,8.287,True,False,0.15339892125716992
2026-06-29 08:15:00,AST_0043,SITE_B,SITE_B_B2,23.64,49.65,100.79,1.665,0.183,True,False,0.2532132929492117
2026-06-29 08:15:00,AST_0027,SITE_B,SITE_B_B1,23.77,55.15,101.26,3.099,8.836,True,False,0.23810356360799068
2026-06-29 08:15:00,AST_0063,SITE_C,SITE_C_B2,24.35,54.07,100.23,2.565,0.163,True,False,0.17627798187360544
2026-06-29 08:15:00,AST_0031,SITE_B,SITE_B_B1,24.25,57.09,100.62,2.09,0.197,True,False,0.23892836748668034
2026-06-29 08:15:00,AST_0006,SITE_A,SITE_A_B1,25.84,57.27,101.08,3.599,9.759,True,False,0.22763362985514501
2026-06-29 08:15:00,AST_0004,SITE_A,SITE_A_B1,18.85,57.6,100.57,3.562,24.886,True,False,0.1472070770000673
2026-06-29 08:15:00,AST_0046,SITE_C,SITE_C_B1,19.39,50.8,101.08,3.509,24.949,True,False,0.2331924052563118
2026-06-29 08:15:00,AST_0017,SITE_A,SITE_A_B2,24.6,51.48,101.0,3.511,8.487,True,False,0.2619693046280027
2026-06-29 08:15:00,AST_0002,SITE_A,SITE_A_B1,18.38,54.77,101.41,2.666,19.407,True,False,0.1936926451108616
2026-06-29 08:15:00,AST_0016,SITE_A,SITE_A_B2,24.82,56.01,100.14,4.503,12.278,True,False,0.2370803732651337
2026-06-29 08:15:00,AST_0019,SITE_A,SITE_A_B2,23.74,57.09,100.87,2.132,0.156,True,False,0.24019378552891202
2026-06-29 08:15:00,AST_0066,SITE_C,SITE_C_B2,23.47,55.24,101.5,0.096,0.12,True,False,0.2156432235872875
2026-06-29 08:15:00,AST_0001,SITE_A,SITE_A_B1,9.04,51.77,100.57,4.595,229.277,True,False,0.10840285382761772
2026-06-29 08:15:00,AST_0008,SITE_A,SITE_A_B1,24.04,56.84,100.93,2.572,0.202,True,False,0.24586470563333124
2026-06-29 08:15:00,AST_0041,SITE_B,SITE_B_B2,24.04,55.02,100.63,1.662,0.165,True,False,0.25449179829182134
2026-06-29 08:15:00,AST_0009,SITE_A,SITE_A_B1,23.87,52.04,101.1,2.405,0.198,True,False,0.230522500094604
2026-06-29 08:15:00,AST_0014,SITE_A,SITE_A_B2,18.65,57.33,101.5,2.737,19.653,True,False,0.16479257223927835
2026-06-29 08:15:00,AST_0039,SITE_B,SITE_B_B2,26.37,50.31,101.39,3.288,8.947,True,False,0.2470256805581374
2026-06-29 08:15:00,AST_0013,SITE_A,SITE_A_B2,18.94,54.71,101.15,2.599,17.775,True,False,0.2163987778375256
2026-06-29 08:15:00,AST_0023,SITE_B,SITE_B_B1,7.15,52.03,101.73,3.282,149.509,True,False,0.08740803091857074
2026-06-29 08:15:00,AST_0003,SITE_A,SITE_A_B1,17.95,62.87,101.53,1.871,15.174,True,False,0.13656334824267036
2026-06-29 08:15:00,AST_0065,SITE_C,SITE_C_B2,23.99,52.52,100.7,2.583,0.203,True,False,0.2682046762333804
2026-06-29 08:15:00,AST_0021,SITE_A,SITE_A_B2,23.71,54.54,101.06,1.776,0.156,True,False,0.24876586243295395
2026-06-29 08:15:00,AST_0057,SITE_C,SITE_C_B2,19.89,54.46,100.02,4.348,28.308,True,False,0.22137781614914354
2026-06-29 08:15:00,AST_0059,SITE_C,SITE_C_B2,19.21,53.74,101.06,3.852,27.638,True,False,0.1352964536859096
2026-06-29 08:15:00,AST_0025,SITE_B,SITE_B_B1,18.8,54.14,100.92,2.801,18.689,True,False,0.2277547454706907
2026-06-29 08:15:00,AST_0060,SITE_C,SITE_C_B2,25.98,55.32,100.67,5.487,15.833,True,False,0.2261203755083397
2026-06-29 08:15:00,AST_0012,SITE_A,SITE_A_B2,7.1,55.14,101.17,5.087,232.065,True,False,0.06689034149281181
2026-06-29 08:15:00,AST_0052,SITE_C,SITE_C_B1,23.52,56.89,101.47,1.574,0.157,True,False,0.21716676348627167
2026-06-29 08:15:00,AST_0047,SITE_C,SITE_C_B1,19.52,54.74,100.37,3.37,22.471,True,False,0.22663051798674316
2026-06-29 08:30:00,AST_0063,SITE_C,SITE_C_B2,25.95,52.29,100.41,2.816,0.174,True,False,0.23920912250470916
2026-06-29 08:30:00,AST_0009,SITE_A,SITE_A_B1,24.63,50.27,100.44,2.276,0.182,True,False,0.1799210171075934
2026-06-29 08:30:00,AST_0032,SITE_B,SITE_B_B1,24.83,55.86,101.16,2.63,0.192,True,False,0.24191404886397694
2026-06-29 08:30:00,AST_0025,SITE_B,SITE_B_B1,18.05,50.5,101.36,2.88,20.087,True,False,0.2219481197436346
2026-06-29 08:30:00,AST_0060,SITE_C,SITE_C_B2,25.78,54.28,100.32,5.587,14.843,True,False,0.24085959505871174
2026-06-29 08:30:00,AST_0008,SITE_A,SITE_A_B1,24.21,59.87,100.75,2.614,0.22,True,False,0.1306105250207038
2026-06-29 08:30:00,AST_0019,SITE_A,SITE_A_B2,24.52,50.9,101.33,1.581,0.185,True,False,0.25996768281066907
2026-06-29 08:30:00,AST_0053,SITE_C,SITE_C_B1,23.7,59.86,100.84,2.545,0.199,True,False,0.2118964659237526
2026-06-29 08:30:00,AST_0048,SITE_C,SITE_C_B1,18.0,54.67,101.19,2.941,21.992,True,False,0.19937074736920096
2026-06-29 08:30:00,AST_0033,SITE_B,SITE_B_B1,23.66,55.69,101.17,1.975,0.17,True,False,0.2374889113155459
2026-06-29 08:30:00,AST_0006,SITE_A,SITE_A_B1,24.87,53.23,101.3,3.758,10.264,True,False,0.24748509248225192
2026-06-29 08:30:00,AST_0016,SITE_A,SITE_A_B2,25.41,52.44,101.18,4.44,12.66,True,False,0.24297034441558657
2026-06-29 08:30:00,AST_0002,SITE_A,SITE_A_B1,18.28,55.28,100.86,2.377,19.605,True,False,0.17900999279217106
2026-06-29 08:30:00,AST_0034,SITE_B,SITE_B_B2,8.21,52.85,100.68,4.703,214.455,True,False,0.10927320190955059
2026-06-29 08:30:00,AST_0050,SITE_C,SITE_C_B1,26.41,56.14,101.28,4.573,12.86,True,False,0.20878613683605907
2026-06-29 08:30:00,AST_0057,SITE_C,SITE_C_B2,19.82,55.86,100.83,4.319,28.292,True,False,0.21042356033324194
2026-06-29 08:30:00,AST_0005,SITE_A,SITE_A_B1,25.33,58.09,101.7,3.578,9.688,True,False,0.1905127244214342
2026-06-29 08:30:00,AST_0052,SITE_C,SITE_C_B1,23.66,52.87,100.33,1.444,0.154,True,False,0.25232233837494433
2026-06-29 08:30:00,AST_0001,SITE_A,SITE_A_B1,8.5,51.31,100.31,4.586,217.33,True,False,0.10733486754287602
2026-06-29 08:30:00,AST_0014,SITE_A,SITE_A_B2,18.15,52.83,100.92,2.597,19.878,True,False,0.22460276275445018
2026-06-29 08:30:00,AST_0059,SITE_C,SITE_C_B2,19.19,51.72,101.35,3.927,26.658,True,False,0.22021358318110212
2026-06-29 08:30:00,AST_0004,SITE_A,SITE_A_B1,18.19,53.31,100.73,3.827,24.227,True,False,0.23078805613945574
2026-06-29 08:30:00,AST_0027,SITE_B,SITE_B_B1,24.71,51.51,100.51,3.438,9.328,True,False,0.26622504119279183
2026-06-29 08:30:00,AST_0036,SITE_B,SITE_B_B2,20.05,57.65,100.54,4.335,27.499,True,False,0.21050013697139103
2026-06-29 08:30:00,AST_0065,SITE_C,SITE_C_B2,24.44,58.09,101.36,2.94,0.182,True,False,0.2080490960954932
2026-06-29 08:30:00,AST_0028,SITE_B,SITE_B_B1,25.76,56.31,100.52,3.39,8.911,True,False,0.2058426815343764
2026-06-29 08:30:00,AST_0061,SITE_C,SITE_C_B2,27.14,55.48,100.89,5.554,15.829,True,False,0.1689944545282266
2026-06-29 08:30:00,AST_0023,SITE_B,SITE_B_B1,7.44,54.76,100.72,2.955,163.604,True,False,0.08896533704700493
2026-06-29 08:30:00,AST_0054,SITE_C,SITE_C_B1,24.83,56.69,101.4,1.742,0.154,True,False,0.22019045358115885
2026-06-29 08:30:00,AST_0017,SITE_A,SITE_A_B2,25.72,56.39,101.6,3.41,8.357,True,False,0.2128348311433736
2026-06-29 08:30:00,AST_0003,SITE_A,SITE_A_B1,17.36,51.32,100.99,1.8845,15.417,True,False,0.2183262189381599
2026-06-29 08:30:00,AST_0012,SITE_A,SITE_A_B2,7.91,53.39,101.09,5.264,241.292,True,False,0.07643109600411813
2026-06-29 08:30:00,AST_0030,SITE_B,SITE_B_B1,25.11,55.11,100.6,2.449,0.192,True,False,0.20356061317493673
2026-06-29 08:30:00,AST_0035,SITE_B,SITE_B_B2,19.54,47.78,101.44,3.046,20.977,True,False,0.22798149548783259
2026-06-29 08:30:00,AST_0013,SITE_A,SITE_A_B2,19.37,52.68,101.7,2.295,19.62,True,False,0.13646518588433454
2026-06-29 08:30:00,AST_0047,SITE_C,SITE_C_B1,19.01,56.72,101.48,3.376,24.085,True,False,0.18881328840724199
2026-06-29 08:30:00,AST_0039,SITE_B,SITE_B_B2,24.45,55.83,101.0,3.256,8.434,True,False,0.2330884524559727
2026-06-29 08:30:00,AST_0021,SITE_A,SITE_A_B2,23.26,53.82,101.11,1.836,0.151,True,False,0.24572820079576818
2026-06-29 08:30:00,AST_0046,SITE_C,SITE_C_B1,19.35,58.39,100.26,3.761,24.028,True,False,0.19399886674984584
2026-06-29 08:30:00,AST_0049,SITE_C,SITE_C_B1,25.9,49.83,101.4,3.595,10.011,True,False,0.24586725794790792
2026-06-29 08:45:00,AST_0046,SITE_C,SITE_C_B1,18.36,53.47,101.6,3.52,25.249,True,False,0.2059013906343395
2026-06-29 08:45:00,AST_0059,SITE_C,SITE_C_B2,19.33,53.91,100.54,3.677,27.849,True,False,0.22748650419972927
2026-06-29 08:45:00,AST_0035,SITE_B,SITE_B_B2,19.08,54.15,101.53,2.963,19.839,True,False,0.19995876438937638
2026-06-29 08:45:00,AST_0036,SITE_B,SITE_B_B2,19.8,51.35,100.89,4.349,26.836,True,False,0.2348143459080072
2026-06-29 08:45:00,AST_0050,SITE_C,SITE_C_B1,26.14,55.04,101.31,4.28,12.728,True,False,0.12838476633738527
2026-06-29 08:45:00,AST_0009,SITE_A,SITE_A_B1,25.35,52.58,101.39,1.879,0.208,True,False,0.24567505951997498
2026-06-29 08:45:00,AST_0041,SITE_B,SITE_B_B2,24.6,54.66,100.77,1.843,0.187,True,False,0.16321674331960867
2026-06-29 08:45:00,AST_0039,SITE_B,SITE_B_B2,24.56,60.95,100.36,3.157,9.124,True,False,0.18813725658316977
2026-06-29 08:45:00,AST_0005,SITE_A,SITE_A_B1,25.76,49.76,101.39,3.575,9.485,True,False,0.249441569344017
2026-06-29 08:45:00,AST_0061,SITE_C,SITE_C_B2,26.89,53.73,101.03,5.848,15.756,True,False,0.23221512983549225
2026-06-29 08:45:00,AST_0006,SITE_A,SITE_A_B1,25.13,50.66,101.48,3.489,9.671,True,False,0.2472017759450888
2026-06-29 08:45:00,AST_0049,SITE_C,SITE_C_B1,25.83,56.0,101.5,3.714,10.08,True,False,0.20917276586711292
2026-06-29 08:45:00,AST_0002,SITE_A,SITE_A_B1,18.04,56.62,101.02,2.543,19.325,True,False,0.2105080837464453
2026-06-29 08:45:00,AST_0012,SITE_A,SITE_A_B2,8.85,55.65,100.94,4.979,238.163,True,False,0.07222066445433373
2026-06-29 08:45:00,AST_0017,SITE_A,SITE_A_B2,25.66,57.33,101.27,3.398,8.865,True,False,0.1993179913899863
2026-06-29 08:45:00,AST_0025,SITE_B,SITE_B_B1,18.99,56.19,101.88,2.465,19.808,True,False,0.1723891111644037
2026-06-29 08:45:00,AST_0028,SITE_B,SITE_B_B1,25.28,54.7,101.28,3.078,8.776,True,False,0.2426976645746038
2026-06-29 08:45:00,AST_0048,SITE_C,SITE_C_B1,19.59,54.68,100.93,3.021,20.922,True,False,0.22692712361432787
2026-06-29 08:45:00,AST_0014,SITE_A,SITE_A_B2,18.56,53.55,100.77,2.52,18.859,True,False,0.23267037947902552
2026-06-29 08:45:00,AST_0003,SITE_A,SITE_A_B1,17.18,58.55,100.73,1.898,14.515,True,False,0.17125112607202153
2026-06-29 08:45:00,AST_0030,SITE_B,SITE_B_B1,23.4,49.99,101.19,2.553,0.189,True,False,0.26254725742515733
2026-06-29 08:45:00,AST_0057,SITE_C,SITE_C_B2,20.22,52.06,101.45,4.274,29.011,True,False,0.21865114576717815
2026-06-29 08:45:00,AST_0052,SITE_C,SITE_C_B1,22.94,52.95,100.565,1.232,0.182,True,False,0.20181263041459652
2026-06-29 08:45:00,AST_0004,SITE_A,SITE_A_B1,19.38,54.94,100.73,3.352,26.013,True,False,0.19972583144538297
2026-06-29 08:45:00,AST_0019,SITE_A,SITE_A_B2,23.96,57.79,101.41,1.735,0.185,True,False,0.2212115322145249
2026-06-29 08:45:00,AST_0027,SITE_B,SITE_B_B1,24.58,55.95,101.43,3.235,8.304,True,False,0.2324056822757687
2026-06-29 08:45:00,AST_0047,SITE_C,SITE_C_B1,19.33,57.18,100.49,3.166,22.104,True,False,0.190564285332462
2026-06-29 08:45:00,AST_0063,SITE_C,SITE_C_B2,24.73,52.77,100.72,2.585,0.197,True,False,0.271057768493696
2026-06-29 08:45:00,AST_0023,SITE_B,SITE_B_B1,7.61,54.25,100.28,3.054,143.658,True,False,0.1171823854998395
2026-06-29 08:45:00,AST_0013,SITE_A,SITE_A_B2,18.6,57.53,101.68,2.39,18.53,True,False,0.17723734673277047
2026-06-29 08:45:00,AST_0016,SITE_A,SITE_A_B2,25.02,56.31,101.0,4.531,13.076,True,False,0.22488974302157427
2026-06-29 08:45:00,AST_0021,SITE_A,SITE_A_B2,24.01,52.97,101.05,1.565,0.162,True,False,0.2562685903373938
2026-06-29 08:45:00,AST_0001,SITE_A,SITE_A_B1,8.47,51.85,101.65,4.903,220.3,True,False,0.06924721331692996
2026-06-29 08:45:00,AST_0060,SITE_C,SITE_C_B2,26.68,54.37,100.58,5.593,16.048,True,False,0.20059827895116533
2026-06-29 08:45:00,AST_0034,SITE_B,SITE_B_B2,8.24,51.47,100.72,4.232,211.079,True,False,0.11658263603853136
2026-06-29 09:00:00,AST_0054,SITE_C,SITE_C_B1,24.21,62.43,101.12,1.891,0.177,True,False,0.15685115390011772
2026-06-29 09:00:00,AST_0026,SITE_B,SITE_B_B1,18.76,51.15,101.36,2.739,23.395,True,False,0.2226395345230499
2026-06-29 09:00:00,AST_0023,SITE_B,SITE_B_B1,7.16,54.68,100.82,3.136,164.845,True,False,0.10053505271637475
2026-06-29 09:00:00,AST_0014,SITE_A,SITE_A_B2,18.33,51.23,100.85,2.596,22.298,True,False,0.17310724033581948
2026-06-29 09:00:00,AST_0065,SITE_C,SITE_C_B2,24.91,51.77,100.54,2.94,0.248,True,False,0.27095347370830164
2026-06-29 09:00:00,AST_0059,SITE_C,SITE_C_B2,19.58,51.59,100.24,3.8025,29.368,True,False,0.23605939116121738
2026-06-29 09:00:00,AST_0057,SITE_C,SITE_C_B2,19.85,56.45,100.52,4.301,32.071,True,False,0.2079235911451448
2026-06-29 09:00:00,AST_0009,SITE_A,SITE_A_B1,23.15,61.48,100.85,2.438,0.229,True,False,0.18302598812316984
2026-06-29 09:00:00,AST_0055,SITE_C,SITE_C_B1,22.77,56.11,101.04,1.402,0.156,True,False,0.22670630579665418
2026-06-29 09:00:00,AST_0001,SITE_A,SITE_A_B1,7.47,52.39,100.63,4.748,242.276,True,False,0.09552635941506937
2026-06-29 09:00:00,AST_0012,SITE_A,SITE_A_B2,8.5,56.1,100.59,5.128,263.944,True,False,0.0888635693096449
2026-06-29 09:00:00,AST_0003,SITE_A,SITE_A_B1,18.52,52.25,101.38,1.798,15.676,True,False,0.16644818765090674
2026-06-29 09:00:00,AST_0039,SITE_B,SITE_B_B2,24.96,55.27,101.73,3.552,9.492,True,False,0.19846682068254057
2026-06-29 09:00:00,AST_0044,SITE_B,SITE_B_B2,23.3,56.99,101.1,0.502,0.155,True,False,0.217023880623531
2026-06-29 09:00:00,AST_0047,SITE_C,SITE_C_B1,19.49,51.92,100.67,3.423,26.71,True,False,0.236869959812274
2026-06-29 09:00:00,AST_0025,SITE_B,SITE_B_B1,18.7,57.36,101.09,2.453,21.687,True,False,0.20061997868992598
2026-06-29 09:00:00,AST_0021,SITE_A,SITE_A_B2,23.65,59.46,100.96,1.572,0.182,True,False,0.2106255360686119
2026-06-29 09:00:00,AST_0028,SITE_B,SITE_B_B1,25.72,56.4,101.35,2.914,8.712,True,False,0.23138599115719782
2026-06-29 09:00:00,AST_0027,SITE_B,SITE_B_B1,24.82,60.29,101.01,3.258,10.078,True,False,0.2038509460295183
2026-06-29 09:00:00,AST_0050,SITE_C,SITE_C_B1,25.53,56.37,100.76,4.402,13.072,True,False,0.22349243026939647
2026-06-29 09:00:00,AST_0017,SITE_A,SITE_A_B2,25.38,55.07,101.65,3.196,9.842,True,False,0.21799161349525464
2026-06-29 09:00:00,AST_0046,SITE_C,SITE_C_B1,19.24,60.05,101.01,3.723,28.846,True,False,0.17663100113734642
2026-06-29 09:00:00,AST_0034,SITE_B,SITE_B_B2,8.3,53.06,100.64,4.321,235.045,True,False,0.10330690489299699
2026-06-29 09:00:00,AST_0053,SITE_C,SITE_C_B1,24.47,51.04,100.58,2.411,0.218,True,False,0.26663765112228965
2026-06-29 09:00:00,AST_0016,SITE_A,SITE_A_B2,25.19,54.6,101.56,4.694,13.393,True,False,0.21688672121555758
2026-06-29 09:00:00,AST_0005,SITE_A,SITE_A_B1,25.86,53.97,100.59,3.786,10.331,True,False,0.22844106983903284
2026-06-29 09:00:00,AST_0060,SITE_C,SITE_C_B2,26.98,52.67,100.67,5.5835,16.764,True,False,0.24487617010716362
2026-06-29 09:00:00,AST_0049,SITE_C,SITE_C_B1,25.49,53.15,101.13,3.685,10.968,True,False,0.24622336702674497
2026-06-29 09:00:00,AST_0004,SITE_A,SITE_A_B1,19.55,61.04,100.92,3.542,26.72,True,False,0.17156637971801836
2026-06-29 09:00:00,AST_0036,SITE_B,SITE_B_B2,18.73,54.44,100.58,4.013,31.633,True,False,0.22474175559064563
2026-06-29 09:00:00,AST_0032,SITE_B,SITE_B_B1,24.14,55.32,100.01,2.623,0.226,True,False,0.20829265113185524
2026-06-29 09:00:00,AST_0035,SITE_B,SITE_B_B2,19.08,56.73,101.21,3.028,22.407,True,False,0.13419928108175272
2026-06-29 09:00:00,AST_0019,SITE_A,SITE_A_B2,24.17,53.74,100.68,1.96,0.195,True,False,0.24788665132552462
2026-06-29 09:00:00,AST_0031,SITE_B,SITE_B_B1,24.15,55.04,100.97,2.102,0.205,True,False,0.23681445174873278
2026-06-29 09:00:00,AST_0002,SITE_A,SITE_A_B1,18.14,54.54,100.89,2.63,19.693,True,False,0.2235971266684511
2026-06-29 09:00:00,AST_0008,SITE_A,SITE_A_B1,24.68,50.03,100.62,2.604,0.228,True,False,0.2765498028429978
2026-06-29 09:00:00,AST_0030,SITE_B,SITE_B_B1,25.22,57.68,100.49,2.524,0.221,True,False,0.2287542565644919
2026-06-29 09:00:00,AST_0048,SITE_C,SITE_C_B1,19.47,51.79,101.32,2.924,23.237,True,False,0.18281806225493274
2026-06-29 09:00:00,AST_0061,SITE_C,SITE_C_B2,25.77,54.03,100.51,5.636,17.135,True,False,0.2428345365566073
2026-06-29 09:00:00,AST_0006,SITE_A,SITE_A_B1,25.43,62.89,100.5,3.52,10.644,True,False,0.19155007718454842
2026-06-29 09:00:00,AST_0013,SITE_A,SITE_A_B2,17.79,59.3,101.47,2.204,20.289,True,False,0.16387561629525427
2026-06-29 09:00:00,AST_0063,SITE_C,SITE_C_B2,24.58,51.68,101.03,2.367,0.22,True,False,0.2610584866156899
2026-06-29 09:00:00,AST_0041,SITE_B,SITE_B_B2,24.13,54.15,101.39,1.806,0.181,True,False,0.24417855973514402
2026-06-29 09:15:00,AST_0050,SITE_C,SITE_C_B1,26.02,55.06,100.99,4.345,13.488,True,False,0.1996487616393769
2026-06-29 09:15:00,AST_0008,SITE_A,SITE_A_B1,25.05,56.09,100.72,2.659,0.251,True,False,0.21372661293530326
2026-06-29 09:15:00,AST_0017,SITE_A,SITE_A_B2,24.58,55.89,101.2,2.982,10.16,True,False,0.2372506871817321
2026-06-29 09:15:00,AST_0014,SITE_A,SITE_A_B2,19.22,53.6,101.67,2.413,22.612,True,False,0.1976859662323579
2026-06-29 09:15:00,AST_0003,SITE_A,SITE_A_B1,18.81,51.26,102.12,1.759,16.365,True,False,0.17940313863891716
2026-06-29 09:15:00,AST_0025,SITE_B,SITE_B_B1,19.7,59.23,101.72,2.492,21.47,True,False,0.12014232791196933
2026-06-29 09:15:00,AST_0065,SITE_C,SITE_C_B2,25.24,54.19,100.41,2.561,0.233,True,False,0.25366504736183626
2026-06-29 09:15:00,AST_0046,SITE_C,SITE_C_B1,20.05,53.51,100.89,3.801,26.927,True,False,0.22978652813612271
2026-06-29 09:15:00,AST_0060,SITE_C,SITE_C_B2,26.4,54.26,100.6,5.574,17.213,True,False,0.22523895126241983
2026-06-29 09:15:00,AST_0053,SITE_C,SITE_C_B1,23.27,55.19,100.65,2.115,0.22,True,False,0.24529659762435863
2026-06-29 09:15:00,AST_0005,SITE_A,SITE_A_B1,24.15,48.93,101.52,3.862,11.102,True,False,0.24682248503220655
2026-06-29 09:15:00,AST_0049,SITE_C,SITE_C_B1,25.93,56.87,101.03,3.637,10.934,True,False,0.2229005669250574
2026-06-29 09:15:00,AST_0004,SITE_A,SITE_A_B1,18.85,57.26,100.71,3.651,28.001,True,False,0.21054411485767932
2026-06-29 09:15:00,AST_0035,SITE_B,SITE_B_B2,19.65,54.95,101.48,2.843,23.439,True,False,0.18939197631198318
2026-06-29 09:15:00,AST_0063,SITE_C,SITE_C_B2,25.55,58.9,101.28,2.679,0.24,True,False,0.20567855622335163
2026-06-29 09:15:00,AST_0013,SITE_A,SITE_A_B2,18.59,57.13,101.73,2.809,20.377,True,False,0.14289797530377635
2026-06-29 09:15:00,AST_0030,SITE_B,SITE_B_B1,24.93,53.17,100.92,2.164,0.243,True,False,0.2624888837229852
2026-06-29 09:15:00,AST_0036,SITE_B,SITE_B_B2,19.66,53.98,100.66,4.268,31.164,True,False,0.22821011306271116
2026-06-29 09:15:00,AST_0054,SITE_C,SITE_C_B1,24.49,50.3,101.05,1.852,0.188,True,False,0.2669783939216652
2026-06-29 09:15:00,AST_0057,SITE_C,SITE_C_B2,19.78,50.43,101.21,4.287,31.754,True,False,0.2270730984825205
2026-06-29 09:15:00,AST_0012,SITE_A,SITE_A_B2,8.48,52.32,100.72,5.006,270.709,True,False,0.09713084068797884
2026-06-29 09:15:00,AST_0047,SITE_C,SITE_C_B1,18.99,57.56,100.38,3.334,26.79,True,False,0.147102723529548
2026-06-29 09:15:00,AST_0023,SITE_B,SITE_B_B1,7.84,55.55,101.16,3.121,168.848,True,False,0.09551774374592636
2026-06-29 09:15:00,AST_0001,SITE_A,SITE_A_B1,7.59,54.31,101.14,4.809,238.523,True,False,0.07922612337045509
2026-06-29 09:15:00,AST_0061,SITE_C,SITE_C_B2,26.9,58.83,101.04,5.718,17.401,True,False,0.18448976030564773
2026-06-29 09:15:00,AST_0002,SITE_A,SITE_A_B1,18.22,51.87,101.1,2.679,21.53,True,False,0.21229262652912
2026-06-29 09:30:00,AST_0060,SITE_C,SITE_C_B2,25.63,58.35,101.45,5.524,17.925,True,False,0.18787733140120644
2026-06-29 09:30:00,AST_0033,SITE_B,SITE_B_B1,25.0,51.74,100.91,1.931,0.202,True,False,0.2485332321256758
2026-06-29 09:30:00,AST_0054,SITE_C,SITE_C_B1,23.71,56.5,100.87,1.66,0.199,True,False,0.24386872791822317
2026-06-29 09:30:00,AST_0052,SITE_C,SITE_C_B1,24.66,55.51,99.9,1.531,0.197,True,False,0.2329017122749062
2026-06-29 09:30:00,AST_0057,SITE_C,SITE_C_B2,19.19,51.59,100.24,4.26,33.924,True,False,0.17217515472993783
2026-06-29 09:30:00,AST_0028,SITE_B,SITE_B_B1,25.62,49.04,101.3,3.248,10.467,True,False,0.20981073704282766
2026-06-29 09:30:00,AST_0035,SITE_B,SITE_B_B2,17.83,61.84,101.19,2.66,25.65,True,False,0.15735143881647673
2026-06-29 10:15:00,AST_0054,SITE_C,SITE_C_B1,25.21,50.73,101.55,1.819,0.247,True,False,0.2414848944485904
2026-06-29 13:30:00,AST_0011,SITE_A,SITE_A_B1,23.19,51.4,101.07,5.234483808536522,0.8067490618154783,True,False,0.24642223092466248
2026-06-29 13:45:00,AST_0015,SITE_A,SITE_A_B2,19.44,40.9,101.29,2.761,27.147,True,False,0.20011541919997855
2026-06-29 14:15:00,AST_0050,SITE_C,SITE_C_B1,26.0,54.74,102.38,4.597,16.455,True,False,0.1258835408876734
2026-06-29 15:15:00,AST_0022,SITE_A,SITE_A_B2,24.31,57.52,100.46,8.693794847221529,0.9644932917793988,True,False,0.13589918238234733
2026-06-29 15:30:00,AST_0053,SITE_C,SITE_C_B1,24.06,52.54,100.91,11.389427571810868,1.0861816977515657,True,False,0.21342384670061637
2026-06-29 15:30:00,AST_0049,SITE_C,SITE_C_B1,24.89,56.7,100.89,19.855636166487333,60.59631919614026,True,False,0.08678382494005443
2026-06-29 17:15:00,AST_0057,SITE_C,SITE_C_B2,19.46,55.83,101.08,23.031728757560703,167.86239557160607,True,False,0.041335369853710446
2026-06-29 19:15:00,AST_0063,SITE_C,SITE_C_B2,24.34,55.68,100.5,14.171037325139457,0.856325819804139,True,False,0.17495672824452635
2026-06-29 21:30:00,AST_0045,SITE_C,SITE_C_B1,7.1,57.06,101.48,14.514945440096444,253.35526123405197,True,False,0.03159300328645809
2026-06-29 22:00:00,AST_0040,SITE_B,SITE_B_B2,21.84,55.55,101.01,0.308,0.035,True,False,0.24876770655482955
2026-06-29 22:45:00,AST_0062,SITE_C,SITE_C_B2,22.39,55.54,101.68,0.208,0.034,True,False,0.22270131693509004
2026-06-30 00:45:00,AST_0049,SITE_C,SITE_C_B1,25.1,43.36,101.51,3.42,3.941,True,False,0.27435818612003926
2026-06-30 04:00:00,AST_0053,SITE_C,SITE_C_B1,23.52,56.89,99.8,13.2101175921714,0.3019675259309332,True,False,0.19369583767988657
2026-06-30 08:15:00,AST_0018,SITE_A,SITE_A_B2,22.91,55.75,101.28,1.48183937768232,0.0090139559979383,True,False,0.2348892553845474
2026-06-30 08:15:00,AST_0020,SITE_A,SITE_A_B2,23.99,51.54,100.98,0.0,0.4506977998969153,True,False,0.23767227333113905
2026-06-30 08:15:00,AST_0023,SITE_B,SITE_B_B1,7.6,49.8,101.19,15.68827900877323,652.948437600656,True,True,-0.00043510878420571775
2026-06-30 08:30:00,AST_0012,SITE_A,SITE_A_B2,8.36,50.92,100.04,28.16506312052164,1109.068132030331,True,True,-0.03624462665549344
2026-06-30 09:00:00,AST_0045,SITE_C,SITE_C_B1,7.23,53.46,100.78,14.54529027376912,685.5203675992061,True,True,-0.0019605119889350986
2026-06-30 09:00:00,AST_0027,SITE_B,SITE_B_B1,25.32,43.28,101.04,3.338,10.015,True,False,0.2224260187678584
2026-06-30 09:00:00,AST_0014,SITE_A,SITE_A_B2,19.03,60.07,101.14,14.105290185515328,105.4317363298854,True,False,0.08013435868184615
2026-06-30 10:45:00,AST_0036,SITE_B,SITE_B_B2,20.39,53.39,101.24,22.14667110877433,165.74862289008956,True,False,0.06901709318703764
2026-06-30 11:00:00,AST_0029,SITE_B,SITE_B_B1,23.67,55.38,100.85,2.756,0.036,True,False,0.24699406366502302
2026-06-30 11:15:00,AST_0032,SITE_B,SITE_B_B1,25.13,56.45,100.365,14.732416748083953,1.2213910377206405,True,False,0.17139149913890328
2026-06-30 14:45:00,AST_0007,SITE_A,SITE_A_B1,23.39,47.88,101.06,5.467127533360368,0.0495767579886606,True,False,0.21651609718012438
2026-06-30 15:15:00,AST_0061,SITE_C,SITE_C_B2,27.8,56.64,100.23,30.461155535087418,103.23233106638844,True,False,0.07812827136347023
2026-06-30 17:00:00,AST_0038,SITE_B,SITE_B_B2,24.8,53.89,101.07,16.047359540566557,49.1936648587483,True,False,0.13448224458966718
2026-06-30 17:15:00,AST_0040,SITE_B,SITE_B_B2,22.44,54.5,101.47,0.822,0.0,True,False,0.2348338453108863
2026-06-30 20:15:00,AST_0032,SITE_B,SITE_B_B1,25.06,57.32,99.62,15.329198476979904,0.3740791739144397,True,False,0.1848358192599952
2026-06-30 20:15:00,AST_0003,SITE_A,SITE_A_B1,17.95,56.74,101.27,9.199542075099457,26.203570086006653,True,False,0.1709233025048812
2026-06-30 20:15:00,AST_0005,SITE_A,SITE_A_B1,26.07,46.52,100.96,18.16138295309629,16.842576782147724,True,False,0.16570507733052287
2026-06-30 22:15:00,AST_0038,SITE_B,SITE_B_B2,25.7,54.93,100.93,14.535175329211564,15.377808932482749,True,False,0.17341992756723523
2026-07-01 03:00:00,AST_0044,SITE_B,SITE_B_B2,23.86,57.14,100.93,4.142069796320205,0.2163349439505193,True,False,0.2685025754950197
2026-07-01 05:15:00,AST_0006,SITE_A,SITE_A_B1,26.18,54.5,100.74,18.424371511592803,19.226768143602406,True,False,0.16511083485896627
2026-07-01 05:30:00,AST_0062,SITE_C,SITE_C_B2,22.51,58.58,101.31,0.291,0.032,True,False,0.2324518963981138
2026-07-01 12:00:00,AST_0018,SITE_A,SITE_A_B2,22.2,51.72,100.89,0.233,0.026,True,False,0.24020951372471977
2026-07-01 13:30:00,AST_0028,SITE_B,SITE_B_B1,25.01,56.08,101.06,16.85655510517124,53.4167032437824,True,False,0.11089645025273898
2026-07-01 14:00:00,AST_0024,SITE_B,SITE_B_B1,21.19,57.04,100.7,24.84736130564245,191.30318814424464,True,False,0.05444756910886828
2026-07-01 19:00:00,AST_0026,SITE_B,SITE_B_B1,17.41,53.99,100.68,16.598624018953497,107.42832758342873,True,False,0.0966466033405311
2026-07-01 19:15:00,AST_0012,SITE_A,SITE_A_B2,9.8,52.65,100.86,29.3687415228711,1273.5277592127154,True,True,-0.03059210846917415
2026-07-01 20:45:00,AST_0043,SITE_B,SITE_B_B2,24.28,47.93,100.58,11.591726462962038,0.2794326359360874,True,False,0.2298997395122509
2026-07-02 01:00:00,AST_0063,SITE_C,SITE_C_B2,24.85,56.84,100.52,15.834945704857828,0.324502415925779,True,False,0.17615376491398538
2026-07-02 01:15:00,AST_0060,SITE_C,SITE_C_B2,28.91,57.72,101.01,32.96966178536193,24.41880679841487,True,False,0.09125880431884015
2026-07-02 01:15:00,AST_0058,SITE_C,SITE_C_B2,19.96,50.01,100.69,22.713108003997608,45.592589437571945,True,False,0.12939358697460035
2026-07-02 01:30:00,AST_0030,SITE_B,SITE_B_B1,24.56,50.72,100.45,16.45701479514768,0.4326698879010386,True,False,0.19565228442050236
2026-07-02 04:30:00,AST_0065,SITE_C,SITE_C_B2,25.51,50.54,100.925,10.801271920087675,0.056,True,False,0.23894961329249825
2026-07-02 04:30:00,AST_0049,SITE_C,SITE_C_B1,25.36,49.7,101.09,19.531957940645466,20.376047533339538,True,False,0.15530934518418615
2026-07-02 04:45:00,AST_0065,SITE_C,SITE_C_B2,24.8,54.99,100.88,17.99954384017535,0.3605582399175322,True,False,0.17031683593159475
2026-07-02 05:45:00,AST_0056,SITE_C,SITE_C_B2,8.33,51.89,101.04,25.64644192568957,425.45872310268805,True,False,0.0010154325294459143
2026-07-02 07:00:00,AST_0017,SITE_A,SITE_A_B2,25.28,48.21,101.76,17.731497809400047,15.184008878527075,True,False,0.14261168252521117
2026-07-02 07:15:00,AST_0016,SITE_A,SITE_A_B2,26.25,56.25,100.29,24.999085474005827,20.12816374339624,True,False,0.1401051627465174
2026-07-02 08:30:00,AST_0031,SITE_B,SITE_B_B1,24.19,57.22,100.54,12.835864643541733,0.9509723577824912,True,False,0.18120411117421603
2026-07-02 10:15:00,AST_0054,SITE_C,SITE_C_B1,24.76,40.57,101.05,2.468,0.247,True,False,0.24430905170962253
2026-07-02 11:30:00,AST_0062,SITE_C,SITE_C_B2,20.87,54.28,101.53,0.229,0.032,True,False,0.21052389368425561
2026-07-02 12:15:00,AST_0006,SITE_A,SITE_A_B1,25.17,60.02,101.41,19.61287749710593,60.10055161625365,True,False,0.07471373894739164
2026-07-02 12:30:00,AST_0042,SITE_B,SITE_B_B2,25.42,46.55,100.73,4.273,0.311,True,False,0.2732992082774619
2026-07-02 12:30:00,AST_0006,SITE_A,SITE_A_B1,25.68,47.54,101.55,11.779438748552966,14.054,True,False,0.18012631094586723
2026-07-02 14:00:00,AST_0063,SITE_C,SITE_C_B2,25.49,55.6,100.72,17.24092299835846,1.3566003776897149,True,False,0.12278668624594025
2026-07-02 17:00:00,AST_0001,SITE_A,SITE_A_B1,9.42,52.96,100.23,29.019775935635334,1477.3693601500925,True,True,-0.03323434657902136
2026-07-02 23:15:00,AST_0061,SITE_C,SITE_C_B2,29.1,49.65,99.95,33.21242045474333,32.4502415925779,True,False,0.13908420938131516
2026-07-03 00:15:00,AST_0039,SITE_B,SITE_B_B2,25.57,51.06,101.09,17.98437142333901,10.510272693596065,True,False,0.16937918346426606
2026-07-03 02:45:00,AST_0060,SITE_C,SITE_C_B2,26.65,51.93,101.07,32.84322497839244,30.719562040973745,True,False,0.12777214304819373
2026-07-03 05:45:00,AST_0057,SITE_C,SITE_C_B2,21.27,55.6,99.97,28.17012059280042,61.58785435591347,True,False,0.11808367264331998
2026-07-03 07:45:00,AST_0013,SITE_A,SITE_A_B2,18.59,54.3,101.37,14.41885346679964,30.088585121118065,True,False,0.146003254764271
2026-07-03 08:15:00,AST_0051,SITE_C,SITE_C_B1,24.4,50.07,100.1,3.853,0.026,True,False,0.2284872884535552
2026-07-03 10:00:00,AST_0024,SITE_B,SITE_B_B1,20.275,52.61,100.41,5.904,40.883,True,False,0.22165647194948707
2026-07-03 13:00:00,AST_0017,SITE_A,SITE_A_B2,25.62,51.53,101.12,17.417934528115733,56.31469009711956,True,False,0.10615968727396408
2026-07-03 13:15:00,AST_0017,SITE_A,SITE_A_B2,25.49,50.65,101.93,10.688967264057867,12.541,True,False,0.1755392023270541
2026-07-03 14:00:00,AST_0041,SITE_B,SITE_B_B2,24.7,52.34,100.51,14.499773023260108,1.2123770817227022,True,False,0.14680823362292128
2026-07-03 14:45:00,AST_0039,SITE_B,SITE_B_B2,27.13,50.77,101.58,16.36092282185087,55.13386186138965,True,False,0.11371356500515195
2026-07-03 16:45:00,AST_0023,SITE_B,SITE_B_B1,6.94,46.26,100.93,16.97793443986194,958.2240853828326,True,True,-0.03161133335124444
2026-07-03 17:00:00,AST_0023,SITE_B,SITE_B_B1,7.95,49.91,100.37,16.730118298201756,888.9428195826788,True,True,-0.038316224156023204
2026-07-03 19:00:00,AST_0054,SITE_C,SITE_C_B1,24.24,56.97,100.41,14.439083355914756,0.978014225776306,True,False,0.16686506064597573
2026-07-03 20:45:00,AST_0006,SITE_A,SITE_A_B1,24.92,47.18,100.82,4.444,3.687,True,False,0.30047711163575475
2026-07-03 22:00:00,AST_0049,SITE_C,SITE_C_B1,26.42,54.86,101.02,20.76092370438882,21.876871206996267,True,False,0.13625023151799542
2026-07-03 22:30:00,AST_0029,SITE_B,SITE_B_B1,23.78,51.11,100.11,17.43816441723085,0.0,True,False,0.19728387888082066
2026-07-04 01:15:00,AST_0040,SITE_B,SITE_B_B2,22.57,49.72,100.96,0.494,0.027,True,False,0.27981426483413063
2026-07-04 01:30:00,AST_0059,SITE_C,SITE_C_B2,19.72,51.13,100.54,25.32782117212648,55.1699176853814,True,False,0.12205794471592823
2026-07-04 04:15:00,AST_0053,SITE_C,SITE_C_B1,24.99,49.97,99.85,17.822532310418076,0.2929535699329949,True,False,0.19052229058192682
2026-07-04 09:15:00,AST_0040,SITE_B,SITE_B_B2,22.41,48.95,101.78,0.499,0.032,True,False,0.23938267100915955
2026-07-04 10:15:00,AST_0054,SITE_C,SITE_C_B1,24.37,51.46,100.35,14.752646637199067,0.3605582399175322,True,False,0.207995874556881
2026-07-04 10:30:00,AST_0034,SITE_B,SITE_B_B2,7.95,52.22,100.89,29.702534693270533,398.9261436227566,True,False,0.008775335192734546
2026-07-04 10:30:00,AST_0058,SITE_C,SITE_C_B2,19.81,58.52,100.29,25.92966037330121,48.85564150882561,True,False,0.10775414742541356
2026-07-04 12:30:00,AST_0061,SITE_C,SITE_C_B2,27.98,49.63,100.12,36.60092688152543,33.58600004831813,True,False,0.1432078429564041
2026-07-04 13:00:00,AST_0029,SITE_B,SITE_B_B1,23.96,44.2,100.97,3.803,0.03,True,False,0.2921898848086653
2026-07-04 14:15:00,AST_0059,SITE_C,SITE_C_B2,22.4,47.57,99.86,5.134,11.225,True,False,0.2619311471319595
2026-07-04 17:15:00,AST_0047,SITE_C,SITE_C_B1,19.35,50.04,100.85,21.534716963042044,47.14749684721631,True,False,0.1283234384455917
2026-07-04 18:45:00,AST_0042,SITE_B,SITE_B_B2,25.84,41.99,100.37,19.73931430407541,0.3966140639092854,True,False,0.18543239637133974
2026-07-04 19:45:00,AST_0046,SITE_C,SITE_C_B1,20.42,44.03,100.64,5.155,10.395,True,False,0.28174961900344436
2026-07-04 22:15:00,AST_0009,SITE_A,SITE_A_B1,24.93,51.06,100.35,18.84919918301026,0.4957675798866068,True,False,0.1828021851313718
2026-07-04 22:45:00,AST_0050,SITE_C,SITE_C_B1,25.7,44.81,100.14,26.096556958500926,20.457173137320986,True,False,0.16914168261803597
2026-07-04 23:00:00,AST_0024,SITE_B,SITE_B_B1,20.45,52.39,100.15,6.347,13.895,True,False,0.2601825437413719
2026-07-05 03:15:00,AST_0053,SITE_C,SITE_C_B1,24.63,49.23,99.96,11.850777861473901,0.079,True,False,0.24447556164265594
2026-07-05 03:30:00,AST_0053,SITE_C,SITE_C_B1,24.21,52.26,99.64,19.9365557229478,0.4101349979061929,True,False,0.18379583025684443
2026-07-05 05:15:00,AST_0004,SITE_A,SITE_A_B1,19.9,47.07,100.65,23.537475985438626,47.47199926314208,True,False,0.13366115763052233
2026-07-05 06:30:00,AST_0017,SITE_A,SITE_A_B2,25.49,46.54,100.83,3.5175,15.247106570512644,True,False,0.2774264477865052
2026-07-05 08:15:00,AST_0035,SITE_B,SITE_B_B2,17.66,46.81,101.31,17.97931395106023,43.92951455595233,True,False,0.12884847270500954
2026-07-05 08:30:00,AST_0007,SITE_A,SITE_A_B1,22.61,45.1,100.92,6.3825300158194125,0.0,True,False,0.267152314720161
2026-07-05 09:00:00,AST_0009,SITE_A,SITE_A_B1,24.81,45.4,100.7,19.526900468366684,0.500274557885576,True,False,0.17912732168365753
2026-07-05 09:15:00,AST_0002,SITE_A,SITE_A_B1,20.04,49.86,101.22,14.565520162884235,35.89357278379033,True,False,0.16846806738821785
2026-07-05 09:30:00,AST_0051,SITE_C,SITE_C_B1,25.07,45.43,100.11,22.465291862337427,0.0,True,False,0.17250061902892433
2026-07-05 11:30:00,AST_0022,SITE_A,SITE_A_B2,23.87,42.73,100.98,14.251956881599924,0.3470373059206247,True,False,0.2032232483306003
2026-07-05 13:00:00,AST_0021,SITE_A,SITE_A_B2,23.11,50.44,101.21,14.307589076666495,0.2343628559463959,True,False,0.19490075640330545
2026-07-05 13:30:00,AST_0050,SITE_C,SITE_C_B1,26.76,48.18,101.08,27.59862622529836,24.56753707238085,True,False,0.13620504694794255
2026-07-05 13:45:00,AST_0044,SITE_B,SITE_B_B2,23.77,50.29,102.0,5.325518309554549,0.1847860979577352,True,False,0.22687013036232728
2026-07-05 14:30:00,AST_0063,SITE_C,SITE_C_B2,26.26,43.38,100.68,4.334,0.152,True,False,0.29049628826876517
2026-07-05 15:00:00,AST_0026,SITE_B,SITE_B_B1,19.35,45.62,100.85,17.154945969619213,37.74143376336769,True,False,0.15642843495763936
2026-07-05 15:30:00,AST_0025,SITE_B,SITE_B_B1,18.71,45.39,101.29,15.865290538530504,33.288539500386165,True,False,0.15120457215079186
2026-07-05 15:45:00,AST_0013,SITE_A,SITE_A_B2,17.38,51.09,100.88,16.1586239306997,39.82365759889144,True,False,0.14293225290410227
2026-07-05 17:30:00,AST_0012,SITE_A,SITE_A_B2,12.23,47.08,99.9,6.933,116.251,True,False,0.17021310200720718
2026-07-05 18:15:00,AST_0005,SITE_A,SITE_A_B1,25.29,47.65333333333333,100.98,20.118624724983853,18.492130729770437,True,False,0.15744107272386043
2026-07-05 19:15:00,AST_0060,SITE_C,SITE_C_B2,27.57,44.48,99.99,36.76782346672514,36.74088464759653,True,False,0.1364975734636934
2026-07-05 20:00:00,AST_0042,SITE_B,SITE_B_B2,26.02,45.155,100.37,22.15172858105311,0.5363303818773292,True,False,0.16834986469436575
2026-07-05 20:00:00,AST_0023,SITE_B,SITE_B_B1,8.54,44.08,101.24,19.14759004745824,228.6750497116969,True,False,0.044728514645458795
2026-07-05 20:30:00,AST_0041,SITE_B,SITE_B_B2,24.46,42.72,100.72,16.891957411122693,0.4236559319031003,True,False,0.19348865138036314
2026-07-05 22:15:00,AST_0010,SITE_A,SITE_A_B1,22.98,43.48,101.88,4.1875870468292185,0.2388698339453651,True,False,0.24045768774487813
2026-07-05 22:15:00,AST_0021,SITE_A,SITE_A_B2,25.14,45.83,100.96,15.212876614567982,0.3921070859103163,True,False,0.2006548525547756
2026-07-05 23:15:00,AST_0013,SITE_A,SITE_A_B2,19.62,48.72,100.73,15.121842113549956,33.79332103627071,True,False,0.17276456454631928
2026-07-06 05:00:00,AST_0016,SITE_A,SITE_A_B2,25.6,47.84,100.24,29.535638108070813,23.00812268473753,True,False,0.16197754201684567
2026-07-06 07:30:00,AST_0019,SITE_A,SITE_A_B2,24.22,48.15,100.5,13.255634842680411,0.4056280199072237,True,False,0.22692824919179688
2026-07-06 07:45:00,AST_0049,SITE_C,SITE_C_B1,26.04,42.85,100.41,4.132,7.207,True,False,0.2962531252913391
2026-07-06 08:00:00,AST_0058,SITE_C,SITE_C_B2,20.43,48.01,99.92,5.311,34.728,True,False,0.22893483657321573
2026-07-06 08:00:00,AST_0052,SITE_C,SITE_C_B1,25.725,47.27,101.13,2.967,0.205,True,False,0.2595177754045713
2026-07-06 08:00:00,AST_0008,SITE_A,SITE_A_B1,25.94,43.94,100.6,4.892,0.288,True,False,0.24656801910370757
2026-07-06 08:00:00,AST_0012,SITE_A,SITE_A_B2,9.58,49.51,100.64,6.963,329.548,True,False,0.08679632640296675
2026-07-06 08:00:00,AST_0014,SITE_A,SITE_A_B2,19.71,44.47,100.38,3.053,24.175,True,False,0.23645895460362482
2026-07-06 08:00:00,AST_0054,SITE_C,SITE_C_B1,25.08,43.87,100.18,3.303,0.239,True,False,0.20205415518484143
2026-07-06 08:00:00,AST_0064,SITE_C,SITE_C_B2,24.08,46.05,100.89,0.246,0.125,True,False,0.23759314329572412
2026-07-06 08:00:00,AST_0020,SITE_A,SITE_A_B2,23.45,47.89,101.44,0.405,0.115,True,False,0.24364654626106508
2026-07-06 08:00:00,AST_0006,SITE_A,SITE_A_B1,25.84,51.24,100.67,4.09,10.744,True,False,0.2641552687001135
2026-07-06 08:00:00,AST_0057,SITE_C,SITE_C_B2,20.99,42.15,99.54,6.291,41.999,True,False,0.2131829575869973
2026-07-06 08:00:00,AST_0049,SITE_C,SITE_C_B1,26.07,49.16,100.77,4.058,10.597,True,False,0.2385085447050026
2026-07-06 08:00:00,AST_0024,SITE_B,SITE_B_B1,19.67,44.25,100.26,6.08,38.623,True,False,0.23028090250829109
2026-07-06 08:00:00,AST_0047,SITE_C,SITE_C_B1,19.68,43.92,100.68,4.261,30.573,True,False,0.23661713527200495
2026-07-06 08:00:00,AST_0056,SITE_C,SITE_C_B2,8.43,39.92,100.52,6.138,278.13,True,False,0.09444652129915876
2026-07-06 08:00:00,AST_0025,SITE_B,SITE_B_B1,18.87,41.78,101.71,3.234,23.273,True,False,0.19826360442365754
2026-07-06 08:00:00,AST_0002,SITE_A,SITE_A_B1,18.64,43.44,101.28,3.201,23.426,True,False,0.22196209244207465
2026-07-06 08:00:00,AST_0001,SITE_A,SITE_A_B1,8.74,49.17,100.25,6.284,306.682,True,False,0.07036017644618531
2026-07-06 08:00:00,AST_0046,SITE_C,SITE_C_B1,19.55,45.34,100.11,5.04,31.759,True,False,0.2261707558947631
2026-07-06 08:00:00,AST_0065,SITE_C,SITE_C_B2,24.86,45.19,100.22,4.908,0.1975,True,False,0.23063310936713582
2026-07-06 08:00:00,AST_0022,SITE_A,SITE_A_B2,24.34,47.9,100.24,2.955,0.217,True,False,0.2601624700717573
2026-07-06 08:00:00,AST_0050,SITE_C,SITE_C_B1,26.56,45.72,101.17,5.655,15.353,True,False,0.19942337166838076
2026-07-06 08:00:00,AST_0005,SITE_A,SITE_A_B1,26.02,46.44,100.99,4.153,11.049,True,False,0.1574066846290838
2026-07-06 08:00:00,AST_0026,SITE_B,SITE_B_B1,19.79,43.15,100.98,3.649,24.079,True,False,0.23013597797206992
2026-07-06 08:00:00,AST_0055,SITE_C,SITE_C_B1,25.18,45.76,101.02,2.417,0.182,True,False,0.21697752479650573
2026-07-06 08:00:00,AST_0015,SITE_A,SITE_A_B2,19.58,46.44,100.51,3.314,24.145,True,False,0.24387791026531852
2026-07-06 08:00:00,AST_0028,SITE_B,SITE_B_B1,26.02,42.27,101.36,3.289,9.36,True,False,0.20539595774737007
2026-07-06 08:00:00,AST_0033,SITE_B,SITE_B_B1,24.375,50.7,100.55,3.419,0.205,True,False,0.2715393553044675
2026-07-06 08:00:00,AST_0039,SITE_B,SITE_B_B2,26.5,42.96,101.77,3.954,8.881,True,False,0.2084462256648547
2026-07-06 08:00:00,AST_0060,SITE_C,SITE_C_B2,28.14,40.79,99.73,7.621,21.714,True,False,0.23392079918036018
2026-07-06 08:00:00,AST_0003,SITE_A,SITE_A_B1,18.98,46.48,100.68,1.705,15.981,True,False,0.141586602948519
2026-07-06 08:00:00,AST_0037,SITE_B,SITE_B_B2,18.13,47.62,100.75,2.98,19.296,True,False,0.2449408473292295
2026-07-06 08:00:00,AST_0044,SITE_B,SITE_B_B2,23.66,44.63,100.2,0.794,0.16,True,False,0.2461829951999442
2026-07-06 08:00:00,AST_0030,SITE_B,SITE_B_B1,24.91,50.55,99.73,4.282,0.273,True,False,0.1668837897393467
2026-07-06 08:00:00,AST_0045,SITE_C,SITE_C_B1,7.99,44.0,100.79,3.13,142.252,True,False,0.10958172394519283
2026-07-06 08:00:00,AST_0048,SITE_C,SITE_C_B1,18.07,41.0,101.4,3.911,27.99,True,False,0.1932890534229803
2026-07-06 08:00:00,AST_0059,SITE_C,SITE_C_B2,20.52,46.88,100.07,5.292,35.337,True,False,0.2045368505876895
2026-07-06 08:00:00,AST_0063,SITE_C,SITE_C_B2,25.49,46.89,100.17,4.217,0.248,True,False,0.2655326179932797
2026-07-06 08:00:00,AST_0031,SITE_B,SITE_B_B1,24.65,42.87,100.85,3.687,0.24,True,False,0.2217964730143066
2026-07-06 08:00:00,AST_0004,SITE_A,SITE_A_B1,20.28,47.04,100.15,4.757,32.835,True,False,0.15276804699587432
2026-07-06 08:00:00,AST_0061,SITE_C,SITE_C_B2,28.34,43.7,100.5,7.648,22.237,True,False,0.17935126005097118
2026-07-06 08:00:00,AST_0016,SITE_A,SITE_A_B2,26.87,44.03,101.05,5.508,15.825,True,False,0.23727553785387734
2026-07-06 08:00:00,AST_0023,SITE_B,SITE_B_B1,6.97,41.76,101.0,3.631,167.69,True,False,0.10088373019114971
2026-07-06 08:00:00,AST_0027,SITE_B,SITE_B_B1,25.42,41.75,101.73,3.891,9.412,True,False,0.21429023988889162
2026-07-06 08:00:00,AST_0038,SITE_B,SITE_B_B2,25.45,51.24,100.97,3.138,9.323,True,False,0.2403782764670983
2026-07-06 08:00:00,AST_0036,SITE_B,SITE_B_B2,21.56,44.23,100.35,6.119,40.539,True,False,0.23520611338741726
2026-07-06 08:00:00,AST_0034,SITE_B,SITE_B_B2,9.63,46.41,100.54,5.951,287.213,True,False,0.09731488870629423
2026-07-06 08:00:00,AST_0017,SITE_A,SITE_A_B2,27.28,47.2,100.94,3.612,9.807,True,False,0.24689214728060227
2026-07-06 08:00:00,AST_0043,SITE_B,SITE_B_B2,24.95,46.31,100.38,3.325,0.206,True,False,0.27119692546403357
2026-07-06 08:00:00,AST_0053,SITE_C,SITE_C_B1,25.24,42.114999999999995,100.73,4.009,0.255,True,False,0.2464826672684876
2026-07-06 08:00:00,AST_0032,SITE_B,SITE_B_B1,26.53,44.62,100.26,4.819,0.283,True,False,0.2691737986716515
2026-07-06 08:15:00,AST_0004,SITE_A,SITE_A_B1,20.21,44.1,100.74,5.098,33.158,True,False,0.18718442717060452
2026-07-06 08:15:00,AST_0012,SITE_A,SITE_A_B2,9.19,40.04,100.55,7.357,330.735,True,False,0.07948376307013783
2026-07-06 08:15:00,AST_0017,SITE_A,SITE_A_B2,25.2,46.79,100.76,3.6885000000000003,9.798,True,False,0.1739541372538781
2026-07-06 08:15:00,AST_0031,SITE_B,SITE_B_B1,24.39,45.84,100.74,3.671,0.223,True,False,0.2601501011743721
2026-07-06 08:15:00,AST_0045,SITE_C,SITE_C_B1,7.37,49.28,100.71,3.291,145.649,True,False,0.12500123206211333
2026-07-06 08:15:00,AST_0046,SITE_C,SITE_C_B1,19.0,49.2,100.6,5.055,33.251,True,False,0.23813387058207636
2026-07-06 08:15:00,AST_0059,SITE_C,SITE_C_B2,20.26,43.92,100.4,5.171,35.709,True,False,0.2312440981326367
2026-07-06 08:15:00,AST_0032,SITE_B,SITE_B_B1,25.48,50.56,100.26,4.618,0.282,True,False,0.2714180525215722
2026-07-06 08:15:00,AST_0044,SITE_B,SITE_B_B2,22.41,44.39,101.57,0.852,0.15,True,False,0.2231171303713752
2026-07-06 08:15:00,AST_0061,SITE_C,SITE_C_B2,28.22,45.94,100.37,7.779,22.576,True,False,0.2116074542412597
2026-07-06 08:15:00,AST_0016,SITE_A,SITE_A_B2,26.64,47.34,101.38,5.694,15.935,True,False,0.22564278376402302
2026-07-06 08:15:00,AST_0006,SITE_A,SITE_A_B1,25.43,48.86,101.09,3.972,11.173,True,False,0.25881346430397695
2026-07-06 08:15:00,AST_0053,SITE_C,SITE_C_B1,26.06,40.61,100.67,3.822,0.248,True,False,0.16082117264430396
2026-07-06 08:15:00,AST_0003,SITE_A,SITE_A_B1,18.11,51.75,100.84,1.789,14.726,True,False,0.1750311826981844
2026-07-06 08:15:00,AST_0050,SITE_C,SITE_C_B1,26.82,46.83,100.76,5.631,16.262,True,False,0.21009601126668925
2026-07-06 08:15:00,AST_0033,SITE_B,SITE_B_B1,24.54,44.63,100.51,3.356,0.26,True,False,0.268471131573098
2026-07-06 08:15:00,AST_0024,SITE_B,SITE_B_B1,20.6,46.72,99.97,6.191,38.796,True,False,0.23253301112580926
2026-07-06 08:15:00,AST_0036,SITE_B,SITE_B_B2,20.89,45.9,99.71,6.424,39.533,True,False,0.22621805180062327
2026-07-06 08:15:00,AST_0065,SITE_C,SITE_C_B2,26.03,45.03,100.8,4.507,0.283,True,False,0.2671109419772228
2026-07-06 08:15:00,AST_0047,SITE_C,SITE_C_B1,18.83,45.36,100.78,4.51,30.143,True,False,0.23876477342436359
2026-07-06 08:15:00,AST_0026,SITE_B,SITE_B_B1,18.91,49.68,101.23,3.496,24.622,True,False,0.2182229750255864
2026-07-06 08:15:00,AST_0023,SITE_B,SITE_B_B1,7.75,49.41,100.44,3.684,161.257,True,False,0.11389961252902348
2026-07-06 08:15:00,AST_0025,SITE_B,SITE_B_B1,18.29,43.66,101.1,3.338,23.32,True,False,0.22569013859712977
2026-07-06 08:15:00,AST_0054,SITE_C,SITE_C_B1,25.61,49.91,100.24,3.497,0.24,True,False,0.2608759861802052
2026-07-06 08:15:00,AST_0052,SITE_C,SITE_C_B1,26.26,43.54,100.74,2.398,0.18,True,False,0.2510018366404814
2026-07-06 08:15:00,AST_0008,SITE_A,SITE_A_B1,25.88,48.02,100.48,4.882,0.285,True,False,0.26972428044239943
2026-07-06 08:15:00,AST_0055,SITE_C,SITE_C_B1,24.2,44.81,100.48,2.566,0.197,True,False,0.2698208873420412
2026-07-06 08:15:00,AST_0038,SITE_B,SITE_B_B2,25.31,42.37,101.7,3.536,8.799,True,False,0.16651120615148252
2026-07-06 08:15:00,AST_0039,SITE_B,SITE_B_B2,25.28,46.24,101.66,3.28,9.891,True,False,0.1519767782918544
2026-07-06 08:15:00,AST_0028,SITE_B,SITE_B_B1,25.06,48.01,101.3,3.364,9.692,True,False,0.25813896968776345
2026-07-06 08:15:00,AST_0057,SITE_C,SITE_C_B2,21.05,44.8,100.31,6.337,39.974,True,False,0.22912728180988867
2026-07-06 08:15:00,AST_0015,SITE_A,SITE_A_B2,19.62,45.15,101.11,3.416,22.536,True,False,0.22549799255273467
2026-07-06 08:15:00,AST_0027,SITE_B,SITE_B_B1,25.64,45.77,101.49,3.537,10.331,True,False,0.24229632998890843
2026-07-06 08:15:00,AST_0048,SITE_C,SITE_C_B1,19.86,44.78,100.75,3.907,27.824,True,False,0.23798772961832648
2026-07-06 08:15:00,AST_0035,SITE_B,SITE_B_B2,19.59,48.88,100.42,3.748,26.366,True,False,0.2418304642296814
2026-07-06 08:15:00,AST_0037,SITE_B,SITE_B_B2,19.07,45.95,100.78,2.869,20.392,True,False,0.2143427274270744
2026-07-06 08:15:00,AST_0049,SITE_C,SITE_C_B1,25.83,48.68,100.93,4.142,11.291,True,False,0.21253652053011773
2026-07-06 08:15:00,AST_0001,SITE_A,SITE_A_B1,9.14,45.63,100.07,6.349,313.378,True,False,0.08858925655591421
2026-07-06 08:15:00,AST_0034,SITE_B,SITE_B_B2,9.47,45.69,100.57,5.993,285.709,True,False,0.0830181996657482
2026-07-06 08:15:00,AST_0011,SITE_A,SITE_A_B1,24.13,50.58,101.17,1.556,0.141,True,False,0.2687285378431935
2026-07-06 08:15:00,AST_0043,SITE_B,SITE_B_B2,25.12,42.7,100.5,3.171,0.227,True,False,0.21556397990243453
2026-07-06 08:15:00,AST_0058,SITE_C,SITE_C_B2,20.0,46.03,100.53,5.598,35.449,True,False,0.23533527512758529
2026-07-06 08:15:00,AST_0063,SITE_C,SITE_C_B2,26.3,47.74,100.51,4.203,0.268,True,False,0.2667742378337739
2026-07-06 08:15:00,AST_0056,SITE_C,SITE_C_B2,8.68,44.06,100.71,6.386,286.432,True,False,0.07339581198181888
2026-07-06 08:15:00,AST_0030,SITE_B,SITE_B_B1,25.2,47.63,99.81,4.413,0.262,True,False,0.2644009138115955
2026-07-06 08:15:00,AST_0014,SITE_A,SITE_A_B2,19.09,46.27,101.44,2.96,24.577,True,False,0.2142626601525931
2026-07-06 08:30:00,AST_0047,SITE_C,SITE_C_B1,20.2,39.77,100.54,4.436999999999999,28.987,True,False,0.23247742506528996
2026-07-06 08:30:00,AST_0027,SITE_B,SITE_B_B1,25.94,50.76,100.57,3.477,10.017,True,False,0.25217381140323775
2026-07-06 08:30:00,AST_0001,SITE_A,SITE_A_B1,8.9,48.31,99.75,6.65,302.347,True,False,0.09700316438974188
2026-07-06 08:30:00,AST_0023,SITE_B,SITE_B_B1,8.44,44.12,100.72,3.718,171.095,True,False,0.12465220495690443
2026-07-06 08:30:00,AST_0034,SITE_B,SITE_B_B2,8.99,48.99,100.45,5.96,282.293,True,False,0.09154827404144383
2026-07-06 08:30:00,AST_0032,SITE_B,SITE_B_B1,25.12,45.54,100.58,4.884,0.273,True,False,0.26845919311689587
2026-07-06 08:30:00,AST_0038,SITE_B,SITE_B_B2,26.0,41.65,100.84,3.622,9.711,True,False,0.2519779005548024
2026-07-06 08:30:00,AST_0053,SITE_C,SITE_C_B1,25.48,48.65,99.34,4.175,0.241,True,False,0.24687297518053092
2026-07-06 08:30:00,AST_0057,SITE_C,SITE_C_B2,22.06,47.6,100.0,6.273,40.709,True,False,0.22449586697519175
2026-07-06 08:30:00,AST_0024,SITE_B,SITE_B_B1,21.39,51.95,100.22,6.432,39.111,True,False,0.22971010984997287
2026-07-06 08:30:00,AST_0059,SITE_C,SITE_C_B2,21.01,36.97,100.71,5.506,35.981,True,False,0.1935589673278058
2026-07-06 08:30:00,AST_0028,SITE_B,SITE_B_B1,26.55,46.19,101.38,3.477,8.473,True,False,0.14611109649808507
2026-07-06 08:30:00,AST_0030,SITE_B,SITE_B_B1,25.64,39.2,100.2,4.507,0.253,True,False,0.26680792434423767
2026-07-06 08:30:00,AST_0011,SITE_A,SITE_A_B1,24.41,46.49,100.8,1.567,0.146,True,False,0.20155338919492594
2026-07-06 08:30:00,AST_0033,SITE_B,SITE_B_B1,25.59,44.59,100.84,3.677,0.245,True,False,0.26595471840483953
2026-07-06 08:30:00,AST_0031,SITE_B,SITE_B_B1,25.28,42.8,100.8,3.569,0.26,True,False,0.2681666953100748
2026-07-06 08:30:00,AST_0063,SITE_C,SITE_C_B2,25.98,48.59,100.37,4.384,0.264,True,False,0.2485299527084313
2026-07-06 08:30:00,AST_0046,SITE_C,SITE_C_B1,19.66,47.43,100.39,5.262,33.293,True,False,0.16272564375135345
2026-07-06 08:30:00,AST_0025,SITE_B,SITE_B_B1,18.95,41.95,100.62,3.247,24.198,True,False,0.23630944851430413
2026-07-06 08:30:00,AST_0054,SITE_C,SITE_C_B1,24.32,44.81,100.64,3.299,0.246,True,False,0.27007655084082677
2026-07-06 08:30:00,AST_0039,SITE_B,SITE_B_B2,25.76,44.09,101.79,3.707,9.295,True,False,0.2143072566086568
2026-07-06 08:30:00,AST_0058,SITE_C,SITE_C_B2,20.14,43.51,101.21,5.515,34.737,True,False,0.21171969766073895
2026-07-06 08:30:00,AST_0049,SITE_C,SITE_C_B1,25.77,49.81,101.41,4.149,11.437,True,False,0.24370796566232078
2026-07-06 08:30:00,AST_0015,SITE_A,SITE_A_B2,17.58,43.61,100.65,3.607,24.036,True,False,0.2101289554970283
2026-07-06 08:30:00,AST_0055,SITE_C,SITE_C_B1,24.98,47.17,100.27,2.569,0.197,True,False,0.24510058149974118
2026-07-06 08:30:00,AST_0012,SITE_A,SITE_A_B2,9.03,37.82,99.74,7.123,322.992,True,False,0.07926142197112351
2026-07-06 08:30:00,AST_0056,SITE_C,SITE_C_B2,9.94,50.95,100.84,6.448,284.328,True,False,0.09517729323607305
2026-07-06 08:30:00,AST_0043,SITE_B,SITE_B_B2,24.43,47.48,100.35,3.349,0.213,True,False,0.2694642459039523
2026-07-06 08:30:00,AST_0004,SITE_A,SITE_A_B1,21.31,44.73,100.38,4.751,32.763,True,False,0.23920182713644728
2026-07-06 08:30:00,AST_0045,SITE_C,SITE_C_B1,6.75,41.96,101.83,3.327,149.347,True,False,0.08803306170289527
2026-07-06 08:30:00,AST_0037,SITE_B,SITE_B_B2,17.6,42.64,101.17,2.667,20.019,True,False,0.21958596004260833
2026-07-06 08:30:00,AST_0003,SITE_A,SITE_A_B1,17.99,43.35,101.55,1.883,15.549500000000002,True,False,0.2005771701896027
2026-07-06 08:30:00,AST_0035,SITE_B,SITE_B_B2,20.42,48.7,100.69,3.768,26.853,True,False,0.2487985435715389
2026-07-06 08:30:00,AST_0061,SITE_C,SITE_C_B2,28.81,42.84,99.88,7.872,22.355,True,False,0.20023086472132812
2026-07-06 08:30:00,AST_0016,SITE_A,SITE_A_B2,26.34,43.54,100.87,5.737,16.578,True,False,0.24627714399415013
2026-07-06 08:30:00,AST_0036,SITE_B,SITE_B_B2,20.33,47.09,99.87,5.943,39.995,True,False,0.22357663585657822
2026-07-06 08:30:00,AST_0065,SITE_C,SITE_C_B2,26.06,44.84,100.75,4.522,0.266,True,False,0.23324278067800497
2026-07-06 08:30:00,AST_0014,SITE_A,SITE_A_B2,18.9,45.06,101.09,3.381,24.392,True,False,0.2285402544434555
2026-07-06 08:30:00,AST_0048,SITE_C,SITE_C_B1,19.54,43.13,100.69,3.3,26.887,True,False,0.22911839573828746
2026-07-06 08:30:00,AST_0006,SITE_A,SITE_A_B1,25.23,46.48,100.93,4.194,10.878,True,False,0.25632160734322446
2026-07-06 08:30:00,AST_0017,SITE_A,SITE_A_B2,26.69,46.06,101.37,3.765,10.202,True,False,0.2348000608491202
2026-07-06 08:45:00,AST_0058,SITE_C,SITE_C_B2,21.45,48.95,100.06,5.485,35.39,True,False,0.19275995631284876
2026-07-06 08:45:00,AST_0057,SITE_C,SITE_C_B2,20.66,46.36,100.35,6.512,41.152,True,False,0.23074639028176086
2026-07-06 08:45:00,AST_0037,SITE_B,SITE_B_B2,19.18,47.39,100.84,2.666,20.923,True,False,0.17275584790367382
2026-07-06 08:45:00,AST_0055,SITE_C,SITE_C_B1,25.22,45.36,101.29,2.717,0.204,True,False,0.24713282246437618
2026-07-06 08:45:00,AST_0043,SITE_B,SITE_B_B2,24.82,47.43,99.94,3.29,0.218,True,False,0.25781858433372995
2026-07-06 08:45:00,AST_0014,SITE_A,SITE_A_B2,18.09,42.11,100.75,3.472,23.769,True,False,0.19332209037452808
2026-07-06 08:45:00,AST_0034,SITE_B,SITE_B_B2,9.75,44.51,100.89,6.004,274.979,True,False,0.10122992614626625
2026-07-06 08:45:00,AST_0035,SITE_B,SITE_B_B2,17.99,46.24,100.78,3.689,26.359,True,False,0.18742018481173145
2026-07-06 08:45:00,AST_0048,SITE_C,SITE_C_B1,19.6,49.56,101.01,3.997,25.994,True,False,0.22856723835203585
2026-07-06 08:45:00,AST_0028,SITE_B,SITE_B_B1,25.37,49.0,101.13,3.397,8.655,True,False,0.23949957871932992
2026-07-06 08:45:00,AST_0012,SITE_A,SITE_A_B2,9.86,46.8,100.11,6.969,334.89,True,False,0.07852537532216797
2026-07-06 08:45:00,AST_0011,SITE_A,SITE_A_B1,24.16,44.71,100.19,1.383,0.167,True,False,0.22163114878951468
2026-07-06 08:45:00,AST_0032,SITE_B,SITE_B_B1,26.65,47.33,99.9,4.675,0.281,True,False,0.2567522763251879
2026-07-06 08:45:00,AST_0017,SITE_A,SITE_A_B2,24.48,41.64,101.02,3.398,9.693,True,False,0.20420391211410788
2026-07-06 08:45:00,AST_0001,SITE_A,SITE_A_B1,9.21,46.0,100.36,6.515,305.431,True,False,0.0848572684923623
2026-07-06 08:45:00,AST_0036,SITE_B,SITE_B_B2,21.0,45.32,100.34,5.941,39.36,True,False,0.2247345148685128
2026-07-06 08:45:00,AST_0053,SITE_C,SITE_C_B1,25.905,45.95,100.42,4.105,0.259,True,False,0.2590878646711832
2026-07-06 08:45:00,AST_0003,SITE_A,SITE_A_B1,19.31,43.02,101.47,2.01,16.373,True,False,0.2121512924389839
2026-07-06 08:45:00,AST_0059,SITE_C,SITE_C_B2,19.86,41.78,100.64,5.573,35.121,True,False,0.19455579447031868
2026-07-06 08:45:00,AST_0015,SITE_A,SITE_A_B2,17.62,43.55,100.93,3.422,23.184,True,False,0.2259780043756462
2026-07-06 08:45:00,AST_0031,SITE_B,SITE_B_B1,24.55,46.06,100.07,3.476,0.23,True,False,0.21666591670184632
2026-07-06 08:45:00,AST_0004,SITE_A,SITE_A_B1,20.32,44.04,100.34,5.145,31.84,True,False,0.17821930386255025
2026-07-06 08:45:00,AST_0039,SITE_B,SITE_B_B2,24.43,46.88,100.96,3.473,9.475,True,False,0.2659332156232211
2026-07-06 08:45:00,AST_0038,SITE_B,SITE_B_B2,25.59,49.03,101.55,3.434,8.97,True,False,0.23575311060262594
2026-07-06 08:45:00,AST_0061,SITE_C,SITE_C_B2,28.83,50.43,101.1,7.837,21.894,True,False,0.20157157045602186
2026-07-06 08:45:00,AST_0030,SITE_B,SITE_B_B1,25.49,45.02,100.62,4.645,0.253,True,False,0.27216016951306293
2026-07-06 08:45:00,AST_0047,SITE_C,SITE_C_B1,19.55,49.32,100.9,4.364,30.911,True,False,0.19861676004316042
2026-07-06 08:45:00,AST_0063,SITE_C,SITE_C_B2,25.85,46.28,100.19,4.426,0.27749999999999997,True,False,0.25797198703477664
2026-07-06 08:45:00,AST_0045,SITE_C,SITE_C_B1,7.23,44.33,101.08,2.87,157.323,True,False,0.10986562481433704
2026-07-06 08:45:00,AST_0066,SITE_C,SITE_C_B2,24.25,49.4,101.38,0.281,0.126,True,False,0.24062133646107792
2026-07-06 08:45:00,AST_0024,SITE_B,SITE_B_B1,20.09,45.89,99.88,6.26,39.929,True,False,0.22373626619500847
2026-07-06 08:45:00,AST_0056,SITE_C,SITE_C_B2,9.41,48.02,100.35,6.21,297.306,True,False,0.08954343428204681
2026-07-06 08:45:00,AST_0046,SITE_C,SITE_C_B1,20.42,43.41,101.08,5.066,32.694,True,False,0.2237310133661991
2026-07-06 08:45:00,AST_0006,SITE_A,SITE_A_B1,25.92,46.3,101.51,4.057,11.538,True,False,0.2326588866949033
2026-07-06 08:45:00,AST_0065,SITE_C,SITE_C_B2,25.74,46.48,100.05,4.88,0.262,True,False,0.2674593403800518
2026-07-06 08:45:00,AST_0049,SITE_C,SITE_C_B1,25.65,48.31,101.4,4.453,10.906,True,False,0.2485806481163742
2026-07-06 09:00:00,AST_0004,SITE_A,SITE_A_B1,18.98,44.85,100.55000000000001,4.667,34.967,True,False,0.21007034684631137
2026-07-06 09:00:00,AST_0048,SITE_C,SITE_C_B1,19.61,43.83,101.24,3.984,27.857,True,False,0.2245070780438908
2026-07-06 09:00:00,AST_0039,SITE_B,SITE_B_B2,23.71,49.08,100.97,3.449,10.216,True,False,0.21596014280343873
2026-07-06 09:00:00,AST_0014,SITE_A,SITE_A_B2,18.71,47.18,100.39,3.344,27.653,True,False,0.23864700826353097
2026-07-06 09:00:00,AST_0038,SITE_B,SITE_B_B2,24.85,41.25,101.9,3.331,9.262,True,False,0.15894014979481164
2026-07-06 09:00:00,AST_0055,SITE_C,SITE_C_B1,24.23,48.91,100.71,2.715,0.215,True,False,0.23777410384967468
2026-07-06 09:00:00,AST_0058,SITE_C,SITE_C_B2,20.94,43.85,100.00999999999999,5.545,40.744,True,False,0.2205376603405122
2026-07-06 09:00:00,AST_0030,SITE_B,SITE_B_B1,25.39,47.45,99.73,4.16,0.293,True,False,0.2559831689081264
2026-07-06 09:00:00,AST_0034,SITE_B,SITE_B_B2,9.37,47.75,100.67,6.154,304.7,True,False,0.10120676034316656
2026-07-06 09:00:00,AST_0045,SITE_C,SITE_C_B1,7.64,48.54,101.58,3.138,171.433,True,False,0.09409637577537133
2026-07-06 09:00:00,AST_0035,SITE_B,SITE_B_B2,19.58,43.65,100.3,3.845,27.978,True,False,0.23316340871548447
2026-07-06 09:00:00,AST_0015,SITE_A,SITE_A_B2,18.8,45.73,101.21,3.468,26.386,True,False,0.22065329666736805
2026-07-06 09:00:00,AST_0001,SITE_A,SITE_A_B1,9.58,43.1,99.85,6.675,330.551,True,False,0.07239812754342456
2026-07-06 09:00:00,AST_0028,SITE_B,SITE_B_B1,24.71,52.78,101.68,3.498,9.689,True,False,0.23136523225450678
2026-07-06 09:00:00,AST_0043,SITE_B,SITE_B_B2,25.33,37.82,100.26,2.849,0.242,True,False,0.2568249333547351
2026-07-06 09:00:00,AST_0027,SITE_B,SITE_B_B1,25.73,43.89,101.455,3.607,10.644,True,False,0.2472483732797045
2026-07-06 09:00:00,AST_0037,SITE_B,SITE_B_B2,18.65,45.85,99.97,2.552,23.281,True,False,0.17627330994310397
2026-07-06 09:00:00,AST_0063,SITE_C,SITE_C_B2,25.61,49.45,99.83,4.332,0.291,True,False,0.26377991036201187
2026-07-06 09:00:00,AST_0031,SITE_B,SITE_B_B1,25.65,45.21,100.67,3.601,0.254,True,False,0.19018156547002696
2026-07-06 09:00:00,AST_0056,SITE_C,SITE_C_B2,9.35,50.06,100.92,5.962,310.284,True,False,0.08491424855038099
2026-07-06 09:00:00,AST_0065,SITE_C,SITE_C_B2,25.67,47.23,100.55,4.789,0.302,True,False,0.2697566127536616
2026-07-06 09:00:00,AST_0017,SITE_A,SITE_A_B2,25.34,43.08,101.32,3.455,11.177,True,False,0.2245873817092215
2026-07-06 09:00:00,AST_0047,SITE_C,SITE_C_B1,20.06,47.16,100.83,4.511,33.363,True,False,0.23636966918876195
2026-07-06 09:00:00,AST_0036,SITE_B,SITE_B_B2,20.93,46.19,100.7,6.061999999999999,43.024,True,False,0.21857578739247685
2026-07-06 09:00:00,AST_0032,SITE_B,SITE_B_B1,25.78,47.22,100.26,5.083,0.287,True,False,0.271079225845124
2026-07-06 09:00:00,AST_0057,SITE_C,SITE_C_B2,21.22,47.95,100.33,6.497,45.253,True,False,0.17618481024723964
2026-07-06 09:00:00,AST_0046,SITE_C,SITE_C_B1,20.35,45.4,100.65,4.87,35.223,True,False,0.23822106892990164
2026-07-06 09:00:00,AST_0012,SITE_A,SITE_A_B2,10.13,42.36,100.58,6.903,364.19,True,False,0.0735456747082548
2026-07-06 09:00:00,AST_0006,SITE_A,SITE_A_B1,25.49,49.2,101.65,4.171,12.537,True,False,0.2342329339357993
2026-07-06 09:00:00,AST_0003,SITE_A,SITE_A_B1,17.81,45.91,101.13,1.822,18.148,True,False,0.17067097347067406
2026-07-06 09:00:00,AST_0049,SITE_C,SITE_C_B1,25.85,45.92,101.55,4.205,12.217,True,False,0.23538824899072402
2026-07-06 09:00:00,AST_0061,SITE_C,SITE_C_B2,28.8,48.65,99.75,7.708,23.858,True,False,0.22179887512156643
2026-07-06 09:00:00,AST_0024,SITE_B,SITE_B_B1,21.64,51.27,100.46,6.336,42.258,True,False,0.1862840552975168
2026-07-06 09:00:00,AST_0008,SITE_A,SITE_A_B1,25.52,41.44,99.85,4.806,0.305,True,False,0.22896392198840143
2026-07-06 09:00:00,AST_0059,SITE_C,SITE_C_B2,22.11,48.27,100.31,5.324,39.763,True,False,0.2022887722824016
2026-07-06 09:00:00,AST_0053,SITE_C,SITE_C_B1,26.33,48.85,100.0,4.215,0.285,True,False,0.2639919804468814
2026-07-06 09:15:00,AST_0002,SITE_A,SITE_A_B1,18.34,45.89,100.76,3.136,25.718,True,False,0.19953601893198591
2026-07-06 09:15:00,AST_0036,SITE_B,SITE_B_B2,20.74,46.38,100.53,6.183,43.1425,True,False,0.23267081518341293
2026-07-06 09:15:00,AST_0028,SITE_B,SITE_B_B1,25.42,55.0,101.27,3.435,9.898,True,False,0.23654818816124706
2026-07-06 09:15:00,AST_0056,SITE_C,SITE_C_B2,9.08,46.48,100.32,6.001,315.366,True,False,0.09292498012663686
2026-07-06 09:15:00,AST_0059,SITE_C,SITE_C_B2,20.97,51.02,100.51,5.583,39.702,True,False,0.23349240263791965
2026-07-06 09:15:00,AST_0011,SITE_A,SITE_A_B1,24.23,45.97,100.57,1.438,0.185,True,False,0.16981950195916595
2026-07-06 09:15:00,AST_0017,SITE_A,SITE_A_B2,24.43,49.62,101.32,3.673,11.397,True,False,0.25182032675188887
2026-07-06 09:15:00,AST_0024,SITE_B,SITE_B_B1,20.21,42.53,100.35,6.168,43.082,True,False,0.2277800466164518
2026-07-06 09:15:00,AST_0065,SITE_C,SITE_C_B2,26.55,50.01,99.29,4.783,0.309,True,False,0.17410698248474377
2026-07-06 09:15:00,AST_0012,SITE_A,SITE_A_B2,10.0,45.55,100.18,7.033,360.858,True,False,0.08421928230857179
2026-07-06 09:15:00,AST_0033,SITE_B,SITE_B_B1,24.83,47.96,101.26,3.437,0.253,True,False,0.26381516169190034
2026-07-06 09:15:00,AST_0004,SITE_A,SITE_A_B1,20.13,45.63,100.76,4.969,35.574,True,False,0.23676004962643615
2026-07-06 09:15:00,AST_0039,SITE_B,SITE_B_B2,26.44,51.26,101.32,3.547,10.777,True,False,0.23951018834606902
2026-07-06 09:15:00,AST_0045,SITE_C,SITE_C_B1,6.86,44.58,100.79,3.024,164.069,True,False,0.10932799926518899
2026-07-06 09:15:00,AST_0001,SITE_A,SITE_A_B1,10.14,40.14,99.68,6.727,332.249,True,False,0.08579857574476946
2026-07-06 09:15:00,AST_0061,SITE_C,SITE_C_B2,28.03,40.77,100.16,7.815,24.739,True,False,0.2112341454564739
2026-07-06 09:15:00,AST_0015,SITE_A,SITE_A_B2,19.34,47.23,101.04,3.384,29.317,True,False,0.1528216433077344
2026-07-06 09:15:00,AST_0008,SITE_A,SITE_A_B1,26.39,46.79,99.97,4.301,0.305,True,False,0.2209206825010267
2026-07-06 09:15:00,AST_0037,SITE_B,SITE_B_B2,18.21,47.31,101.02,3.168,22.264,True,False,0.234924159135867
2026-07-06 09:15:00,AST_0052,SITE_C,SITE_C_B1,24.34,44.94,100.1,2.729,0.213,True,False,0.21817144429060314
2026-07-06 09:15:00,AST_0035,SITE_B,SITE_B_B2,18.91,43.85,101.42,3.745,28.573,True,False,0.21745953327333906
2026-07-06 09:15:00,AST_0034,SITE_B,SITE_B_B2,8.94,41.82,100.96,5.84,302.779,True,False,0.08175117495105377
2026-07-06 09:15:00,AST_0047,SITE_C,SITE_C_B1,19.38,46.77,100.81,4.484,33.476,True,False,0.19362478331958594
2026-07-06 09:15:00,AST_0048,SITE_C,SITE_C_B1,19.28,44.83,100.41,3.706,29.825,True,False,0.23780730170979336
2026-07-06 09:15:00,AST_0046,SITE_C,SITE_C_B1,20.7,50.33,99.73,4.962,35.385,True,False,0.2156821898175263
2026-07-06 09:15:00,AST_0057,SITE_C,SITE_C_B2,20.66,46.68,100.79,6.245,44.197,True,False,0.23194112282831658
2026-07-06 09:15:00,AST_0049,SITE_C,SITE_C_B1,26.15,47.32,101.09,4.103,12.662,True,False,0.25065225879541436
2026-07-06 09:15:00,AST_0043,SITE_B,SITE_B_B2,25.38,46.68,100.69,3.402,0.26,True,False,0.275018594254097
2026-07-06 09:15:00,AST_0027,SITE_B,SITE_B_B1,26.53,49.4,101.47,3.54,11.1,True,False,0.24240671628555294
2026-07-06 09:15:00,AST_0058,SITE_C,SITE_C_B2,20.04,40.87,99.96,5.652,38.439,True,False,0.221072449521728
2026-07-06 09:30:00,AST_0028,SITE_B,SITE_B_B1,24.55,44.81,100.64,3.48,10.571,True,False,0.2678525552732805
2026-07-06 09:30:00,AST_0054,SITE_C,SITE_C_B1,25.28,42.03,100.22,3.2,0.27,True,False,0.2594625937459546
2026-07-06 09:30:00,AST_0004,SITE_A,SITE_A_B1,20.08,41.26,100.95,4.97,37.164,True,False,0.2031228553297602
2026-07-06 10:00:00,AST_0064,SITE_C,SITE_C_B2,22.89,52.03,101.18,0.222,0.152,True,False,0.19377442941904144
2026-07-06 14:00:00,AST_0035,SITE_B,SITE_B_B2,18.27,45.4,101.61,19.18299235340969,155.56735959041825,True,False,0.07754021035787162
2026-07-06 15:45:00,AST_0049,SITE_C,SITE_C_B1,25.74,49.03,100.9,21.463912351139133,71.7961595235786,True,False,0.0936572343610591
2026-07-06 17:00:00,AST_0017,SITE_A,SITE_A_B2,24.4,48.9,101.33,18.823911821616367,56.24708542713503,True,False,0.11829107857419974
2026-07-06 22:15:00,AST_0059,SITE_C,SITE_C_B2,20.65,46.57,100.27,28.913569017780965,60.24026793422169,True,False,0.1260303304350331
2026-07-06 22:30:00,AST_0035,SITE_B,SITE_B_B2,19.71,49.53,100.66,18.93011873947073,43.96557037994409,True,False,0.14510626903844415
2026-07-06 22:30:00,AST_0032,SITE_B,SITE_B_B1,25.92,43.73,99.71,25.550349952392764,0.4552047778958845,True,False,0.17342936968995615
2026-07-06 23:45:00,AST_0040,SITE_B,SITE_B_B2,22.55,43.73,100.99,0.262,0.027,True,False,0.2728378837296882
2026-07-07 01:30:00,AST_0002,SITE_A,SITE_A_B1,19.44,43.02,101.04,16.052417012845336,37.173554535497566,True,False,0.1568035382432127
2026-07-07 02:15:00,AST_0047,SITE_C,SITE_C_B1,20.45,40.81,99.65,22.08598144142898,47.50354810913487,True,False,0.15089069665014532
2026-07-07 03:45:00,AST_0035,SITE_B,SITE_B_B2,18.73,46.43,100.86,19.87586605560245,40.54928105672547,True,False,0.13685197830105966
2026-07-07 05:45:00,AST_0049,SITE_C,SITE_C_B1,25.19,44.87,100.81,21.716785965078092,21.84982933900245,True,False,0.15921004593537091
2026-07-07 09:30:00,AST_0012,SITE_A,SITE_A_B2,9.92,44.53,100.95,38.31540998403159,1718.5512738089287,True,True,-0.03277430973450346
2026-07-07 14:15:00,AST_0051,SITE_C,SITE_C_B1,24.3,50.02,100.2,5.033,0.028,True,False,0.2691255118591321
2026-07-07 15:00:00,AST_0038,SITE_B,SITE_B_B2,24.78,45.16,101.01,17.11448619138898,54.89048504944531,True,False,0.1307274897713976
2026-07-07 15:00:00,AST_0028,SITE_B,SITE_B_B1,25.61,42.59,100.88,18.368739316526234,56.197508669146366,True,False,0.12671139348541083
2026-07-07 15:45:00,AST_0044,SITE_B,SITE_B_B2,22.92,43.52,101.13,6.048736845419982,0.8608327978031082,True,False,0.22885902401933256
2026-07-07 16:30:00,AST_0040,SITE_B,SITE_B_B2,22.31,44.49,100.84,2.462988999765494,0.0,True,False,0.25309450449746596
2026-07-07 17:15:00,AST_0007,SITE_A,SITE_A_B1,23.63,43.7,100.86,9.654714580189587,0.0135209339969074,True,False,0.19501003469636263
2026-07-07 18:00:00,AST_0047,SITE_C,SITE_C_B1,19.58,39.42,100.51,23.30988973289356,168.77280512739787,True,False,0.0771009512846379
2026-07-07 18:30:00,AST_0010,SITE_A,SITE_A_B1,23.91,39.4,101.49,6.453334627722322,0.8833676877979539,True,False,0.18893880172393923
2026-07-07 19:15:00,AST_0063,SITE_C,SITE_C_B2,24.78,43.65,100.64,23.547590929996183,1.527865541650543,True,False,0.1511098763270503
2026-07-07 19:30:00,AST_0063,SITE_C,SITE_C_B2,25.44,46.39,100.1,14.13079546499809,0.348,True,False,0.2022283155104017
2026-07-07 21:30:00,AST_0054,SITE_C,SITE_C_B1,26.14,42.69,100.28,17.347129916212825,0.3785861519134088,True,False,0.19481949073283317
2026-07-08 04:00:00,AST_0057,SITE_C,SITE_C_B2,20.95,43.14,100.07,35.25058178309136,68.08240965242803,True,False,0.1223450828499082
2026-07-08 04:00:00,AST_0046,SITE_C,SITE_C_B1,20.1,44.66,99.83,26.95126977361462,57.94170915474743,True,False,0.12553123076958528
2026-07-08 06:15:00,AST_0053,SITE_C,SITE_C_B1,25.35,41.85,100.11,22.596786141585685,0.4416838438989769,True,False,0.18217059200045183
2026-07-08 09:00:00,AST_0056,SITE_C,SITE_C_B2,9.04,41.6,100.29,34.188512604547725,1516.2330314352034,True,True,-0.033654225531801085
2026-07-08 09:30:00,AST_0004,SITE_A,SITE_A_B1,19.05,45.92,100.47,15.852721006971684,37.405,True,False,0.15661235410966068
2026-07-08 09:45:00,AST_0004,SITE_A,SITE_A_B1,20.59,43.42,100.49,26.08644201394337,167.92549326359168,True,False,0.08087977091587972
2026-07-08 11:15:00,AST_0030,SITE_B,SITE_B_B1,25.5,42.62,100.55,25.57057984150789,1.563921365642296,True,False,0.14830931012796322
2026-07-08 11:30:00,AST_0033,SITE_B,SITE_B_B1,24.72,41.87,100.64,18.434486456150363,1.410684113677345,True,False,0.16434515910374903
2026-07-08 11:45:00,AST_0003,SITE_A,SITE_A_B1,16.95,39.56,101.75,10.433565311121592,88.62070839373045,True,False,0.11331752339873591
2026-07-08 13:15:00,AST_0059,SITE_C,SITE_C_B2,20.52,41.71,100.4,6.061,144.06071205989747,True,False,0.1628761678520324
2026-07-08 13:30:00,AST_0059,SITE_C,SITE_C_B2,21.17,44.75,99.8,29.23218977134406,236.9904241197949,True,False,0.06542276229629174
2026-07-08 21:45:00,AST_0009,SITE_A,SITE_A_B1,25.36,39.61,100.39,24.361843966879643,0.4642187338938227,True,False,0.17433674989306613
2026-07-08 22:30:00,AST_0019,SITE_A,SITE_A_B2,25.56,43.6,100.64,17.73655528167883,0.3966140639092854,True,False,0.1913824085160743
2026-07-08 23:00:00,AST_0063,SITE_C,SITE_C_B2,29.09,38.03,99.89,4.95,0.115,True,False,0.2672215770543721
2026-07-09 06:30:00,AST_0002,SITE_A,SITE_A_B1,18.455,36.76,101.02,17.67586561433348,38.92676897709657,True,False,0.13953851422314534
2026-07-09 10:15:00,AST_0004,SITE_A,SITE_A_B1,20.56,41.65,100.29,27.6390860035286,190.960657816323,True,False,0.07606228169596563
2026-07-09 13:30:00,AST_0051,SITE_C,SITE_C_B1,26.09,42.62,99.95,5.27,0.028,True,False,0.2623122506539122
2026-07-09 14:45:00,AST_0034,SITE_B,SITE_B_B2,9.75,43.3,99.76,33.77885734996661,1920.71177195269,True,True,-0.034790697867381426
2026-07-09 15:30:00,AST_0025,SITE_B,SITE_B_B1,18.94,37.1,101.05,4.285,33.441,True,False,0.20698482177130806
2026-07-09 17:30:00,AST_0024,SITE_B,SITE_B_B1,21.09,39.4,101.0,35.705754288181495,248.10913884325183,True,False,0.055094230504484476
2026-07-09 19:00:00,AST_0035,SITE_B,SITE_B_B2,19.07,41.42,100.48,21.86851013344147,140.22560648192726,True,False,0.09254377125560809
2026-07-09 19:15:00,AST_0031,SITE_B,SITE_B_B1,25.71,42.67,100.01,20.9126478727522,1.27547477370827,True,False,0.1586062674546188
2026-07-09 20:15:00,AST_0030,SITE_B,SITE_B_B1,26.63,45.75,101.13,27.300235360850387,0.5543582938732058,True,False,0.15385167344033135
2026-07-09 21:00:00,AST_0012,SITE_A,SITE_A_B2,10.92,41.14,100.12,40.859318540257554,554.2997031592191,True,False,0.003981167320802115
2026-07-10 08:45:00,AST_0051,SITE_C,SITE_C_B1,25.23,40.06,99.24,29.17655757627749,0.0,True,False,0.14101428800646154
2026-07-10 11:00:00,AST_0062,SITE_C,SITE_C_B2,22.59,41.72,101.82,0.139,0.026,True,False,0.18881334625189516
2026-07-10 11:30:00,AST_0053,SITE_C,SITE_C_B1,26.21,38.64,100.4,25.99540751292534,1.7261725736051856,True,False,0.14921828597682785
2026-07-10 11:30:00,AST_0035,SITE_B,SITE_B_B2,20.36,39.55,100.59,21.43356751746646,157.87493232589046,True,False,0.08598045503818552
2026-07-10 12:45:00,AST_0040,SITE_B,SITE_B_B2,21.74,43.85,102.15,2.513563722553287,0.0,True,False,0.1973342408942615
2026-07-10 13:00:00,AST_0005,SITE_A,SITE_A_B1,26.21,42.66,100.88,22.025291774083637,74.91949527686423,True,False,0.10338226037577647
2026-07-10 15:15:00,AST_0059,SITE_C,SITE_C_B2,20.73,37.24,100.62,32.11494897024823,55.0995,True,False,0.10950771276807414
2026-07-10 16:30:00,AST_0064,SITE_C,SITE_C_B2,23.05,32.02,101.25,2.8777017266253924,0.7211164798350644,True,False,0.2050379363866121
2026-07-10 16:45:00,AST_0014,SITE_A,SITE_A_B2,18.98,36.26,100.61,18.87954401668294,154.00794520277492,True,False,0.08773810247597336
2026-07-10 19:45:00,AST_0063,SITE_C,SITE_C_B2,26.72,42.54,100.26,27.21425833211114,1.6180051016299255,True,False,0.11669402560151831
2026-07-10 23:15:00,AST_0027,SITE_B,SITE_B_B1,25.79,42.17,100.58,17.98437142333901,14.47641333268892,True,False,0.1821907793086182
2026-07-11 00:15:00,AST_0044,SITE_B,SITE_B_B2,23.53,39.19,101.42,6.245978264292373,0.2433768119443342,True,False,0.2541763300521004
2026-07-11 01:00:00,AST_0019,SITE_A,SITE_A_B2,26.02,36.36,100.65,20.2046017537231,0.26591170193918,True,False,0.1703940634354919
2026-07-11 01:45:00,AST_0051,SITE_C,SITE_C_B1,25.73,38.82,99.48,6.042,0.031,True,False,0.28612414328110075
2026-07-11 07:30:00,AST_0057,SITE_C,SITE_C_B2,22.36,38.03,100.02,39.92874364096217,75.04118368283639,True,False,0.12371860909384946
2026-07-11 08:00:00,AST_0052,SITE_C,SITE_C_B1,25.68,40.39,101.06,18.156325480817504,0.2704186799381491,True,False,0.1743321832143343
2026-07-11 10:30:00,AST_0045,SITE_C,SITE_C_B1,6.98,39.69,101.42,17.483681667739862,268.35899099262025,True,False,0.029060995431878345
2026-07-11 13:30:00,AST_0022,SITE_A,SITE_A_B2,25.75,36.62,100.2,19.04644060188265,0.3380233499226864,True,False,0.18141921056254434
2026-07-11 16:00:00,AST_0056,SITE_C,SITE_C_B2,10.15,38.74,99.96,37.98161681363216,514.0749245184195,True,False,0.010045536540227995
2026-07-11 17:00:00,AST_0062,SITE_C,SITE_C_B2,21.91,38.66,101.06,3.4744834555213444,0.0090139559979383,True,False,0.2789061953066007
2026-07-11 18:00:00,AST_0030,SITE_B,SITE_B_B1,26.19,33.2,100.24,29.080465602980684,0.4867536238886685,True,False,0.15695488894060106
2026-07-11 18:15:00,AST_0057,SITE_C,SITE_C_B2,22.4,35.42,100.08,39.31678949522989,16.810000000000002,True,False,0.1539412055523942
2026-07-11 19:15:00,AST_0007,SITE_A,SITE_A_B1,23.78,39.05,100.92,11.642301185749831,0.0,True,False,0.23387312928026238
2026-07-11 20:15:00,AST_0029,SITE_B,SITE_B_B1,25.02,45.23,99.75,28.630350570169327,0.0,True,False,0.17794926546556844
2026-07-11 23:45:00,AST_0057,SITE_C,SITE_C_B2,22.54,36.99,100.005,40.44460581339766,74.81583478288795,True,False,0.12590925455122082
2026-07-12 00:00:00,AST_0006,SITE_A,SITE_A_B1,26.1,33.32,101.17,22.90529195059122,19.6954938554952,True,False,0.12413243855258893
2026-07-12 00:30:00,AST_0063,SITE_C,SITE_C_B2,26.51,42.12,99.67,31.40184537894036,0.4597117558948535,True,False,0.17865280536138572
2026-07-12 05:00:00,AST_0046,SITE_C,SITE_C_B1,21.17,33.79,100.48,31.28552351652844,65.59906477499602,True,False,0.11960184956335707
2026-07-12 06:30:00,AST_0051,SITE_C,SITE_C_B1,25.57,31.6,100.33,31.568741964140077,0.0,True,False,0.13473685498206445
2026-07-12 07:30:00,AST_0007,SITE_A,SITE_A_B1,23.65,35.32,100.9,2.364,0.028,True,False,0.26795922831219143
2026-07-12 08:15:00,AST_0048,SITE_C,SITE_C_B1,19.67,36.75,100.25,23.25931501010577,51.947428416118456,True,False,0.13386866401114772
2026-07-12 08:45:00,AST_0047,SITE_C,SITE_C_B1,20.37,41.67,100.26,28.933798906896087,52.9795263778824,True,False,0.12999234154624517
2026-07-12 11:45:00,AST_0064,SITE_C,SITE_C_B2,24.15,33.02,100.59,2.346667137353572,0.2298558779474267,True,False,0.262202390328923
2026-07-12 17:45:00,AST_0017,SITE_A,SITE_A_B2,26.17,40.28,101.07,20.659774258813236,17.50059556999722,True,False,0.14453672547815577
2026-07-12 19:15:00,AST_0026,SITE_B,SITE_B_B1,19.34,37.43,101.15,4.8,9.792,True,False,0.25327996059293695
2026-07-12 21:30:00,AST_0058,SITE_C,SITE_C_B2,20.7,32.36,100.705,36.10023712592628,66.18046493686303,True,False,0.09969303776176253
2026-07-13 01:15:00,AST_0004,SITE_A,SITE_A_B1,21.01,34.46,100.04,32.059316775181664,58.3698720646495,True,False,0.12102170244039634
2026-07-13 02:30:00,AST_0039,SITE_B,SITE_B_B2,24.8,36.78,101.64,19.425751022791097,16.23864173028586,True,False,0.13374776431251623
2026-07-13 03:00:00,AST_0043,SITE_B,SITE_B_B2,25.26,34.81,99.73,22.83954481096709,0.3695721959154705,True,False,0.17517869538469455
2026-07-13 04:45:00,AST_0065,SITE_C,SITE_C_B2,28.11,34.84,98.97,35.07357025333409,0.5453443378752675,True,False,0.15442556013111874
2026-07-13 06:30:00,AST_0003,SITE_A,SITE_A_B1,19.22,38.32,100.75,10.266668725921877,27.38439832173657,True,False,0.22195817534686252
2026-07-13 08:00:00,AST_0050,SITE_C,SITE_C_B1,27.06,38.45,100.36,6.733,19.558,True,False,0.2422092268512785
2026-07-13 08:00:00,AST_0037,SITE_B,SITE_B_B2,18.86,38.08,100.67,3.281,22.662,True,False,0.2323252962511324
2026-07-13 08:00:00,AST_0043,SITE_B,SITE_B_B2,26.54,34.07,100.22,4.671,0.252,True,False,0.21801596746687385
2026-07-13 08:00:00,AST_0027,SITE_B,SITE_B_B1,25.39,33.2,100.91,3.631,10.487,True,False,0.21232871724471153
2026-07-13 08:00:00,AST_0026,SITE_B,SITE_B_B1,19.34,35.2,100.76,4.056,28.017,True,False,0.22444681127385352
2026-07-13 08:00:00,AST_0014,SITE_A,SITE_A_B2,20.05,33.95,100.7,4.063,26.315,True,False,0.22400869533961865
2026-07-13 08:00:00,AST_0058,SITE_C,SITE_C_B2,20.78,32.96,100.07,7.187,44.645,True,False,0.19890541731562011
2026-07-13 08:00:00,AST_0036,SITE_B,SITE_B_B2,20.95,35.65,99.89,8.307,51.171,True,False,0.2100202930521291
2026-07-13 08:00:00,AST_0034,SITE_B,SITE_B_B2,9.33,33.19,99.75,7.589,352.172,True,False,0.07452133954764606
2026-07-13 08:00:00,AST_0047,SITE_C,SITE_C_B1,20.47,34.25,100.65,5.73,37.17,True,False,0.21319248738727092
2026-07-13 08:00:00,AST_0005,SITE_A,SITE_A_B1,26.16,31.97,100.77,4.379,12.525,True,False,0.20558373987933765
2026-07-13 08:00:00,AST_0052,SITE_C,SITE_C_B1,25.93,32.99,100.99,3.702,0.226,True,False,0.17820064164454885
2026-07-13 08:00:00,AST_0061,SITE_C,SITE_C_B2,29.12,29.45,99.18,10.003,27.361,True,False,0.1509652162133469
2026-07-13 08:00:00,AST_0008,SITE_A,SITE_A_B1,27.06,28.38,100.23,6.825,0.361,True,False,0.19877868688964062
2026-07-13 08:00:00,AST_0020,SITE_A,SITE_A_B2,23.46,36.96,101.18,0.275,0.119,True,False,0.17791785138489924
2026-07-13 08:00:00,AST_0028,SITE_B,SITE_B_B1,25.84,33.5,101.57,3.629,9.861,True,False,0.19574760497493587
2026-07-13 08:00:00,AST_0021,SITE_A,SITE_A_B2,24.75,35.68,100.74,4.13,0.231,True,False,0.21852622127690252
2026-07-13 08:00:00,AST_0025,SITE_B,SITE_B_B1,19.4,35.11,100.53,3.731,28.404,True,False,0.2130673661683135
2026-07-13 08:00:00,AST_0041,SITE_B,SITE_B_B2,26.53,31.16,100.3,4.849,0.261,True,False,0.21980306541986866
2026-07-13 08:00:00,AST_0054,SITE_C,SITE_C_B1,25.89,38.29,99.59,4.715,0.258,True,False,0.2190448328184928
2026-07-13 08:00:00,AST_0013,SITE_A,SITE_A_B2,18.92,34.97,100.83,3.777,24.726,True,False,0.17906402863934434
2026-07-13 08:00:00,AST_0065,SITE_C,SITE_C_B2,27.28,33.51,99.43,6.897,0.354,True,False,0.16934598661718792
2026-07-13 08:00:00,AST_0056,SITE_C,SITE_C_B2,9.5,39.08,99.65,7.754,370.735,True,False,0.05909320105175464
2026-07-13 08:00:00,AST_0024,SITE_B,SITE_B_B1,22.51,32.66,99.65,7.992,51.03,True,False,0.12008530425079733
2026-07-13 08:00:00,AST_0049,SITE_C,SITE_C_B1,26.46,32.43,100.86,4.637,12.91,True,False,0.20114010142827393
2026-07-13 08:00:00,AST_0042,SITE_B,SITE_B_B2,27.8,34.78,99.88,6.47,0.343,True,False,0.21267911439264803
2026-07-13 08:00:00,AST_0023,SITE_B,SITE_B_B1,7.64,34.42,101.21,4.147,201.366,True,False,0.07125095019111694
2026-07-13 08:00:00,AST_0048,SITE_C,SITE_C_B1,20.04,38.42,100.56,4.781,31.324,True,False,0.23423385607456837
2026-07-13 08:00:00,AST_0006,SITE_A,SITE_A_B1,26.34,32.34,100.35,4.422,12.99,True,False,0.2207439100595759
2026-07-13 08:00:00,AST_0002,SITE_A,SITE_A_B1,18.5,36.37,100.65,4.04,25.635,True,False,0.22555036804590495
2026-07-13 08:00:00,AST_0022,SITE_A,SITE_A_B2,25.34,35.55,99.49,4.16,0.242,True,False,0.23877276968603334
2026-07-13 08:00:00,AST_0057,SITE_C,SITE_C_B2,21.86,33.32,99.55,8.071,49.724,True,False,0.13571950992657988
2026-07-13 08:00:00,AST_0046,SITE_C,SITE_C_B1,21.25,34.4,100.1,6.539,40.636,True,False,0.1994794988028772
2026-07-13 08:00:00,AST_0045,SITE_C,SITE_C_B1,7.85,31.22,101.03,3.794,157.694,True,False,0.08194510831238067
2026-07-13 08:00:00,AST_0012,SITE_A,SITE_A_B2,11.17,36.78,99.51,9.101,429.573,True,False,0.05845963430789891
2026-07-13 08:00:00,AST_0031,SITE_B,SITE_B_B1,26.67,36.93,100.13,5.25,0.294,True,False,0.2519603095902393
2026-07-13 08:00:00,AST_0039,SITE_B,SITE_B_B2,25.46,34.74,101.19,3.705,10.398,True,False,0.22630626356255235
2026-07-13 08:00:00,AST_0038,SITE_B,SITE_B_B2,26.025,29.43,101.71000000000001,3.432,9.246,True,False,0.15224957251262417
2026-07-13 08:00:00,AST_0053,SITE_C,SITE_C_B1,28.06,34.14,100.1,5.876,0.316,True,False,0.1933135430701965
2026-07-13 08:00:00,AST_0001,SITE_A,SITE_A_B1,9.61,38.09,100.54,8.869,390.579,True,False,0.06556946502036354
2026-07-13 08:00:00,AST_0055,SITE_C,SITE_C_B1,25.28,33.97,100.9,3.803,0.226,True,False,0.23377952052621614
2026-07-13 08:00:00,AST_0004,SITE_A,SITE_A_B1,20.93,32.06,99.23,6.34,40.479,True,False,0.17847733552950484
2026-07-13 08:00:00,AST_0016,SITE_A,SITE_A_B2,26.91,40.15,100.93,6.946,19.627,True,False,0.2284147558113233
2026-07-13 08:00:00,AST_0035,SITE_B,SITE_B_B2,20.01,36.41,101.26,4.652,30.802,True,False,0.1932855344409839
2026-07-13 08:00:00,AST_0030,SITE_B,SITE_B_B1,26.29,36.46,99.22,6.252,0.311,True,False,0.2376357731252151
2026-07-13 08:00:00,AST_0044,SITE_B,SITE_B_B2,24.58,34.97,100.66,1.826,0.162,True,False,0.2385896465914158
2026-07-13 08:00:00,AST_0009,SITE_A,SITE_A_B1,26.02,32.59,100.09,6.045,0.291,True,False,0.20515754402279057
2026-07-13 08:00:00,AST_0059,SITE_C,SITE_C_B2,21.58,35.86,100.5,7.279,45.475,True,False,0.2134823197652067
2026-07-13 08:00:00,AST_0066,SITE_C,SITE_C_B2,22.73,38.21,101.61,0.281,0.13,True,False,0.21009022680942907
2026-07-13 08:00:00,AST_0015,SITE_A,SITE_A_B2,19.39,36.66,100.82,4.248,29.799,True,False,0.22769631704646492
2026-07-13 08:00:00,AST_0003,SITE_A,SITE_A_B1,17.96,42.68,101.05,2.092,16.539,True,False,0.1657531314233397
2026-07-13 08:00:00,AST_0063,SITE_C,SITE_C_B2,26.96,34.24,99.6,6.266,0.334,True,False,0.24314821019904936
2026-07-13 08:00:00,AST_0017,SITE_A,SITE_A_B2,25.15,29.72,101.33,3.908,10.379,True,False,0.10033242681622978
2026-07-13 08:00:00,AST_0019,SITE_A,SITE_A_B2,25.27,33.78,99.88,4.193,0.248,True,False,0.239356983057876
2026-07-13 08:00:00,AST_0011,SITE_A,SITE_A_B1,24.9,34.11,100.51,1.781,0.204,True,False,0.2352629923245409
2026-07-13 08:00:00,AST_0032,SITE_B,SITE_B_B1,27.37,28.4,100.17,6.887,0.325,True,False,0.13011890364315437
2026-07-13 08:00:00,AST_0033,SITE_B,SITE_B_B1,26.89,40.22,100.81,4.615,0.269,True,False,0.2403518154390415
2026-07-13 08:00:00,AST_0010,SITE_A,SITE_A_B1,24.07,34.29,100.6,1.712,0.154,True,False,0.23881108465394313
2026-07-13 08:00:00,AST_0060,SITE_C,SITE_C_B2,29.19,35.31,99.19,9.219,27.549,True,False,0.20089128346828727
2026-07-13 08:15:00,AST_0049,SITE_C,SITE_C_B1,25.86,36.65,101.48,4.677,12.595,True,False,0.2251887012408751
2026-07-13 08:15:00,AST_0056,SITE_C,SITE_C_B2,9.53,35.45,99.92,7.799,357.048,True,False,0.0730375021455173
2026-07-13 08:15:00,AST_0048,SITE_C,SITE_C_B1,20.4,35.57,100.96,4.799,29.771,True,False,0.2192415638658951
2026-07-13 08:15:00,AST_0001,SITE_A,SITE_A_B1,11.68,34.97,100.23,8.326,390.084,True,False,0.07547386628360853
2026-07-13 08:15:00,AST_0042,SITE_B,SITE_B_B2,27.630000000000003,34.69,99.4,6.604,0.327,True,False,0.22916313207070488
2026-07-13 08:15:00,AST_0017,SITE_A,SITE_A_B2,25.96,34.45,100.32,3.946,11.059,True,False,0.24065520602919593
2026-07-13 08:15:00,AST_0016,SITE_A,SITE_A_B2,27.18,33.32,99.93,6.719,19.291,True,False,0.21726860557017535
2026-07-13 08:15:00,AST_0019,SITE_A,SITE_A_B2,25.49,31.69,100.92,4.362,0.249,True,False,0.220656997697514
2026-07-13 08:15:00,AST_0013,SITE_A,SITE_A_B2,18.86,30.17,100.94,3.5,24.894,True,False,0.18012837746414784
2026-07-13 08:15:00,AST_0021,SITE_A,SITE_A_B2,24.77,34.33,100.21,4.11,0.268,True,False,0.1948626674805386
2026-07-13 08:15:00,AST_0055,SITE_C,SITE_C_B1,25.14,31.94,100.51,3.565,0.253,True,False,0.23246095028873492
2026-07-13 08:15:00,AST_0061,SITE_C,SITE_C_B2,28.77,36.39,100.34,9.895,27.995,True,False,0.2002815751996993
2026-07-13 08:15:00,AST_0035,SITE_B,SITE_B_B2,19.19,39.69,100.29,4.691,31.731,True,False,0.2326664972868217
2026-07-13 08:15:00,AST_0005,SITE_A,SITE_A_B1,26.07,37.13,101.57,4.624,12.588,True,False,0.17178433941464732
2026-07-13 08:15:00,AST_0004,SITE_A,SITE_A_B1,21.06,29.39,99.94,6.352,40.955,True,False,0.10398622643912725
2026-07-13 08:15:00,AST_0047,SITE_C,SITE_C_B1,20.42,35.11,100.36,5.548,35.539,True,False,0.22050977766276736
2026-07-13 08:15:00,AST_0014,SITE_A,SITE_A_B2,19.17,39.29,100.16,4.033,28.439,True,False,0.20392572268487785
2026-07-13 08:15:00,AST_0045,SITE_C,SITE_C_B1,7.37,31.52,101.21,3.52,156.048,True,False,0.08257755176325432
2026-07-13 08:15:00,AST_0012,SITE_A,SITE_A_B2,11.28,40.87,99.51,9.095,418.374,True,False,0.06562541101188224
2026-07-13 08:15:00,AST_0015,SITE_A,SITE_A_B2,20.83,33.93,100.5,4.348,27.631,True,False,0.22011646288556652
2026-07-13 08:15:00,AST_0037,SITE_B,SITE_B_B2,20.15,34.29,100.62,3.326,23.922,True,False,0.21814004965487233
2026-07-13 08:15:00,AST_0043,SITE_B,SITE_B_B2,25.86,31.88,100.24,4.639,0.254,True,False,0.2321706034976717
2026-07-13 08:15:00,AST_0044,SITE_B,SITE_B_B2,22.68,36.98,101.09,1.375,0.157,True,False,0.20835530252143114
2026-07-13 08:15:00,AST_0020,SITE_A,SITE_A_B2,23.28,37.49,100.81,0.475,0.138,True,False,0.2293446228080241
2026-07-13 08:15:00,AST_0032,SITE_B,SITE_B_B1,27.19,39.41,99.06,6.795,0.377,True,False,0.22939259153378355
2026-07-13 08:15:00,AST_0026,SITE_B,SITE_B_B1,19.84,37.74,101.9,4.209,27.918,True,False,0.1595700636113523
2026-07-13 08:15:00,AST_0034,SITE_B,SITE_B_B2,10.76,36.36,100.01,7.448,345.302,True,False,0.08205575003564691
2026-07-13 08:15:00,AST_0058,SITE_C,SITE_C_B2,20.61,33.39,99.69,7.101,43.556,True,False,0.15844703383807413
2026-07-13 08:15:00,AST_0022,SITE_A,SITE_A_B2,26.14,41.25,100.34,4.358,0.244,True,False,0.265226807409297
2026-07-13 08:15:00,AST_0027,SITE_B,SITE_B_B1,24.4,32.63,100.75,3.579,10.347000000000001,True,False,0.22639325921925502
2026-07-13 08:15:00,AST_0063,SITE_C,SITE_C_B2,26.66,34.84,99.36,6.232,0.318,True,False,0.23692308906999604
2026-07-13 08:15:00,AST_0028,SITE_B,SITE_B_B1,25.19,31.65,100.75,3.619,9.558,True,False,0.18176014728564066
2026-07-13 08:15:00,AST_0033,SITE_B,SITE_B_B1,27.08,36.83,100.36,4.556,0.27,True,False,0.19794702816214443
2026-07-13 08:15:00,AST_0011,SITE_A,SITE_A_B1,24.77,35.83,100.23,1.964,0.163,True,False,0.22607388080792173
2026-07-13 08:15:00,AST_0052,SITE_C,SITE_C_B1,25.24,33.96,100.71,3.792,0.242,True,False,0.2465535004287021
2026-07-13 08:15:00,AST_0009,SITE_A,SITE_A_B1,25.85,34.35,99.47,5.981,0.323,True,False,0.2232701544030689
2026-07-13 08:15:00,AST_0053,SITE_C,SITE_C_B1,28.49,42.21,99.71,5.876,0.302,True,False,0.2405034073367625
2026-07-13 08:15:00,AST_0039,SITE_B,SITE_B_B2,26.06,37.61,100.83,3.714,10.945,True,False,0.25153576515605386
2026-07-13 08:15:00,AST_0060,SITE_C,SITE_C_B2,29.35,39.2,99.64,9.255,27.35,True,False,0.209103801195969
2026-07-13 08:15:00,AST_0059,SITE_C,SITE_C_B2,21.86,37.0,99.29,6.959,45.478,True,False,0.21485102206839585
2026-07-13 08:15:00,AST_0038,SITE_B,SITE_B_B2,26.08,35.91,101.9,3.541,8.363,True,False,0.1906918084474401
2026-07-13 08:15:00,AST_0031,SITE_B,SITE_B_B1,25.89,36.57,99.63499999999999,5.357,0.29,True,False,0.19672251521829043
2026-07-13 08:15:00,AST_0010,SITE_A,SITE_A_B1,23.32,38.81,100.47,1.44,0.174,True,False,0.20145321809721406
2026-07-13 08:15:00,AST_0046,SITE_C,SITE_C_B1,20.84,34.62,100.34,6.203,40.305,True,False,0.17688256752748044
2026-07-13 08:15:00,AST_0030,SITE_B,SITE_B_B1,25.59,32.41,99.74,6.258,0.343,True,False,0.22753495801989648
2026-07-13 08:15:00,AST_0008,SITE_A,SITE_A_B1,26.46,40.52,99.74,6.865,0.334,True,False,0.2545066703494117
2026-07-13 08:15:00,AST_0036,SITE_B,SITE_B_B2,22.39,36.46,99.59,8.162,50.672,True,False,0.21524739118935016
2026-07-13 08:15:00,AST_0024,SITE_B,SITE_B_B1,20.62,37.64,99.44,8.135,51.837,True,False,0.20542354171002375
2026-07-13 08:15:00,AST_0025,SITE_B,SITE_B_B1,18.68,37.75,99.99,3.918,25.835,True,False,0.21254736675458757
2026-07-13 08:15:00,AST_0002,SITE_A,SITE_A_B1,18.34,37.09,100.52,4.114,25.394,True,False,0.23126021308014139
2026-07-13 08:15:00,AST_0006,SITE_A,SITE_A_B1,25.85,29.76,100.78,4.416,12.673,True,False,0.19072312856935536
2026-07-13 08:15:00,AST_0057,SITE_C,SITE_C_B2,21.87,33.24,99.63,8.168,51.248,True,False,0.19612975093439522
2026-07-13 08:15:00,AST_0050,SITE_C,SITE_C_B1,27.28,28.61,100.33,6.925,19.712,True,False,0.1623128529976673
2026-07-13 08:15:00,AST_0041,SITE_B,SITE_B_B2,27.44,39.21,100.62,4.682,0.263,True,False,0.25164028957232376
2026-07-13 08:15:00,AST_0023,SITE_B,SITE_B_B1,8.19,32.63,100.57,4.068,196.085,True,False,0.06102394690925306
2026-07-13 08:15:00,AST_0054,SITE_C,SITE_C_B1,26.53,40.61,99.84,4.819,0.271,True,False,0.2159695940065825
2026-07-13 08:30:00,AST_0030,SITE_B,SITE_B_B1,26.63,34.24,100.01,6.212,0.352,True,False,0.24766021587176146
2026-07-13 08:30:00,AST_0053,SITE_C,SITE_C_B1,25.45,34.74,100.6,5.643,0.316,True,False,0.2499911862264128
2026-07-13 08:30:00,AST_0049,SITE_C,SITE_C_B1,25.31,37.79,100.98,4.694,12.766,True,False,0.23102962068019012
2026-07-13 08:30:00,AST_0055,SITE_C,SITE_C_B1,25.52,33.05,100.26,3.617,0.243,True,False,0.2008174706215673
2026-07-13 08:30:00,AST_0025,SITE_B,SITE_B_B1,18.95,30.99,99.98,3.849,26.346,True,False,0.18373699830513884
2026-07-13 08:30:00,AST_0056,SITE_C,SITE_C_B2,10.21,39.02,99.76,7.708,351.055,True,False,0.08410896201547047
2026-07-13 08:30:00,AST_0023,SITE_B,SITE_B_B1,7.9,34.51,100.76,4.153,200.45,True,False,0.0889944795862857
2026-07-13 08:30:00,AST_0050,SITE_C,SITE_C_B1,27.59,38.18,100.9,6.711,19.571,True,False,0.22846847967160328
2026-07-13 08:30:00,AST_0031,SITE_B,SITE_B_B1,26.96,31.27,99.14,5.198,0.301,True,False,0.17224565862315833
2026-07-13 08:30:00,AST_0016,SITE_A,SITE_A_B2,28.47,35.12,100.82,6.847,19.476,True,False,0.17786914578339597
2026-07-13 08:30:00,AST_0046,SITE_C,SITE_C_B1,21.62,34.7,100.15,6.382,39.746,True,False,0.16512595364023896
2026-07-13 08:30:00,AST_0032,SITE_B,SITE_B_B1,26.73,38.39,99.4,6.993,0.382,True,False,0.21002611210831568
2026-07-13 08:30:00,AST_0001,SITE_A,SITE_A_B1,10.72,34.44,99.29,8.38,389.95,True,False,0.06323646839379515
2026-07-13 08:30:00,AST_0054,SITE_C,SITE_C_B1,25.47,33.43,99.76,4.787,0.304,True,False,0.2326810514730715
2026-07-13 08:30:00,AST_0061,SITE_C,SITE_C_B2,27.22,37.85,98.81,9.785,28.024,True,False,0.2057625346468775
2026-07-13 08:30:00,AST_0052,SITE_C,SITE_C_B1,26.54,33.67,100.51,4.143,0.276,True,False,0.24261447574291628
2026-07-13 08:30:00,AST_0034,SITE_B,SITE_B_B2,9.84,38.05,100.19,7.307,356.539,True,False,0.08500690837953762
2026-07-13 08:30:00,AST_0057,SITE_C,SITE_C_B2,20.5,29.98,99.91,8.321,52.21,True,False,0.1723391555155851
2026-07-13 08:30:00,AST_0058,SITE_C,SITE_C_B2,21.09,32.62,99.77,6.783,46.147,True,False,0.19891962106176364
2026-07-13 08:30:00,AST_0014,SITE_A,SITE_A_B2,19.78,34.89,100.86,3.822,28.184,True,False,0.14851894312204705
2026-07-13 08:30:00,AST_0026,SITE_B,SITE_B_B1,19.91,28.19,100.82,4.684,28.903,True,False,0.1750793595365081
2026-07-13 08:30:00,AST_0024,SITE_B,SITE_B_B1,21.97,32.39,100.33,8.056,49.098,True,False,0.18283647744130926
2026-07-13 08:30:00,AST_0021,SITE_A,SITE_A_B2,26.23,36.61,100.72,3.869,0.248,True,False,0.22684389245049313
2026-07-13 08:30:00,AST_0063,SITE_C,SITE_C_B2,28.13,36.02,99.79,6.252,0.349,True,False,0.21695201740669118
2026-07-13 08:30:00,AST_0013,SITE_A,SITE_A_B2,19.53,29.53,100.78,3.711,24.451,True,False,0.17993760809501635
2026-07-13 08:30:00,AST_0019,SITE_A,SITE_A_B2,25.22,32.51,100.64,4.278,0.271,True,False,0.23360298627619713
2026-07-13 08:30:00,AST_0028,SITE_B,SITE_B_B1,24.79,38.68,100.93,3.498,10.138,True,False,0.2518497447581714
2026-07-13 08:30:00,AST_0033,SITE_B,SITE_B_B1,26.94,32.36,99.78,4.82,0.277,True,False,0.22433409996276316
2026-07-13 08:30:00,AST_0015,SITE_A,SITE_A_B2,19.74,40.89,100.43,3.988,27.603,True,False,0.22553909618818485
2026-07-13 08:30:00,AST_0027,SITE_B,SITE_B_B1,24.67,33.54,101.205,3.894,10.207,True,False,0.22255778879600002
2026-07-13 08:30:00,AST_0022,SITE_A,SITE_A_B2,25.3,33.44,100.68,4.389,0.269,True,False,0.24365430444597802
2026-07-13 08:30:00,AST_0035,SITE_B,SITE_B_B2,19.69,30.6,99.17,4.776,31.904,True,False,0.15500386039256175
2026-07-13 08:30:00,AST_0004,SITE_A,SITE_A_B1,21.3,30.87,100.09,6.21,41.726,True,False,0.18364450370075175
2026-07-13 08:30:00,AST_0045,SITE_C,SITE_C_B1,8.33,41.05,100.73,3.578,171.368,True,False,0.11875720662666567
2026-07-13 08:30:00,AST_0048,SITE_C,SITE_C_B1,20.21,31.85,100.21,4.664,32.059,True,False,0.20032604258715847
2026-07-13 08:30:00,AST_0060,SITE_C,SITE_C_B2,29.01,37.24,100.41,9.648,27.772,True,False,0.20179654496042226
2026-07-13 08:30:00,AST_0059,SITE_C,SITE_C_B2,20.84,33.79,100.29,7.402,43.653,True,False,0.19964050841872133
2026-07-13 08:30:00,AST_0012,SITE_A,SITE_A_B2,11.71,33.08,99.45,9.068,436.308,True,False,0.05494227177477251
2026-07-13 08:30:00,AST_0042,SITE_B,SITE_B_B2,27.46,37.97,99.87,6.786,0.341,True,False,0.2545097611221249
2026-07-13 08:30:00,AST_0010,SITE_A,SITE_A_B1,23.61,32.5,101.18,1.663,0.166,True,False,0.19738341793937064
2026-07-13 08:30:00,AST_0044,SITE_B,SITE_B_B2,23.91,33.19,100.59,1.766,0.152,True,False,0.22415282880574966
2026-07-13 08:30:00,AST_0041,SITE_B,SITE_B_B2,26.26,35.56,99.91,5.189,0.259,True,False,0.25664600647531877
2026-07-13 08:30:00,AST_0008,SITE_A,SITE_A_B1,26.7,35.47,99.89,6.794,0.356,True,False,0.249116557966923
2026-07-13 08:30:00,AST_0009,SITE_A,SITE_A_B1,26.51,32.03,100.42,6.02,0.328,True,False,0.2200446226101166
2026-07-13 08:30:00,AST_0037,SITE_B,SITE_B_B2,19.08,39.82,101.39,3.151,23.5,True,False,0.21252108921425145
2026-07-13 08:30:00,AST_0038,SITE_B,SITE_B_B2,24.43,38.58,101.44,3.412,8.899,True,False,0.22816970226060213
2026-07-13 08:30:00,AST_0005,SITE_A,SITE_A_B1,26.3,34.62,100.52,4.689,12.801,True,False,0.23390025595001857
2026-07-13 08:30:00,AST_0002,SITE_A,SITE_A_B1,18.72,37.48,100.37,3.832,26.196,True,False,0.22748717388958856
2026-07-13 08:30:00,AST_0006,SITE_A,SITE_A_B1,26.16,34.68,100.08,4.426,12.281,True,False,0.18932069544614316
2026-07-13 08:30:00,AST_0011,SITE_A,SITE_A_B1,24.94,30.74,101.38,2.239,0.175,True,False,0.18298839751494272
2026-07-13 08:30:00,AST_0036,SITE_B,SITE_B_B2,21.23,35.94,99.86,8.025,51.405,True,False,0.2078888779767879
2026-07-13 08:45:00,AST_0055,SITE_C,SITE_C_B1,24.58,36.4,100.64,3.518,0.242,True,False,0.2588842934950464
2026-07-13 08:45:00,AST_0049,SITE_C,SITE_C_B1,25.23,31.03,100.84,4.759,12.277,True,False,0.1594299674977867
2026-07-13 08:45:00,AST_0030,SITE_B,SITE_B_B1,27.15,28.77,99.31,5.918,0.313,True,False,0.11806332279456633
2026-07-13 08:45:00,AST_0002,SITE_A,SITE_A_B1,18.62,37.88,100.05,3.866,25.456,True,False,0.20409123190747486
2026-07-13 08:45:00,AST_0012,SITE_A,SITE_A_B2,12.15,37.46,99.06,9.134,421.485,True,False,0.0618154483096659
2026-07-13 08:45:00,AST_0059,SITE_C,SITE_C_B2,20.87,33.37,100.22,7.05,45.455,True,False,0.1870030748707765
2026-07-13 08:45:00,AST_0006,SITE_A,SITE_A_B1,25.71,32.93,100.57,4.607,13.169,True,False,0.14736349914136793
2026-07-13 08:45:00,AST_0053,SITE_C,SITE_C_B1,26.91,40.58,100.43,6.085,0.329,True,False,0.2592115888833278
2026-07-13 08:45:00,AST_0023,SITE_B,SITE_B_B1,7.41,34.19,100.34,4.19,195.24,True,False,0.08553253442146158
2026-07-13 08:45:00,AST_0028,SITE_B,SITE_B_B1,25.72,38.68,100.92,3.519,10.032,True,False,0.25411887065855593
2026-07-13 08:45:00,AST_0009,SITE_A,SITE_A_B1,26.950000000000003,35.29,100.35,6.162,0.305,True,False,0.24967120662585107
2026-07-13 08:45:00,AST_0050,SITE_C,SITE_C_B1,27.58,36.71,101.2,6.492,19.486,True,False,0.1903949880659077
2026-07-13 08:45:00,AST_0060,SITE_C,SITE_C_B2,29.29,36.16,100.19,9.467,28.715,True,False,0.19843650026136145
2026-07-13 08:45:00,AST_0048,SITE_C,SITE_C_B1,19.87,40.01,100.49,4.844,31.159,True,False,0.2326815590897991
2026-07-13 08:45:00,AST_0034,SITE_B,SITE_B_B2,9.45,38.5,99.65,7.609,355.61,True,False,0.07646440415645805
2026-07-13 08:45:00,AST_0005,SITE_A,SITE_A_B1,26.15,37.68,101.03,4.826,12.492,True,False,0.23757053437547804
2026-07-13 08:45:00,AST_0047,SITE_C,SITE_C_B1,19.73,36.07,100.24,5.64,36.508,True,False,0.215282253743385
2026-07-13 08:45:00,AST_0021,SITE_A,SITE_A_B2,24.4,35.68,100.52,4.09,0.261,True,False,0.259204367028864
2026-07-13 08:45:00,AST_0014,SITE_A,SITE_A_B2,20.1,35.8,100.93,3.943,27.267,True,False,0.22463199494863229
2026-07-13 08:45:00,AST_0033,SITE_B,SITE_B_B1,25.49,33.05,100.56,5.04,0.293,True,False,0.24077960086920752
2026-07-13 08:45:00,AST_0011,SITE_A,SITE_A_B1,25.44,33.87,100.5,2.0,0.199,True,False,0.22900439967204356
2026-07-13 08:45:00,AST_0038,SITE_B,SITE_B_B2,25.24,36.94,101.36,3.645,9.373,True,False,0.23197319896572777
2026-07-13 08:45:00,AST_0046,SITE_C,SITE_C_B1,20.42,34.38,100.58,6.393,41.377,True,False,0.2097386884869335
2026-07-13 08:45:00,AST_0013,SITE_A,SITE_A_B2,19.37,42.07,100.92,3.689,25.448,True,False,0.1855109667198519
2026-07-13 08:45:00,AST_0032,SITE_B,SITE_B_B1,27.25,33.98,99.53,6.789,0.396,True,False,0.23828997637067562
2026-07-13 08:45:00,AST_0056,SITE_C,SITE_C_B2,10.56,36.73,100.12,7.914,355.47,True,False,0.0802337960805044
2026-07-13 08:45:00,AST_0019,SITE_A,SITE_A_B2,25.16,38.09,100.55,4.145,0.27,True,False,0.265620734325854
2026-07-13 08:45:00,AST_0042,SITE_B,SITE_B_B2,27.53,33.48,99.9,6.918,0.342,True,False,0.23700347709607444
2026-07-13 08:45:00,AST_0015,SITE_A,SITE_A_B2,19.47,34.88,100.72,4.109,27.493,True,False,0.22480827112662216
2026-07-13 08:45:00,AST_0031,SITE_B,SITE_B_B1,25.42,36.52,99.51,5.157,0.277,True,False,0.2472200045021512
2026-07-13 08:45:00,AST_0063,SITE_C,SITE_C_B2,26.81,33.8,99.62,6.579,0.332,True,False,0.22723636155699828
2026-07-13 08:45:00,AST_0022,SITE_A,SITE_A_B2,25.49,36.98,100.27,4.119,0.272,True,False,0.2623660090803903
2026-07-13 08:45:00,AST_0061,SITE_C,SITE_C_B2,28.04,34.33,100.55,9.822,28.949,True,False,0.19035581383688605
2026-07-13 08:45:00,AST_0036,SITE_B,SITE_B_B2,22.25,36.29,99.72,7.871,50.698,True,False,0.1833344769724627
2026-07-13 08:45:00,AST_0008,SITE_A,SITE_A_B1,26.985,35.17,99.91,6.689,0.366,True,False,0.24689072273403978
2026-07-13 08:45:00,AST_0054,SITE_C,SITE_C_B1,26.1,43.11,99.94,4.73,0.277,True,False,0.21870497140898737
2026-07-13 08:45:00,AST_0037,SITE_B,SITE_B_B2,19.12,35.58,100.54,3.18,22.239,True,False,0.21662819162855873
2026-07-13 08:45:00,AST_0016,SITE_A,SITE_A_B2,27.61,39.83,99.84,6.917,19.657,True,False,0.24142377571634177
2026-07-13 08:45:00,AST_0035,SITE_B,SITE_B_B2,20.24,30.43,101.16,4.774,32.6225,True,False,0.16355851977871894
2026-07-13 08:45:00,AST_0027,SITE_B,SITE_B_B1,25.58,35.6,101.66,3.757,9.776,True,False,0.20829617331743205
2026-07-13 08:45:00,AST_0025,SITE_B,SITE_B_B1,19.54,36.22,100.54,4.027,27.87,True,False,0.17281605028814306
2026-07-13 08:45:00,AST_0001,SITE_A,SITE_A_B1,11.16,34.49,100.35,8.309,399.678,True,False,0.06302634926924278
2026-07-13 08:45:00,AST_0041,SITE_B,SITE_B_B2,26.29,37.29,100.09,4.62,0.283,True,False,0.18471164791719658
2026-07-13 08:45:00,AST_0045,SITE_C,SITE_C_B1,8.33,38.54,101.01,3.731,162.471,True,False,0.11814106676016867
2026-07-13 08:45:00,AST_0026,SITE_B,SITE_B_B1,19.82,31.72,100.47,4.279,28.412,True,False,0.20473983396694567
2026-07-13 08:45:00,AST_0024,SITE_B,SITE_B_B1,21.66,33.27,100.56,7.978,49.371,True,False,0.18921316264004912
2026-07-13 08:45:00,AST_0057,SITE_C,SITE_C_B2,22.76,35.46,99.37,8.361,51.2,True,False,0.1550966086061475
2026-07-13 09:00:00,AST_0032,SITE_B,SITE_B_B1,27.82,40.12,99.9,6.86,0.403,True,False,0.23187424718975186
2026-07-13 09:00:00,AST_0030,SITE_B,SITE_B_B1,26.71,38.59,100.15,6.328,0.384,True,False,0.25945269550621675
2026-07-13 09:00:00,AST_0025,SITE_B,SITE_B_B1,19.83,34.21,101.25,3.973,29.13,True,False,0.2040107792962167
2026-07-13 09:00:00,AST_0038,SITE_B,SITE_B_B2,26.0,37.26,101.15,3.636,10.604,True,False,0.16616044135045838
2026-07-13 09:00:00,AST_0019,SITE_A,SITE_A_B2,25.56,30.74,100.81,4.309,0.278,True,False,0.20919032998482595
2026-07-13 09:00:00,AST_0012,SITE_A,SITE_A_B2,10.53,36.88,99.7,9.189,467.532,True,False,0.05187045318844019
2026-07-13 09:00:00,AST_0041,SITE_B,SITE_B_B2,26.37,33.82,99.69,4.715,0.316,True,False,0.23341667765421142
2026-07-13 09:00:00,AST_0056,SITE_C,SITE_C_B2,10.45,34.17,100.47,7.955,396.206,True,False,0.05386536731457525
2026-07-13 09:00:00,AST_0042,SITE_B,SITE_B_B2,27.74,37.83,99.5,6.871,0.401,True,False,0.2460930902987648
2026-07-13 09:00:00,AST_0022,SITE_A,SITE_A_B2,25.92,35.81,100.73,4.185,0.273,True,False,0.25650085416644425
2026-07-13 09:00:00,AST_0053,SITE_C,SITE_C_B1,26.68,32.6,99.8,5.818,0.357,True,False,0.22568854433410185
2026-07-13 09:00:00,AST_0035,SITE_B,SITE_B_B2,19.78,40.5,100.61,4.722,33.341,True,False,0.23300106345340527
2026-07-13 09:00:00,AST_0031,SITE_B,SITE_B_B1,26.68,39.16,101.05,5.283,0.328,True,False,0.16646581124645654
2026-07-13 09:00:00,AST_0050,SITE_C,SITE_C_B1,28.26,31.43,100.43,6.618,20.723,True,False,0.17351977336459568
2026-07-13 09:00:00,AST_0015,SITE_A,SITE_A_B2,19.89,31.58,100.43,4.366,29.17,True,False,0.20524934719979782
2026-07-13 09:00:00,AST_0052,SITE_C,SITE_C_B1,25.57,35.36,100.47,3.835,0.301,True,False,0.23580506348050606
2026-07-13 09:00:00,AST_0046,SITE_C,SITE_C_B1,21.11,36.59,100.5,6.596,43.443,True,False,0.21796675049127906
2026-07-13 09:00:00,AST_0057,SITE_C,SITE_C_B2,21.6,35.76,98.98,8.191,56.461,True,False,0.1411696043804216
2026-07-13 09:00:00,AST_0045,SITE_C,SITE_C_B1,8.88,35.7,101.18,3.578,179.147,True,False,0.09619103847926946
2026-07-13 09:00:00,AST_0013,SITE_A,SITE_A_B2,20.17,35.4,100.31,3.555,27.512,True,False,0.18484309064306015
2026-07-13 09:00:00,AST_0060,SITE_C,SITE_C_B2,29.27,37.94,99.89,9.825,30.498,True,False,0.19786825697027605
2026-07-13 09:00:00,AST_0063,SITE_C,SITE_C_B2,27.87,34.69,99.2,6.088,0.373,True,False,0.22560712111414466
2026-07-13 09:00:00,AST_0026,SITE_B,SITE_B_B1,20.51,31.47,100.91,4.391,31.154,True,False,0.17952776065089376
2026-07-13 09:00:00,AST_0048,SITE_C,SITE_C_B1,20.08,37.12,100.64,4.534,33.701,True,False,0.22915021382911516
2026-07-13 09:00:00,AST_0016,SITE_A,SITE_A_B2,27.32,38.54,100.5,6.785,21.505,True,False,0.1881084675105208
2026-07-13 09:00:00,AST_0023,SITE_B,SITE_B_B1,8.81,35.99,101.13,4.328,216.547,True,False,0.09186451663480277
2026-07-13 09:00:00,AST_0061,SITE_C,SITE_C_B2,28.75,34.01,100.13,9.735,31.791,True,False,0.18833580088032043
2026-07-13 09:00:00,AST_0036,SITE_B,SITE_B_B2,22.61,36.67,100.37,7.881,55.558,True,False,0.16582110427966446
2026-07-13 09:00:00,AST_0054,SITE_C,SITE_C_B1,25.95,30.25,99.63,4.958,0.309,True,False,0.17615586425009788
2026-07-13 09:00:00,AST_0059,SITE_C,SITE_C_B2,20.64,30.73,99.43,7.198,49.246,True,False,0.13390437947699696
2026-07-13 09:00:00,AST_0055,SITE_C,SITE_C_B1,24.79,39.06,100.09,3.581,0.269,True,False,0.23448025843499082
2026-07-13 09:00:00,AST_0047,SITE_C,SITE_C_B1,20.5,30.7,100.69,5.416,39.953,True,False,0.12715978170612452
2026-07-13 09:00:00,AST_0028,SITE_B,SITE_B_B1,25.24,37.84,100.89,3.551,11.104,True,False,0.2506364039724756
2026-07-13 09:00:00,AST_0005,SITE_A,SITE_A_B1,25.51,33.3,100.3,4.471,13.468,True,False,0.22872510407866226
2026-07-13 09:00:00,AST_0008,SITE_A,SITE_A_B1,27.27,37.65,99.93,7.046,0.362,True,False,0.25507732153045765
2026-07-13 09:00:00,AST_0011,SITE_A,SITE_A_B1,23.95,35.64,100.9,2.113,0.196,True,False,0.24394295922653514
2026-07-13 09:00:00,AST_0024,SITE_B,SITE_B_B1,22.06,37.16,99.57,7.9,54.495,True,False,0.16303717688368158
2026-07-13 09:00:00,AST_0006,SITE_A,SITE_A_B1,25.57,31.92,99.94,4.429,13.479,True,False,0.21331117623011542
2026-07-13 09:00:00,AST_0010,SITE_A,SITE_A_B1,24.66,36.2,100.29,1.814,0.185,True,False,0.24648931864214163
2026-07-13 09:00:00,AST_0029,SITE_B,SITE_B_B1,26.25,39.26,100.0,29.68230480415541,0.0495767579886606,True,False,0.09663281927834477
2026-07-13 09:00:00,AST_0001,SITE_A,SITE_A_B1,10.55,36.14,100.05,8.624,415.323,True,False,0.06142376544791639
2026-07-13 09:00:00,AST_0027,SITE_B,SITE_B_B1,26.3,33.785,101.62,3.461,11.467,True,False,0.19300818296633043
2026-07-13 09:00:00,AST_0049,SITE_C,SITE_C_B1,24.97,35.86,101.83,4.648,14.274,True,False,0.17636085651224265
2026-07-13 09:00:00,AST_0034,SITE_B,SITE_B_B2,10.48,35.29,99.22,7.365,377.293,True,False,0.05829208297904076
2026-07-13 09:00:00,AST_0014,SITE_A,SITE_A_B2,19.83,41.21,100.31,4.215,31.053,True,False,0.23365191603245894
2026-07-13 09:00:00,AST_0009,SITE_A,SITE_A_B1,27.39,36.67,100.01,6.064,0.338,True,False,0.23495607017336728
2026-07-13 09:00:00,AST_0037,SITE_B,SITE_B_B2,18.79,38.87,100.89,3.22,24.593,True,False,0.1884096353249921
2026-07-13 09:00:00,AST_0033,SITE_B,SITE_B_B1,26.7,37.18,100.05,4.916,0.285,True,False,0.19909722621473702
2026-07-13 09:00:00,AST_0002,SITE_A,SITE_A_B1,19.27,41.48,100.61,3.551,30.022,True,False,0.21845043954512183
2026-07-13 09:15:00,AST_0036,SITE_B,SITE_B_B2,22.69,34.62,100.81,7.958,54.346,True,False,0.19098851235662567
2026-07-13 09:15:00,AST_0008,SITE_A,SITE_A_B1,28.92,33.32,99.92,6.918,0.375,True,False,0.21928905558697281
2026-07-13 09:15:00,AST_0042,SITE_B,SITE_B_B2,28.71,39.37,99.32,6.958,0.385,True,False,0.2108379564399872
2026-07-13 09:15:00,AST_0033,SITE_B,SITE_B_B1,26.08,34.27,100.95,4.901,0.316,True,False,0.24152188615268494
2026-07-13 09:15:00,AST_0046,SITE_C,SITE_C_B1,20.56,33.15,100.43,6.074,44.005,True,False,0.1855668483542129
2026-07-13 09:15:00,AST_0047,SITE_C,SITE_C_B1,20.88,43.06,100.72,5.89,39.948,True,False,0.186778893681181
2026-07-13 09:15:00,AST_0057,SITE_C,SITE_C_B2,22.29,37.31,99.79,8.297,55.844,True,False,0.15561864906895007
2026-07-13 09:15:00,AST_0005,SITE_A,SITE_A_B1,25.38,33.79,100.44,4.515,14.197,True,False,0.23102004377220892
2026-07-13 09:15:00,AST_0001,SITE_A,SITE_A_B1,10.62,39.87,99.24,8.223,424.84,True,False,0.05810679247129735
2026-07-13 09:15:00,AST_0013,SITE_A,SITE_A_B2,18.99,33.4,100.95,3.672,27.619,True,False,0.20479716683919902
2026-07-13 09:15:00,AST_0014,SITE_A,SITE_A_B2,18.73,39.19,101.06,3.968,31.159,True,False,0.21315034533832172
2026-07-13 09:15:00,AST_0025,SITE_B,SITE_B_B1,19.725,35.21,100.99,3.894,29.383,True,False,0.21609633047168708
2026-07-13 09:15:00,AST_0063,SITE_C,SITE_C_B2,25.62,33.25,99.42,6.458,0.414,True,False,0.21135992784467972
2026-07-13 09:15:00,AST_0002,SITE_A,SITE_A_B1,20.53,31.37,100.75,3.595,28.299,True,False,0.17558015139038374
2026-07-13 09:15:00,AST_0061,SITE_C,SITE_C_B2,30.05,36.25,99.28,9.947,30.755,True,False,0.186697792156159
2026-07-13 09:15:00,AST_0059,SITE_C,SITE_C_B2,21.12,31.07,100.06,7.086,49.679,True,False,0.1487500457615022
2026-07-13 09:15:00,AST_0028,SITE_B,SITE_B_B1,26.22,36.03,101.39,3.398,11.392,True,False,0.21560858821273615
2026-07-13 09:15:00,AST_0023,SITE_B,SITE_B_B1,8.58,37.42,100.87,4.298,225.985,True,False,0.07004394014456994
2026-07-13 09:15:00,AST_0024,SITE_B,SITE_B_B1,21.94,32.7,100.43,8.165,55.338,True,False,0.1942556624367766
2026-07-13 09:15:00,AST_0027,SITE_B,SITE_B_B1,25.68,31.97,101.14,3.936,11.059,True,False,0.2046079858007498
2026-07-13 09:15:00,AST_0049,SITE_C,SITE_C_B1,26.58,36.15,101.07,4.576,14.325,True,False,0.22897177479738035
2026-07-13 09:15:00,AST_0037,SITE_B,SITE_B_B2,19.46,38.11,100.78,3.237,25.279,True,False,0.22375025701217627
2026-07-13 09:15:00,AST_0009,SITE_A,SITE_A_B1,27.38,37.93,99.7,6.145,0.351,True,False,0.2541510219338124
2026-07-13 09:15:00,AST_0010,SITE_A,SITE_A_B1,24.58,32.52,100.59,1.486,0.196,True,False,0.2256236644095566
2026-07-13 09:15:00,AST_0041,SITE_B,SITE_B_B2,25.3,30.35,100.11,4.708,0.303,True,False,0.2065439114392562
2026-07-13 09:15:00,AST_0012,SITE_A,SITE_A_B2,10.49,34.62,99.73,9.268,460.571,True,False,0.04590494745104423
2026-07-13 09:15:00,AST_0050,SITE_C,SITE_C_B1,26.8,36.58,100.92,6.706,21.329,True,False,0.17731723914716158
2026-07-13 09:15:00,AST_0035,SITE_B,SITE_B_B2,19.85,38.63,100.37,4.579,34.592,True,False,0.2086606203009232
2026-07-13 09:15:00,AST_0034,SITE_B,SITE_B_B2,10.73,38.21,100.36,7.626,378.498,True,False,0.08025710189351198
2026-07-13 09:15:00,AST_0045,SITE_C,SITE_C_B1,8.16,31.52,101.22,3.738,180.478,True,False,0.07734677624382191
2026-07-13 09:15:00,AST_0060,SITE_C,SITE_C_B2,28.59,32.33,99.85,9.693,30.092,True,False,0.172557369945613
2026-07-13 09:15:00,AST_0056,SITE_C,SITE_C_B2,10.07,36.35,99.96,7.894,390.162,True,False,0.06835539124915346
2026-07-13 09:15:00,AST_0016,SITE_A,SITE_A_B2,27.44,36.18,100.27,7.063,21.439,True,False,0.22786939338939655
2026-07-13 09:15:00,AST_0031,SITE_B,SITE_B_B1,26.3,41.8,99.5,5.171,0.334,True,False,0.2535083281409342
2026-07-13 09:15:00,AST_0026,SITE_B,SITE_B_B1,19.59,40.53,101.23,4.245,30.711,True,False,0.15475430544848257
2026-07-13 09:15:00,AST_0048,SITE_C,SITE_C_B1,17.91,33.36,100.08,4.616,34.366,True,False,0.17809961682002318
2026-07-13 09:15:00,AST_0015,SITE_A,SITE_A_B2,19.48,37.08,99.91,4.13,30.847,True,False,0.18008896801928564
2026-07-13 09:30:00,AST_0008,SITE_A,SITE_A_B1,27.77,33.12,99.39,6.976,0.405,True,False,0.22386837779946323
2026-07-13 09:30:00,AST_0026,SITE_B,SITE_B_B1,19.42,34.73,100.15,4.457,32.804,True,False,0.17301220786688365
2026-07-13 09:30:00,AST_0021,SITE_A,SITE_A_B2,25.65,30.95,100.64,4.424,0.291,True,False,0.21594639458305498
2026-07-13 09:30:00,AST_0042,SITE_B,SITE_B_B2,27.49,39.68,100.01,6.666,0.403,True,False,0.2501650254226516
2026-07-13 09:30:00,AST_0011,SITE_A,SITE_A_B1,23.71,36.56,100.49,2.3,0.216,True,False,0.2418701365877715
2026-07-13 09:30:00,AST_0009,SITE_A,SITE_A_B1,26.67,35.43,100.13,6.167,0.361,True,False,0.2522661597933719
2026-07-13 09:30:00,AST_0015,SITE_A,SITE_A_B2,19.42,33.15,100.96,4.306,32.211,True,False,0.20347787467767364
2026-07-13 10:00:00,AST_0066,SITE_C,SITE_C_B2,23.03,35.675,101.39,0.7029886467503157,0.4687257118927919,True,False,0.21885369391040527
2026-07-13 10:00:00,AST_0030,SITE_B,SITE_B_B1,25.97,39.87,99.6,6.4,0.424,True,False,0.25191144086946576
2026-07-13 12:00:00,AST_0001,SITE_A,SITE_A_B1,10.12,32.13,99.66,8.544,506.702,False,True,-0.0031835920167703202
2026-07-13 13:30:00,AST_0065,SITE_C,SITE_C_B2,26.74,32.58,99.99,35.7310416495754,2.095744769520656,True,False,0.12464549628240562
2026-07-13 14:15:00,AST_0047,SITE_C,SITE_C_B1,20.45,36.52,100.17,28.98437362968388,225.25876038847824,True,False,0.06802755180790576
2026-07-13 17:00:00,AST_0051,SITE_C,SITE_C_B1,25.11,31.22,98.96,6.483,0.026,True,False,0.19434086437872217
2026-07-13 21:00:00,AST_0066,SITE_C,SITE_C_B2,22.89,37.88,101.19,1.153103679561669,0.1983070319546427,True,False,0.2726076345114163
2026-07-14 03:15:00,AST_0028,SITE_B,SITE_B_B1,24.74,32.49,101.21,18.56598073539862,17.62228397596939,True,False,0.13055949616504892
2026-07-14 05:15:00,AST_0022,SITE_A,SITE_A_B2,25.28,47.29,100.49,4.503,0.098,True,False,0.30097199311106015
2026-07-14 05:45:00,AST_0061,SITE_C,SITE_C_B2,28.84,34.85,99.13,50.97932057009484,45.41231031761318,True,False,0.12156122943079106
2026-07-14 06:45:00,AST_0008,SITE_A,SITE_A_B1,26.84,40.92,100.04,21.32883692232098,0.137,True,False,0.18713715046516166
2026-07-14 06:45:00,AST_0045,SITE_C,SITE_C_B1,7.53,38.32,101.49,18.080463396635817,246.95985945351472,True,False,0.0343697785035012
2026-07-14 07:00:00,AST_0008,SITE_A,SITE_A_B1,26.57,34.08,99.57,35.78667384464197,0.4642187338938227,True,False,0.16538967270529936
2026-07-14 07:30:00,AST_0012,SITE_A,SITE_A_B2,10.2,26.24,100.02,49.80092952913927,692.6458998155763,True,True,-0.03441276322766873
2026-07-14 08:15:00,AST_0057,SITE_C,SITE_C_B2,22.6,35.22,99.74,26.486883747380432,54.2,True,False,0.09462858779295358
2026-07-14 08:30:00,AST_0057,SITE_C,SITE_C_B2,21.8,40.25,99.5,44.24276749476087,236.7380333518527,True,False,0.04528077579992562
2026-07-14 09:30:00,AST_0052,SITE_C,SITE_C_B1,25.8,34.41,101.22,19.92644077839024,1.1853352137288873,True,False,0.12630370174630645
2026-07-14 10:00:00,AST_0028,SITE_B,SITE_B_B1,24.52,38.49,100.88,18.950348628585846,53.799796373694775,True,False,0.1283259815751875
2026-07-14 15:30:00,AST_0012,SITE_A,SITE_A_B2,11.25,36.09,99.35,9.58,2622.925986060078,True,True,-0.0017565473898195627
2026-07-14 19:00:00,AST_0054,SITE_C,SITE_C_B1,26.4,37.25,100.36,26.19770640407651,1.3520933996907458,True,False,0.1284319133725813
2026-07-14 19:15:00,AST_0038,SITE_B,SITE_B_B2,25.27,34.12,100.88,17.761842643072722,47.11144102322455,True,False,0.12581276619515025
2026-07-14 19:15:00,AST_0056,SITE_C,SITE_C_B2,10.25,33.8,99.42,41.51678993649885,1850.97530137464,True,True,-0.05251552739918075
2026-07-15 02:30:00,AST_0015,SITE_A,SITE_A_B2,19.58,36.84,100.63,21.494257184811808,47.83706448105859,True,False,0.13077567911523613
2026-07-15 02:45:00,AST_0004,SITE_A,SITE_A_B1,21.07,27.62,99.92,32.53471916938691,66.38327894681665,True,False,0.08693174459577724
2026-07-15 03:00:00,AST_0004,SITE_A,SITE_A_B1,21.94,32.75,99.65,19.596359584693456,14.293,True,False,0.15896802479348882
2026-07-15 03:30:00,AST_0040,SITE_B,SITE_B_B2,22.17,34.36,101.59,0.61,0.029,True,False,0.2189834778726638
2026-07-15 05:00:00,AST_0010,SITE_A,SITE_A_B1,24.25,39.39,99.2,2.03,0.032,True,False,0.25038443046288067
2026-07-15 09:00:00,AST_0062,SITE_C,SITE_C_B2,22.27,37.31,101.28,0.39,0.033,True,False,0.20891174938451645
2026-07-15 09:45:00,AST_0047,SITE_C,SITE_C_B1,21.18,34.82,100.42,30.27908653305137,191.04629039830343,True,False,0.06688827785945894
2026-07-15 12:30:00,AST_0012,SITE_A,SITE_A_B2,12.22,37.04,99.3,50.47863081449569,2677.7984431975274,True,True,-0.030745364971373368
2026-07-15 15:30:00,AST_0034,SITE_B,SITE_B_B2,10.47,39.35,99.27,40.115870115277005,2227.213317750586,True,True,-0.028759182879812162
2026-07-15 22:45:00,AST_0018,SITE_A,SITE_A_B2,22.48,35.58,101.64,2.554023500783521,0.0,True,False,0.24495740341610805
2026-07-15 23:15:00,AST_0050,SITE_C,SITE_C_B1,27.67,32.94,99.91,36.21150151605943,35.762870421820224,True,False,0.12351848594445314
2026-07-15 23:30:00,AST_0038,SITE_B,SITE_B_B2,25.68,31.66,101.26,17.989428895617788,13.696706138867256,True,False,0.12666127628038504
2026-07-16 02:30:00,AST_0035,SITE_B,SITE_B_B2,20.8,34.98,100.09,25.520005118720093,51.1812421562937,True,False,0.13860737333936457
2026-07-16 02:45:00,AST_0035,SITE_B,SITE_B_B2,20.92,35.68,100.71,15.068502559360047,10.996,True,False,0.1811374865176496
2026-07-16 06:30:00,AST_0037,SITE_B,SITE_B_B2,18.76,39.8,101.11,16.350807877293313,41.61292786448219,True,False,0.15058283927980531
2026-07-16 06:45:00,AST_0018,SITE_A,SITE_A_B2,22.87,36.32,101.39,2.275862525450662,0.0,True,False,0.24318220228997584
2026-07-16 07:15:00,AST_0048,SITE_C,SITE_C_B1,20.3,34.61,100.33,25.44920050681718,58.9693001385124,True,False,0.1203908912160695
2026-07-16 11:15:00,AST_0001,SITE_A,SITE_A_B1,10.94,35.24,99.89,46.11908971018797,2354.1388321575555,True,True,-0.03459244591848787
2026-07-16 12:00:00,AST_0037,SITE_B,SITE_B_B2,19.09,34.73,100.3,17.852877144090748,143.2858445432273,True,False,0.09746246475884746
2026-07-16 13:45:00,AST_0012,SITE_A,SITE_A_B2,12.06,32.58,99.82,9.886,621.49,False,True,-0.00186743877457618
2026-07-16 15:00:00,AST_0051,SITE_C,SITE_C_B1,26.66,29.93,99.48,37.35954772334231,0.0630976919855681,True,False,0.09475121338344061
2026-07-16 15:45:00,AST_0056,SITE_C,SITE_C_B2,12.81,35.11,100.09,8.682,524.386,True,False,0.055561320204737585
2026-07-16 16:00:00,AST_0019,SITE_A,SITE_A_B2,25.9,38.37,100.67,24.599545163982267,1.6901167496134324,True,False,0.14717486750011588
2026-07-16 16:15:00,AST_0062,SITE_C,SITE_C_B2,22.35,38.37,101.07,3.085058090055342,0.0225348899948457,True,False,0.24063619971337713
2026-07-16 16:45:00,AST_0012,SITE_A,SITE_A_B2,11.68,37.25,98.74,10.23,613.108,False,True,-0.0007351303504248285
2026-07-16 18:45:00,AST_0031,SITE_B,SITE_B_B1,26.56,35.62,100.0,30.284144005330145,1.6720888376175556,True,False,0.12759675553831518
2026-07-16 22:00:00,AST_0047,SITE_C,SITE_C_B1,20.71,34.09,100.3,31.38161548982524,60.36646331819284,True,False,0.12211509248716657
2026-07-16 22:30:00,AST_0013,SITE_A,SITE_A_B2,18.95,38.36,100.925,18.16138295309629,40.84223462665846,True,False,0.1463226528215058
2026-07-17 00:15:00,AST_0049,SITE_C,SITE_C_B1,25.9,34.46,100.94,23.99264849052876,19.325921659579727,True,False,0.142981976579463
2026-07-17 00:15:00,AST_0034,SITE_B,SITE_B_B2,10.23,38.1,99.34,41.57242213156543,591.2974855527569,True,False,0.005938401165554552
2026-07-17 00:45:00,AST_0065,SITE_C,SITE_C_B2,28.79,33.87,99.68,38.82115721190952,0.5588652718721749,True,False,0.15567858495278508
2026-07-17 02:45:00,AST_0029,SITE_B,SITE_B_B1,26.65,35.49,99.06,6.742,0.025,True,False,0.2548804035392372
2026-07-17 05:45:00,AST_0052,SITE_C,SITE_C_B1,25.24,33.65,100.47,23.218855231875533,0.3605582399175322,True,False,0.15450068006513384
2026-07-17 08:00:00,AST_0012,SITE_A,SITE_A_B2,11.67,33.54,98.38,10.569,470.595,False,True,-0.005151151879339011
2026-07-17 08:00:00,AST_0021,SITE_A,SITE_A_B2,26.15,36.32,99.7,25.10023491958141,1.298009663703116,True,False,0.1429313195000621
2026-07-17 08:00:00,AST_0044,SITE_B,SITE_B_B2,23.98,36.18,100.61,8.268967175804072,0.739144391830941,True,False,0.247791320564614
2026-07-17 08:15:00,AST_0044,SITE_B,SITE_B_B2,23.96,35.92,100.56,4.895483587902036,0.157,True,False,0.2519607411385438
2026-07-17 09:15:00,AST_0057,SITE_C,SITE_C_B2,22.92,36.47,99.21,28.44312543101421,62.326,True,False,0.10656787006010993
2026-07-17 09:30:00,AST_0057,SITE_C,SITE_C_B2,23.67,34.6,99.49,47.27725086202842,284.71030717288033,True,False,0.04173554596756368
2026-07-17 10:00:00,AST_0030,SITE_B,SITE_B_B1,26.9,34.3,99.53,37.425294862966446,1.9920842755443653,True,False,0.13113907598658248
2026-07-17 11:45:00,AST_0010,SITE_A,SITE_A_B1,24.27,31.46,100.56,9.76092149804395,0.914916533790738,True,False,0.1492641979303736
2026-07-17 12:15:00,AST_0029,SITE_B,SITE_B_B1,26.78,37.81,99.52,6.953,0.033,True,False,0.22044522125302352
2026-07-17 13:45:00,AST_0039,SITE_B,SITE_B_B2,27.2,29.62,101.47,20.194486809165543,63.63852934544443,True,False,0.057909552186476754
2026-07-17 15:00:00,AST_0040,SITE_B,SITE_B_B2,22.28,33.89,101.1,0.895,0.02,True,False,0.2177101130172352
2026-07-17 15:15:00,AST_0040,SITE_B,SITE_B_B2,22.37,32.08,101.02,0.589,0.026,True,False,0.2075363970907831
2026-07-18 00:15:00,AST_0060,SITE_C,SITE_C_B2,30.89,35.9,98.61,54.494263803846415,51.78968418615453,True,False,0.09226939714372562
2026-07-18 00:30:00,AST_0012,SITE_A,SITE_A_B2,11.93,40.99,99.54,53.80644757393243,789.2845220694729,True,True,-0.013864278485047676
2026-07-18 01:15:00,AST_0013,SITE_A,SITE_A_B2,21.42,39.6,100.16,5.654,79.34534767185194,True,False,0.22633770036050532
2026-07-18 02:00:00,AST_0030,SITE_B,SITE_B_B1,26.51,36.95,99.99,37.799547811596106,0.6805536778443421,True,False,0.1637178817108933
2026-07-18 06:00:00,AST_0010,SITE_A,SITE_A_B1,22.1,37.03,100.9,9.553565134614002,0.2478837899433034,True,False,0.23736129182682858
2026-07-18 07:00:00,AST_0040,SITE_B,SITE_B_B2,22.61,37.98,101.44,2.0533337451843754,0.0,True,False,0.2710082364619704
2026-07-18 07:15:00,AST_0042,SITE_B,SITE_B_B2,29.13,36.48,99.14,40.96046798583314,0.6985815898402187,True,False,0.15995529050993706
2026-07-18 07:15:00,AST_0057,SITE_C,SITE_C_B2,22.82,38.37,99.2,47.929664785990944,91.96488606896555,True,False,0.1119350269447541
2026-07-18 09:15:00,AST_0042,SITE_B,SITE_B_B2,28.46,38.71,99.32,42.52828439225471,0.590414117864959,True,False,0.16165482819332244
2026-07-18 10:15:00,AST_0054,SITE_C,SITE_C_B1,26.53,39.1,99.9,29.35862657831354,0.5273164258793909,True,False,0.17832742515872635
2026-07-18 10:30:00,AST_0065,SITE_C,SITE_C_B2,28.63,35.34,98.69,24.61724547854695,0.164,True,False,0.14762439220990942
2026-07-18 10:45:00,AST_0065,SITE_C,SITE_C_B2,28.31,35.97,98.22,40.8744909570939,0.6444978538525888,True,False,0.13976968738980167
2026-07-18 10:45:00,AST_0048,SITE_C,SITE_C_B1,19.97,37.33,99.78,26.68322374283932,57.43242064086392,True,False,0.13136781989917945
2026-07-18 13:45:00,AST_0029,SITE_B,SITE_B_B1,26.74,32.29,98.85,35.857478456544875,0.0,True,False,0.13457537776437778
2026-07-18 16:00:00,AST_0027,SITE_B,SITE_B_B1,24.34,36.22,100.53,19.425751022791097,17.523130459992064,True,False,0.16464429536273661
2026-07-18 19:15:00,AST_0017,SITE_A,SITE_A_B2,27.27,39.53,99.38,3.935,4.082,True,False,0.27313012501687484
2026-07-18 20:45:00,AST_0039,SITE_B,SITE_B_B2,25.33,33.09,101.7,20.26529142106845,16.738916288171435,True,False,0.10799170025401128
2026-07-18 22:00:00,AST_0041,SITE_B,SITE_B_B2,27.43,33.97,100.12,30.026212919112403,0.5228094478804217,True,False,0.15880017537221702
2026-07-19 00:00:00,AST_0043,SITE_B,SITE_B_B2,26.5,36.48,99.55,28.761844849417592,0.4552047778958845,True,False,0.1779925860491529
2026-07-19 00:00:00,AST_0018,SITE_A,SITE_A_B2,22.65,37.73,100.83,0.272,0.031,True,False,0.2615068553424545
2026-07-19 00:30:00,AST_0031,SITE_B,SITE_B_B1,26.16,34.74,100.27,7.049,0.092,True,False,0.2762833695387856
2026-07-19 01:15:00,AST_0055,SITE_C,SITE_C_B1,25.36,39.33,100.73,23.84598179444416,0.4506977998969153,True,False,0.17238084936808906
2026-07-19 01:15:00,AST_0025,SITE_B,SITE_B_B1,19.25,34.83,100.07,23.497016207208397,43.90697966595749,True,False,0.13907548425149774
2026-07-19 04:15:00,AST_0057,SITE_C,SITE_C_B2,22.91,38.26,98.92,50.74667684527099,94.62400308835736,True,False,0.10248474331552115
2026-07-19 09:00:00,AST_0055,SITE_C,SITE_C_B1,26.19,42.51,100.12,23.689200153802005,0.0925,True,False,0.1736720589047166
2026-07-19 10:00:00,AST_0061,SITE_C,SITE_C_B2,30.45,41.81,99.93,58.43403470901545,50.762093202389565,True,False,0.11236308842303488
2026-07-19 10:30:00,AST_0056,SITE_C,SITE_C_B2,10.97,34.68,99.57,46.79679099554439,700.0959344478724,True,True,-0.009959739822011593
2026-07-19 10:45:00,AST_0065,SITE_C,SITE_C_B2,27.67,39.63,99.87,43.01380173101752,0.7211164798350644,True,False,0.16886273471231095
2026-07-19 11:00:00,AST_0011,SITE_A,SITE_A_B1,25.08,40.63,100.09,13.488278567504256,0.356051261918563,True,False,0.22831223785878418
2026-07-19 11:00:00,AST_0065,SITE_C,SITE_C_B2,28.24,35.77,99.68,8.697,0.43955823991753223,True,False,0.25609942426580373
2026-07-19 12:15:00,AST_0031,SITE_B,SITE_B_B1,26.98,40.19,99.93,6.623,0.32993263593608746,True,False,0.28596603239284696
2026-07-19 12:30:00,AST_0031,SITE_B,SITE_B_B1,27.11,36.63,99.44,32.954489368525586,0.5588652718721749,True,False,0.16966163261634493
2026-07-19 14:15:00,AST_0038,SITE_B,SITE_B_B2,25.87,37.32,101.19,17.78713000446662,14.737818056629129,True,False,0.1625227463656942
2026-07-19 14:30:00,AST_0061,SITE_C,SITE_C_B2,30.58,40.89,98.39,58.75265546257855,54.91301993944016,True,False,0.09420899787163362
2026-07-19 15:00:00,AST_0043,SITE_B,SITE_B_B2,26.93,34.35,99.87,28.245982676982106,0.4326698879010386,True,False,0.16910618685202838
2026-07-19 15:00:00,AST_0017,SITE_A,SITE_A_B2,26.26,37.88,100.89,20.91770534503097,20.182247479383864,True,False,0.15882899090552416
2026-07-19 16:00:00,AST_0038,SITE_B,SITE_B_B2,25.38,42.99,101.13,17.79724494902418,16.017799808336367,True,False,0.1611147860202241
2026-07-19 16:00:00,AST_0049,SITE_C,SITE_C_B1,27.38,40.3,101.05,24.766441749181983,22.386159720879785,True,False,0.130501406769991
2026-07-19 16:30:00,AST_0007,SITE_A,SITE_A_B1,22.82,37.03,100.1,3.211,0.032,True,False,0.27513467211674153
2026-07-19 20:15:00,AST_0049,SITE_C,SITE_C_B1,25.06,39.21,100.57,26.5669018804274,22.791787740787008,True,False,0.16393335416631116
2026-07-19 20:30:00,AST_0062,SITE_C,SITE_C_B2,22.92,39.75,101.12,0.588,0.028,True,False,0.26444355224220684
2026-07-19 22:30:00,AST_0030,SITE_B,SITE_B_B1,28.23,37.04,98.64,8.11,0.201,True,False,0.23905152425010978
2026-07-19 23:15:00,AST_0043,SITE_B,SITE_B_B2,25.78,35.21,99.85,30.830351011438303,0.53182340387836,True,False,0.1637015665553383
2026-07-19 23:45:00,AST_0029,SITE_B,SITE_B_B1,25.72,36.47,99.3,7.565,0.029,True,False,0.2640739732847203
2026-07-20 00:00:00,AST_0041,SITE_B,SITE_B_B2,26.43,39.83,99.85,31.806443161242697,0.5678792278701132,True,False,0.1658669455260926
2026-07-20 01:45:00,AST_0012,SITE_A,SITE_A_B2,12.78,36.18,99.05,56.689206772836606,172.41649999999998,True,False,0.06544257997181169
2026-07-20 02:00:00,AST_0056,SITE_C,SITE_C_B2,11.18,45.12,99.6,46.04828509828506,670.6473402026078,True,True,-0.01054875882741002
2026-07-20 02:30:00,AST_0049,SITE_C,SITE_C_B1,26.92,38.04,101.38,26.75908582702101,23.23797856268495,True,False,0.13197212319710838
2026-07-20 02:45:00,AST_0053,SITE_C,SITE_C_B1,27.99,33.85,98.47,7.965,0.138,True,False,0.21799213743963386
2026-07-20 04:00:00,AST_0031,SITE_B,SITE_B_B1,25.67,39.03,100.13,33.910351629214865,0.4552047778958845,True,False,0.1725916736521791
2026-07-20 04:15:00,AST_0066,SITE_C,SITE_C_B2,22.21,45.06,100.89,1.41609223805819,0.2388698339453651,True,False,0.2666753913090276
2026-07-20 04:30:00,AST_0003,SITE_A,SITE_A_B1,17.79,41.39,100.89,10.853335510260267,19.6954938554952,True,False,0.2090506365556949
2026-07-20 06:45:00,AST_0044,SITE_B,SITE_B_B2,23.4,34.41,100.82,8.835404071027348,0.26591170193918,True,False,0.24084597066977198
2026-07-20 07:45:00,AST_0045,SITE_C,SITE_C_B1,9.04,40.96,100.69,4.105,123.007,True,False,0.15753650971158673
2026-07-20 08:00:00,AST_0063,SITE_C,SITE_C_B2,28.33,33.61,99.88,8.343,0.44,True,False,0.22838216428309488
2026-07-20 08:00:00,AST_0003,SITE_A,SITE_A_B1,18.08,38.38,101.26,1.94,14.919,True,False,0.17070740627990433
2026-07-20 08:00:00,AST_0042,SITE_B,SITE_B_B2,27.68,41.02,99.66,8.935,0.406,True,False,0.24939025694550732
2026-07-20 08:00:00,AST_0035,SITE_B,SITE_B_B2,20.92,37.11,100.23,5.491,35.551,True,False,0.2226824462511207
2026-07-20 08:00:00,AST_0054,SITE_C,SITE_C_B1,26.68,39.97,99.88,6.557,0.308,True,False,0.25918124714700536
2026-07-20 08:00:00,AST_0009,SITE_A,SITE_A_B1,27.44,43.72,99.54,7.647,0.399,True,False,0.2452855616643307
2026-07-20 08:00:00,AST_0034,SITE_B,SITE_B_B2,11.17,38.79,99.96,9.214,421.278,True,False,0.06462999500802336
2026-07-20 08:00:00,AST_0058,SITE_C,SITE_C_B2,22.71,39.43,100.21,8.651,54.566,True,False,0.19999252126276962
2026-07-20 08:00:00,AST_0032,SITE_B,SITE_B_B1,27.85,38.97,99.16,8.932,0.428,True,False,0.23973831366542392
2026-07-20 08:00:00,AST_0046,SITE_C,SITE_C_B1,22.06,37.31,99.87,7.674,48.677,True,False,0.22210840843105656
2026-07-20 08:00:00,AST_0025,SITE_B,SITE_B_B1,18.86,43.59,100.73,4.755,30.98,True,False,0.21036393846888063
2026-07-20 08:00:00,AST_0033,SITE_B,SITE_B_B1,27.2,40.27,100.13,6.341,0.357,True,False,0.2435133282882609
2026-07-20 08:00:00,AST_0001,SITE_A,SITE_A_B1,11.42,41.31,99.28,10.478,469.057,True,False,0.059670612743295215
2026-07-20 08:00:00,AST_0048,SITE_C,SITE_C_B1,19.81,41.68,101.11,5.689,35.984,True,False,0.21160699809935984
2026-07-20 08:00:00,AST_0005,SITE_A,SITE_A_B1,26.39,42.26,100.29,4.978,13.862,True,False,0.22606020686110323
2026-07-20 08:00:00,AST_0013,SITE_A,SITE_A_B2,20.01,38.29,100.44,4.365,29.163,True,False,0.2099744452846864
2026-07-20 08:00:00,AST_0006,SITE_A,SITE_A_B1,26.54,38.78,101.4,4.755,14.05,True,False,0.2247184784566143
2026-07-20 08:00:00,AST_0030,SITE_B,SITE_B_B1,29.17,39.36,99.24,8.126,0.429,True,False,0.22969070100260158
2026-07-20 08:00:00,AST_0012,SITE_A,SITE_A_B2,11.88,39.14,99.0,10.915,514.528,True,False,0.03178417889751051
2026-07-20 08:00:00,AST_0023,SITE_B,SITE_B_B1,7.96,37.12,101.09,4.641,224.072,True,False,0.06018447755787515
2026-07-20 08:00:00,AST_0028,SITE_B,SITE_B_B1,25.94,40.78,101.29,3.899,10.128,True,False,0.19184614979135506
2026-07-20 08:00:00,AST_0014,SITE_A,SITE_A_B2,21.09,38.88,100.48,4.673,32.531,True,False,0.23860149689297128
2026-07-20 08:00:00,AST_0008,SITE_A,SITE_A_B1,28.31,38.46,98.91,9.057,0.429,True,False,0.2093871389065725
2026-07-20 08:00:00,AST_0052,SITE_C,SITE_C_B1,26.0,35.09,100.11,4.737,0.28,True,False,0.19056358220006014
2026-07-20 08:00:00,AST_0059,SITE_C,SITE_C_B2,23.95,38.25,99.81,8.5,53.436,True,False,0.22537460057052527
2026-07-20 08:00:00,AST_0024,SITE_B,SITE_B_B1,23.94,39.79,99.38,10.313,60.742,True,False,0.1901509737891049
2026-07-20 08:00:00,AST_0037,SITE_B,SITE_B_B2,19.69,37.91,100.29,3.765,25.517,True,False,0.2348212879516725
2026-07-20 08:00:00,AST_0036,SITE_B,SITE_B_B2,23.22,39.12,98.93,9.908,62.407,True,False,0.18036537466053632
2026-07-20 08:00:00,AST_0027,SITE_B,SITE_B_B1,25.65,39.26,100.68,4.163,11.553,True,False,0.2523195701707733
2026-07-20 08:00:00,AST_0055,SITE_C,SITE_C_B1,27.24,39.81,100.81,4.725,0.293,True,False,0.23608213500586933
2026-07-20 08:00:00,AST_0026,SITE_B,SITE_B_B1,19.97,38.77,100.5,5.22,32.554,True,False,0.21196412322154246
2026-07-20 08:00:00,AST_0064,SITE_C,SITE_C_B2,24.58,39.36,101.3,0.675,0.159,True,False,0.22931408811243048
2026-07-20 08:00:00,AST_0053,SITE_C,SITE_C_B1,27.6,36.44,99.94,7.283,0.373,True,False,0.2498447289806865
2026-07-20 08:00:00,AST_0039,SITE_B,SITE_B_B2,24.95,40.07,100.98,4.046,11.662,True,False,0.18391801277989456
2026-07-20 08:00:00,AST_0050,SITE_C,SITE_C_B1,27.5,44.34,100.67,7.847,22.718,True,False,0.23466607643680976
2026-07-20 08:00:00,AST_0010,SITE_A,SITE_A_B1,23.93,36.9,100.47,2.171,0.182,True,False,0.2542155488875479
2026-07-20 08:00:00,AST_0004,SITE_A,SITE_A_B1,22.07,36.98,99.53,7.67,48.253,True,False,0.21846540270931653
2026-07-20 08:00:00,AST_0047,SITE_C,SITE_C_B1,21.2,44.07,100.47,6.836,43.421,True,False,0.23346546775510607
2026-07-20 08:00:00,AST_0045,SITE_C,SITE_C_B1,8.95,31.86,101.33,3.854,188.98,True,False,0.06659515854291509
2026-07-20 08:00:00,AST_0002,SITE_A,SITE_A_B1,19.62,38.65,100.03,4.425,28.998,True,False,0.22582450840012053
2026-07-20 08:00:00,AST_0060,SITE_C,SITE_C_B2,30.52,40.0,99.49,11.407,33.517,True,False,0.1879066834793674
2026-07-20 08:00:00,AST_0015,SITE_A,SITE_A_B2,20.0,41.92,101.06,4.88,32.492,True,False,0.17590198633216403
2026-07-20 08:00:00,AST_0021,SITE_A,SITE_A_B2,26.56,39.23,99.87,5.43,0.294,True,False,0.2541371006359331
2026-07-20 08:00:00,AST_0016,SITE_A,SITE_A_B2,28.51,38.8,100.07,7.958,22.963,True,False,0.20059250482069202
2026-07-20 08:00:00,AST_0022,SITE_A,SITE_A_B2,26.09,39.7,100.21,5.5075,0.285,True,False,0.21340476338271547
2026-07-20 08:00:00,AST_0057,SITE_C,SITE_C_B2,22.92,40.53,99.55,10.068,62.551,True,False,0.1973582389810814
2026-07-20 08:00:00,AST_0019,SITE_A,SITE_A_B2,25.24,36.8,99.91,5.722,0.289,True,False,0.24978577300709215
2026-07-20 08:15:00,AST_0027,SITE_B,SITE_B_B1,26.66,38.45,100.8,4.083,10.777,True,False,0.1495770425494486
2026-07-20 08:15:00,AST_0046,SITE_C,SITE_C_B1,22.11,30.88,100.32,7.521,48.482,True,False,0.18141977413969762
2026-07-20 08:15:00,AST_0006,SITE_A,SITE_A_B1,26.51,41.95,100.81,5.151,14.909,True,False,0.23831645089264375
2026-07-20 08:15:00,AST_0063,SITE_C,SITE_C_B2,28.16,43.63,98.59,8.383,0.422,True,False,0.21235463501403684
2026-07-20 08:15:00,AST_0002,SITE_A,SITE_A_B1,19.39,40.64,101.31,4.543,30.586,True,False,0.1888447123908859
2026-07-20 08:15:00,AST_0010,SITE_A,SITE_A_B1,24.29,33.47,99.85,1.986,0.166,True,False,0.17344700612157826
2026-07-20 08:15:00,AST_0055,SITE_C,SITE_C_B1,25.9,38.45,100.15,4.635,0.301,True,False,0.2626018579697352
2026-07-20 08:15:00,AST_0012,SITE_A,SITE_A_B2,12.96,42.05,99.17,11.387,509.591,True,False,0.0633577579158463
2026-07-20 08:15:00,AST_0023,SITE_B,SITE_B_B1,7.14,39.35,100.87,4.737,219.112,True,False,0.08145808185980952
2026-07-20 08:15:00,AST_0008,SITE_A,SITE_A_B1,28.38,42.89,98.81,8.853,0.436,True,False,0.23607171705895308
2026-07-20 08:15:00,AST_0028,SITE_B,SITE_B_B1,27.26,44.01,100.88,3.884,10.006,True,False,0.2408234674375972
2026-07-20 08:15:00,AST_0014,SITE_A,SITE_A_B2,19.93,40.61,101.01,4.685,32.046,True,False,0.17815130714105887
2026-07-20 08:15:00,AST_0057,SITE_C,SITE_C_B2,24.28,40.77,99.3,10.374,62.458,True,False,0.18681889891286058
2026-07-20 08:15:00,AST_0036,SITE_B,SITE_B_B2,23.3,39.55,98.16,10.021,61.168,True,False,0.12727766399202267
2026-07-20 08:15:00,AST_0052,SITE_C,SITE_C_B1,26.48,40.99,101.08,4.793,0.281,True,False,0.23636726818772064
2026-07-20 08:15:00,AST_0060,SITE_C,SITE_C_B2,29.8,38.4,99.5,11.9,33.288,True,False,0.18621438586000194
2026-07-20 08:15:00,AST_0054,SITE_C,SITE_C_B1,26.49,40.47,99.82,6.543,0.306,True,False,0.25491431809293374
2026-07-20 08:15:00,AST_0059,SITE_C,SITE_C_B2,23.52,42.71,100.35,8.711,54.251,True,False,0.15993512938541588
2026-07-20 08:15:00,AST_0024,SITE_B,SITE_B_B1,23.36,39.98,98.89,10.077,59.836,True,False,0.19409849829572584
2026-07-20 08:15:00,AST_0021,SITE_A,SITE_A_B2,26.77,37.51,100.96,5.588,0.337,True,False,0.24784369001638373
2026-07-20 08:15:00,AST_0015,SITE_A,SITE_A_B2,19.79,46.35,101.52,4.805,33.098,True,False,0.2106404008533655
2026-07-20 08:15:00,AST_0034,SITE_B,SITE_B_B2,11.34,33.36,99.92,8.986,410.566,True,False,0.04867041351105239
2026-07-20 08:15:00,AST_0026,SITE_B,SITE_B_B1,20.16,39.27,100.37,4.983,32.287,True,False,0.23605583048123935
2026-07-20 08:15:00,AST_0013,SITE_A,SITE_A_B2,18.32,37.33,100.69,4.143,28.324,True,False,0.21104091735595654
2026-07-20 08:15:00,AST_0033,SITE_B,SITE_B_B1,27.52,38.61,100.17,6.199,0.355,True,False,0.21796122885684904
2026-07-20 08:15:00,AST_0009,SITE_A,SITE_A_B1,27.31,34.73,99.7,7.707,0.387,True,False,0.23389783238874573
2026-07-20 08:15:00,AST_0042,SITE_B,SITE_B_B2,28.65,37.71,99.32,8.772,0.446,True,False,0.23068766637629762
2026-07-20 08:15:00,AST_0053,SITE_C,SITE_C_B1,26.48,39.48,99.49,7.616,0.383,True,False,0.2504270761098488
2026-07-20 08:15:00,AST_0018,SITE_A,SITE_A_B2,22.38,38.92,100.39,0.497,0.033,True,False,0.23433853550500816
2026-07-20 08:15:00,AST_0035,SITE_B,SITE_B_B2,20.48,40.54,99.76,5.46,35.679,True,False,0.20951015999004646
2026-07-20 08:15:00,AST_0037,SITE_B,SITE_B_B2,20.39,36.79,101.06,3.709,25.759,True,False,0.2150372272126348
2026-07-20 08:15:00,AST_0045,SITE_C,SITE_C_B1,7.41,37.46,101.39,3.845,175.042,True,False,0.08461932012695339
2026-07-20 08:15:00,AST_0039,SITE_B,SITE_B_B2,24.845,37.68,101.69,3.864,10.266,True,False,0.16302295368564135
2026-07-20 08:15:00,AST_0058,SITE_C,SITE_C_B2,23.38,39.57,99.6,8.615,53.891,True,False,0.21867453811909482
2026-07-20 08:15:00,AST_0032,SITE_B,SITE_B_B1,28.53,38.14,99.0,8.801,0.424,True,False,0.233612344546606
2026-07-20 08:15:00,AST_0048,SITE_C,SITE_C_B1,20.64,33.52,100.6,5.614,35.899,True,False,0.19559838889072445
2026-07-20 08:15:00,AST_0004,SITE_A,SITE_A_B1,21.34,41.98,100.01,7.845,48.146,True,False,0.2232474812911937
2026-07-20 08:15:00,AST_0022,SITE_A,SITE_A_B2,26.44,39.77,99.46,5.651,0.302,True,False,0.2594624608477995
2026-07-20 08:15:00,AST_0025,SITE_B,SITE_B_B1,20.56,36.32,100.58,4.483,30.186,True,False,0.19095900001540173
2026-07-20 08:15:00,AST_0019,SITE_A,SITE_A_B2,25.84,42.32,99.86,5.514,0.318,True,False,0.2604859201620183
2026-07-20 08:15:00,AST_0016,SITE_A,SITE_A_B2,28.09,41.16,100.26,8.142,22.844,True,False,0.2145450586670577
2026-07-20 08:15:00,AST_0003,SITE_A,SITE_A_B1,18.27,39.85,101.64,2.242,14.649,True,False,0.19359679835413607
2026-07-20 08:15:00,AST_0030,SITE_B,SITE_B_B1,27.9,40.86,99.06,8.16,0.43,True,False,0.24427346092608365
2026-07-20 08:15:00,AST_0050,SITE_C,SITE_C_B1,27.41,44.41,100.39,7.592,22.192,True,False,0.20078554162773593
2026-07-20 08:15:00,AST_0005,SITE_A,SITE_A_B1,27.03,38.61,101.44,5.037,13.678,True,False,0.1771320525841058
2026-07-20 08:15:00,AST_0001,SITE_A,SITE_A_B1,12.06,35.45,99.39,10.357,472.148,True,False,0.054315749570186034
2026-07-20 08:15:00,AST_0047,SITE_C,SITE_C_B1,22.13,40.42,99.42,6.977,43.107,True,False,0.1750149654482751
2026-07-20 08:30:00,AST_0026,SITE_B,SITE_B_B1,19.91,44.66,100.19,5.119,33.164,True,False,0.22028894237587016
2026-07-20 08:30:00,AST_0035,SITE_B,SITE_B_B2,19.92,43.11,99.82,5.591,34.793,True,False,0.21695352834478948
2026-07-20 08:30:00,AST_0027,SITE_B,SITE_B_B1,25.32,41.59,101.07,3.641,11.832,True,False,0.24866525361334185
2026-07-20 08:30:00,AST_0046,SITE_C,SITE_C_B1,21.71,42.36,99.9,8.115,47.807,True,False,0.2187644219643451
2026-07-20 08:30:00,AST_0002,SITE_A,SITE_A_B1,20.06,37.89,100.57,4.419,29.739,True,False,0.2317285399081369
2026-07-20 08:30:00,AST_0016,SITE_A,SITE_A_B2,27.81,41.87,100.39,8.0,22.484,True,False,0.22861531395572193
2026-07-20 08:30:00,AST_0003,SITE_A,SITE_A_B1,18.32,42.64,101.96,1.885,18.506,True,False,0.15383370154105946
2026-07-20 08:30:00,AST_0024,SITE_B,SITE_B_B1,23.18,36.79,99.06,10.2025,62.08,True,False,0.17070168020431198
2026-07-20 08:30:00,AST_0057,SITE_C,SITE_C_B2,23.83,38.99,99.15,10.291,61.919,True,False,0.1645319770651219
2026-07-20 08:30:00,AST_0048,SITE_C,SITE_C_B1,20.43,43.6,100.38,5.531,36.2,True,False,0.2106382008222772
2026-07-20 08:30:00,AST_0063,SITE_C,SITE_C_B2,27.47,41.66,98.76,8.236,0.399,True,False,0.23914737905913697
2026-07-20 08:30:00,AST_0034,SITE_B,SITE_B_B2,9.91,40.33,99.16,9.155,432.731,True,False,0.051753931754732196
2026-07-20 08:30:00,AST_0025,SITE_B,SITE_B_B1,20.04,43.84,100.99,4.658,30.269,True,False,0.2243325430267289
2026-07-20 08:30:00,AST_0008,SITE_A,SITE_A_B1,29.84,42.08,99.14,8.836,0.407,True,False,0.22650305879158228
2026-07-20 08:30:00,AST_0036,SITE_B,SITE_B_B2,22.1,41.81,99.27,9.938,60.918,True,False,0.19328512224001204
2026-07-20 08:30:00,AST_0064,SITE_C,SITE_C_B2,23.29,33.59,101.69,0.601,0.137,True,False,0.13518651786233915
2026-07-20 08:30:00,AST_0058,SITE_C,SITE_C_B2,22.77,42.99,99.48,8.828,54.52,True,False,0.21310465390722766
2026-07-20 08:30:00,AST_0055,SITE_C,SITE_C_B1,25.54,39.62,99.15,4.742,0.279,True,False,0.24302933429722084
2026-07-20 08:30:00,AST_0060,SITE_C,SITE_C_B2,29.68,38.31,99.54,11.509,33.535,True,False,0.1742137666589717
2026-07-20 08:30:00,AST_0053,SITE_C,SITE_C_B1,26.9,44.46,99.84,7.637,0.408,True,False,0.2385861854903799
2026-07-20 08:30:00,AST_0019,SITE_A,SITE_A_B2,25.18,43.22,99.8,5.519,0.307,True,False,0.26057981488060383
2026-07-20 08:30:00,AST_0050,SITE_C,SITE_C_B1,28.93,41.33,100.97,7.316,22.884,True,False,0.20306383558375518
2026-07-20 08:30:00,AST_0006,SITE_A,SITE_A_B1,25.94,37.61,100.38,5.112,14.205,True,False,0.19711363344256172
2026-07-20 08:30:00,AST_0033,SITE_B,SITE_B_B1,25.81,44.52,99.78,6.171,0.337,True,False,0.261097999555362
2026-07-20 08:30:00,AST_0005,SITE_A,SITE_A_B1,26.22,38.96,100.75,5.032,14.431,True,False,0.2052686878507367
2026-07-20 08:30:00,AST_0039,SITE_B,SITE_B_B2,24.74,42.34,100.91,3.946,11.003,True,False,0.2516978717176233
2026-07-20 08:30:00,AST_0045,SITE_C,SITE_C_B1,8.07,38.83,100.8,3.932,187.625,True,False,0.09068980187545495
2026-07-20 08:30:00,AST_0042,SITE_B,SITE_B_B2,28.56,37.79,98.86,8.733,0.454,True,False,0.20524805292793236
2026-07-20 08:30:00,AST_0009,SITE_A,SITE_A_B1,26.89,43.88,99.48,7.763,0.368,True,False,0.22889529363544997
2026-07-20 08:30:00,AST_0037,SITE_B,SITE_B_B2,19.57,40.32,100.45,3.919,27.154,True,False,0.24003491445652642
2026-07-20 08:30:00,AST_0015,SITE_A,SITE_A_B2,19.38,31.77,100.59,4.879,34.83,True,False,0.20406740481353003
2026-07-20 08:30:00,AST_0047,SITE_C,SITE_C_B1,20.35,37.76,99.92,7.131,43.945,True,False,0.20202615082449693
2026-07-20 08:30:00,AST_0001,SITE_A,SITE_A_B1,11.26,37.87,99.3,10.324,468.132,True,False,0.05260105426094386
2026-07-20 08:30:00,AST_0030,SITE_B,SITE_B_B1,28.47,36.6,99.85,8.157,0.431,True,False,0.2390197128527557
2026-07-20 08:30:00,AST_0004,SITE_A,SITE_A_B1,21.75,42.55,99.71,7.71,49.17,True,False,0.22208989244118493
2026-07-20 08:30:00,AST_0022,SITE_A,SITE_A_B2,25.39,39.45,100.23,5.478,0.295,True,False,0.26502216356747105
2026-07-20 08:30:00,AST_0021,SITE_A,SITE_A_B2,26.3,38.97,99.83,5.089,0.288,True,False,0.24676160222376886
2026-07-20 08:30:00,AST_0028,SITE_B,SITE_B_B1,25.11,40.75,101.29,3.755,10.052,True,False,0.24829868627445428
2026-07-20 08:30:00,AST_0010,SITE_A,SITE_A_B1,24.42,37.13,100.98,2.249,0.168,True,False,0.19572329598576088
2026-07-20 08:30:00,AST_0012,SITE_A,SITE_A_B2,12.77,38.44,98.86,11.141,511.108,True,False,0.023929984386728442
2026-07-20 08:30:00,AST_0054,SITE_C,SITE_C_B1,27.12,38.7,100.17,6.202,0.342,True,False,0.2523594097064683
2026-07-20 08:30:00,AST_0052,SITE_C,SITE_C_B1,25.54,38.56,100.42,4.875,0.277,True,False,0.266398193453447
2026-07-20 08:30:00,AST_0032,SITE_B,SITE_B_B1,28.02,40.3,99.09,9.19,0.432,True,False,0.236106522774977
2026-07-20 08:30:00,AST_0020,SITE_A,SITE_A_B2,22.43,41.28,101.19,0.321,0.147,True,False,0.16716702143608642
2026-07-20 08:30:00,AST_0059,SITE_C,SITE_C_B2,22.46,40.52,98.98,8.992,54.127,True,False,0.18396670042936486
2026-07-20 08:30:00,AST_0014,SITE_A,SITE_A_B2,19.89,42.2,99.83,4.69,30.428,True,False,0.22394824982428885
2026-07-20 08:30:00,AST_0013,SITE_A,SITE_A_B2,19.76,33.33,100.88,4.097,28.337,True,False,0.17249047290643593
2026-07-20 08:30:00,AST_0023,SITE_B,SITE_B_B1,8.07,36.22,99.7,4.773,212.172,True,False,0.050116096993472636
2026-07-20 08:45:00,AST_0050,SITE_C,SITE_C_B1,27.74,40.69,99.92,7.696,23.9845,True,False,0.2352555683697647
2026-07-20 08:45:00,AST_0014,SITE_A,SITE_A_B2,20.03,42.55,101.28,5.083,32.117,True,False,0.16829999872262003
2026-07-20 08:45:00,AST_0003,SITE_A,SITE_A_B1,18.05,41.44,101.35,2.236,17.034,True,False,0.20636164467325513
2026-07-20 08:45:00,AST_0004,SITE_A,SITE_A_B1,21.87,40.19,99.12,7.616,48.968,True,False,0.19939285085632957
2026-07-20 08:45:00,AST_0013,SITE_A,SITE_A_B2,19.78,42.51,100.38,4.348,27.476,True,False,0.23187894017803862
2026-07-20 08:45:00,AST_0015,SITE_A,SITE_A_B2,19.32,36.39,100.12,4.843,33.19,True,False,0.21363674736732335
2026-07-20 08:45:00,AST_0008,SITE_A,SITE_A_B1,28.71,38.99,98.6,9.141,0.41,True,False,0.22464506889799618
2026-07-20 08:45:00,AST_0021,SITE_A,SITE_A_B2,26.57,37.37,99.95,5.291,0.313,True,False,0.2203162411835699
2026-07-20 08:45:00,AST_0036,SITE_B,SITE_B_B2,23.55,37.83,98.4,9.651,60.531,True,False,0.160761579164462
2026-07-20 08:45:00,AST_0046,SITE_C,SITE_C_B1,21.42,42.22,100.0,7.827,47.75,True,False,0.209826577050161
2026-07-20 08:45:00,AST_0033,SITE_B,SITE_B_B1,27.21,36.07,99.56,6.206,0.329,True,False,0.2407722103775503
2026-07-20 08:45:00,AST_0025,SITE_B,SITE_B_B1,19.22,40.42,100.33,4.568,29.871,True,False,0.16920340706836745
2026-07-20 08:45:00,AST_0045,SITE_C,SITE_C_B1,7.63,39.33,101.57,3.97,179.762,True,False,0.07817819071027465
2026-07-20 08:45:00,AST_0057,SITE_C,SITE_C_B2,23.17,38.82,99.6,10.154,64.074,True,False,0.19029694702726235
2026-07-20 08:45:00,AST_0032,SITE_B,SITE_B_B1,28.38,42.39,99.33,9.08,0.447,True,False,0.2433039151361533
2026-07-20 08:45:00,AST_0037,SITE_B,SITE_B_B2,20.16,42.29,101.41,3.883,24.73,True,False,0.2204243580647407
2026-07-20 08:45:00,AST_0042,SITE_B,SITE_B_B2,28.76,41.07,99.61,8.894,0.449,True,False,0.25325452710435
2026-07-20 08:45:00,AST_0019,SITE_A,SITE_A_B2,25.84,36.35,99.55,5.524,0.316,True,False,0.2475880412249427
2026-07-20 08:45:00,AST_0058,SITE_C,SITE_C_B2,21.94,38.88,98.95,8.67,53.227,True,False,0.12794596253452462
2026-07-20 08:45:00,AST_0048,SITE_C,SITE_C_B1,19.97,40.78,100.84,5.593,36.559,True,False,0.21109265529789623
2026-07-20 08:45:00,AST_0055,SITE_C,SITE_C_B1,25.77,39.43,99.82,4.822,0.303,True,False,0.21351544904082326
2026-07-20 08:45:00,AST_0016,SITE_A,SITE_A_B2,29.32,43.59,99.92,7.812,23.25,True,False,0.22209555340786635
2026-07-20 08:45:00,AST_0027,SITE_B,SITE_B_B1,25.71,46.18,100.62,3.972,10.927,True,False,0.257306796680374
2026-07-20 08:45:00,AST_0054,SITE_C,SITE_C_B1,27.23,39.06,99.47,6.411,0.314,True,False,0.22580054204794148
2026-07-20 08:45:00,AST_0023,SITE_B,SITE_B_B1,8.2,39.29,100.85,4.701,211.788,True,False,0.09265185581614
2026-07-20 08:45:00,AST_0002,SITE_A,SITE_A_B1,17.88,39.62,100.73,4.338,31.299500000000002,True,False,0.22568235396741992
2026-07-20 08:45:00,AST_0059,SITE_C,SITE_C_B2,22.22,44.56,99.51,8.835,52.896,True,False,0.20493755457193802
2026-07-20 08:45:00,AST_0024,SITE_B,SITE_B_B1,22.58,35.02,99.02,10.328,60.958,True,False,0.16942684373602213
2026-07-20 08:45:00,AST_0012,SITE_A,SITE_A_B2,12.75,39.66,98.6,11.076,520.698,True,False,0.052073551673306184
2026-07-20 08:45:00,AST_0001,SITE_A,SITE_A_B1,11.91,40.54,99.65,10.318,459.329,True,False,0.04466802454862662
2026-07-20 08:45:00,AST_0028,SITE_B,SITE_B_B1,24.72,35.95,100.59,3.606,9.276,True,False,0.23519266334762634
2026-07-20 08:45:00,AST_0063,SITE_C,SITE_C_B2,28.31,38.47,99.08,8.281,0.41,True,False,0.24122557626469393
2026-07-20 08:45:00,AST_0064,SITE_C,SITE_C_B2,23.57,43.72,101.0,0.557,0.155,True,False,0.2379431629557312
2026-07-20 08:45:00,AST_0052,SITE_C,SITE_C_B1,25.79,39.97,100.53,5.068,0.289,True,False,0.24368243451690763
2026-07-20 08:45:00,AST_0039,SITE_B,SITE_B_B2,25.65,42.56,100.88,3.985,10.229,True,False,0.2532298387161344
2026-07-20 08:45:00,AST_0060,SITE_C,SITE_C_B2,30.24,43.99,99.29,11.352,34.091,True,False,0.186892711560393
2026-07-20 08:45:00,AST_0006,SITE_A,SITE_A_B1,24.45,36.46,100.75,5.099,14.117,True,False,0.209888452977414
2026-07-20 08:45:00,AST_0053,SITE_C,SITE_C_B1,28.3,35.04,99.54,7.614,0.402,True,False,0.22197227000042874
2026-07-20 08:45:00,AST_0005,SITE_A,SITE_A_B1,26.62,38.74,101.17,4.945,14.129,True,False,0.23377239744532274
2026-07-20 08:45:00,AST_0009,SITE_A,SITE_A_B1,28.29,38.21,99.57,7.542,0.403,True,False,0.2040202090960485
2026-07-20 08:45:00,AST_0047,SITE_C,SITE_C_B1,20.87,46.71,99.89,6.782,43.472,True,False,0.2079708732003695
2026-07-20 08:45:00,AST_0022,SITE_A,SITE_A_B2,26.38,37.0,99.78,5.544,0.294,True,False,0.18675239531603272
2026-07-20 08:45:00,AST_0034,SITE_B,SITE_B_B2,12.08,38.18,99.99,9.298,412.736,True,False,0.06630600936064224
2026-07-20 08:45:00,AST_0030,SITE_B,SITE_B_B1,28.42,33.94,99.2,8.279,0.413,True,False,0.21416895630070631
2026-07-20 08:45:00,AST_0026,SITE_B,SITE_B_B1,19.83,44.21,101.14,5.396,33.136,True,False,0.21698559051565836
2026-07-20 08:45:00,AST_0035,SITE_B,SITE_B_B2,20.37,36.77,99.96,5.468,34.948,True,False,0.14626942973786172
2026-07-20 09:00:00,AST_0047,SITE_C,SITE_C_B1,21.14,42.07,100.31,6.742,47.93,True,False,0.22704237852970843
2026-07-20 09:00:00,AST_0001,SITE_A,SITE_A_B1,12.28,38.56,98.62,9.943,507.256,True,False,0.03894178501015233
2026-07-20 09:00:00,AST_0054,SITE_C,SITE_C_B1,26.77,44.12,100.17,6.43,0.379,True,False,0.25367450979530015
2026-07-20 09:00:00,AST_0023,SITE_B,SITE_B_B1,8.25,41.18,100.25,4.781,246.354,True,False,0.10052974630852474
2026-07-20 09:00:00,AST_0014,SITE_A,SITE_A_B2,19.23,43.66,100.92,4.704,34.289,True,False,0.21068359671562514
2026-07-20 09:00:00,AST_0002,SITE_A,SITE_A_B1,19.83,44.83,100.24,4.635,32.86,True,False,0.22183331652837085
2026-07-20 09:00:00,AST_0025,SITE_B,SITE_B_B1,19.83,35.15,100.5,4.59,33.606,True,False,0.22012798596993927
2026-07-20 09:00:00,AST_0021,SITE_A,SITE_A_B2,25.99,40.26,99.75,5.283,0.32,True,False,0.259867642959031
2026-07-20 09:00:00,AST_0013,SITE_A,SITE_A_B2,19.56,41.14,101.04,4.201,30.681,True,False,0.22293784687440504
2026-07-20 09:00:00,AST_0019,SITE_A,SITE_A_B2,26.39,37.65,99.8,5.616,0.338,True,False,0.260428288469129
2026-07-20 09:00:00,AST_0042,SITE_B,SITE_B_B2,28.5,42.94,98.27,8.962,0.4595,True,False,0.20750297070534968
2026-07-20 09:00:00,AST_0022,SITE_A,SITE_A_B2,26.73,41.63,99.73,5.434,0.347,True,False,0.25884062351889825
2026-07-20 09:00:00,AST_0005,SITE_A,SITE_A_B1,26.89,40.7,101.53,5.143,15.659,True,False,0.21622714986949865
2026-07-20 09:00:00,AST_0004,SITE_A,SITE_A_B1,21.96,38.24,99.61,8.134,52.305,True,False,0.21905088242464105
2026-07-20 09:00:00,AST_0006,SITE_A,SITE_A_B1,27.01,38.24,100.29,4.97,14.699,True,False,0.2484886659990605
2026-07-20 09:00:00,AST_0016,SITE_A,SITE_A_B2,28.22,37.81,100.16,7.682,24.052,True,False,0.22868967711176108
2026-07-20 09:00:00,AST_0055,SITE_C,SITE_C_B1,26.23,41.51,99.58,4.844,0.303,True,False,0.2341339336515585
2026-07-20 09:00:00,AST_0057,SITE_C,SITE_C_B2,23.14,39.72,99.09,10.127,68.201,True,False,0.1799954658284572
2026-07-20 09:00:00,AST_0015,SITE_A,SITE_A_B2,19.77,35.17,100.0,4.893,35.148,True,False,0.20683758641964378
2026-07-20 09:00:00,AST_0024,SITE_B,SITE_B_B1,22.7,35.53,99.05,10.032,66.766,True,False,0.17698620715975455
2026-07-20 09:00:00,AST_0058,SITE_C,SITE_C_B2,21.79,38.75,99.34,8.355,58.384,True,False,0.19096522499543067
2026-07-20 09:00:00,AST_0035,SITE_B,SITE_B_B2,21.27,37.88,100.61,5.681,38.218,True,False,0.15706112960872565
2026-07-20 09:00:00,AST_0032,SITE_B,SITE_B_B1,27.97,38.36,99.42,9.152,0.494,True,False,0.2265931521810512
2026-07-20 09:00:00,AST_0027,SITE_B,SITE_B_B1,25.22,42.6,101.25,3.739,11.642,True,False,0.24449085662311537
2026-07-20 09:00:00,AST_0034,SITE_B,SITE_B_B2,11.07,42.66,99.11,8.991,452.633,True,False,0.059879690296743227
2026-07-20 09:00:00,AST_0033,SITE_B,SITE_B_B1,26.03,39.05,99.55,6.451,0.38,True,False,0.2502239642417468
2026-07-20 09:00:00,AST_0059,SITE_C,SITE_C_B2,22.8,39.98,99.28,8.688,58.949,True,False,0.16601887963386597
2026-07-20 09:00:00,AST_0028,SITE_B,SITE_B_B1,25.4,40.72,101.43,3.738,10.959,True,False,0.23659153838151514
2026-07-20 09:00:00,AST_0037,SITE_B,SITE_B_B2,19.62,37.36,100.43,3.48,27.752,True,False,0.22460975458750143
2026-07-20 09:00:00,AST_0053,SITE_C,SITE_C_B1,27.75,39.39,99.78,7.785,0.41,True,False,0.254127401241353
2026-07-20 09:00:00,AST_0046,SITE_C,SITE_C_B1,21.53,44.08,99.36,7.635,51.269,True,False,0.20868842508979213
2026-07-20 09:00:00,AST_0039,SITE_B,SITE_B_B2,24.86,42.54,100.98,4.023,11.732,True,False,0.25658049910994385
2026-07-20 09:00:00,AST_0009,SITE_A,SITE_A_B1,28.32,40.32,99.11,7.854,0.449,True,False,0.23271029230881551
2026-07-20 09:00:00,AST_0063,SITE_C,SITE_C_B2,27.95,34.39,98.78,8.263,0.46,True,False,0.22085219223810515
2026-07-20 09:00:00,AST_0010,SITE_A,SITE_A_B1,24.12,31.55,100.66,2.107,0.209,True,False,0.2160464405378723
2026-07-20 09:00:00,AST_0036,SITE_B,SITE_B_B2,23.72,47.35,99.61,9.912,66.056,True,False,0.1914681888944198
2026-07-20 09:00:00,AST_0060,SITE_C,SITE_C_B2,29.93,37.39,98.94,11.504,36.919,True,False,0.1671749733834641
2026-07-20 09:00:00,AST_0052,SITE_C,SITE_C_B1,25.54,44.4,99.66,5.196,0.304,True,False,0.19814608609618267
2026-07-20 09:00:00,AST_0048,SITE_C,SITE_C_B1,20.34,39.86,101.16,5.604,39.95,True,False,0.15338629663505576
2026-07-20 09:00:00,AST_0008,SITE_A,SITE_A_B1,27.04,40.74,99.33,8.902,0.493,True,False,0.24693275676904636
2026-07-20 09:00:00,AST_0012,SITE_A,SITE_A_B2,11.48,38.28,98.95,11.241,564.283,True,False,0.03818831873586537
2026-07-20 09:00:00,AST_0045,SITE_C,SITE_C_B1,8.58,38.36,100.97,4.032,192.941,True,False,0.10508671021054017
2026-07-20 09:00:00,AST_0026,SITE_B,SITE_B_B1,20.35,43.16,100.6,5.077,36.309,True,False,0.23168450162030407
2026-07-20 09:00:00,AST_0050,SITE_C,SITE_C_B1,26.52,37.26,99.79,7.907,25.085,True,False,0.22576172803716826
2026-07-20 09:15:00,AST_0048,SITE_C,SITE_C_B1,19.88,42.53,100.53,5.782,39.266,True,False,0.2281992413584351
2026-07-20 09:15:00,AST_0005,SITE_A,SITE_A_B1,27.08,37.39,100.69,5.279,16.054,True,False,0.24278666240257113
2026-07-20 09:15:00,AST_0015,SITE_A,SITE_A_B2,19.72,34.71,100.68,4.57,35.062,True,False,0.209406077335147
2026-07-20 09:15:00,AST_0036,SITE_B,SITE_B_B2,23.36,38.07,99.47,9.933,66.874,True,False,0.18516651938759698
2026-07-20 09:15:00,AST_0050,SITE_C,SITE_C_B1,28.05,48.26,99.36,7.545,25.27,True,False,0.21795403796559887
2026-07-20 09:15:00,AST_0063,SITE_C,SITE_C_B2,27.35,42.29,98.33,8.334,0.45,True,False,0.22081111299099426
2026-07-20 09:15:00,AST_0027,SITE_B,SITE_B_B1,25.49,38.71,100.56,4.073,12.359,True,False,0.20876167160027165
2026-07-20 09:15:00,AST_0032,SITE_B,SITE_B_B1,28.82,40.815,98.51,8.985,0.471,True,False,0.15638467811481538
2026-07-20 09:15:00,AST_0024,SITE_B,SITE_B_B1,22.82,38.86,98.61,10.252,67.094,True,False,0.15793459328350268
2026-07-20 09:15:00,AST_0034,SITE_B,SITE_B_B2,11.2,38.99,99.96,8.798,455.306,True,False,0.06379792549944052
2026-07-20 09:15:00,AST_0004,SITE_A,SITE_A_B1,20.71,37.22,99.64,7.542,53.997,True,False,0.21061206738737082
2026-07-20 09:15:00,AST_0006,SITE_A,SITE_A_B1,26.17,38.23,101.18,5.248,15.842,True,False,0.23306312343132624
2026-07-20 09:15:00,AST_0042,SITE_B,SITE_B_B2,28.17,40.06,99.19,8.875,0.47,True,False,0.24686533393187737
2026-07-20 09:15:00,AST_0023,SITE_B,SITE_B_B1,9.56,41.27,101.11,4.522,242.025,True,False,0.09869266388658504
2026-07-20 09:15:00,AST_0059,SITE_C,SITE_C_B2,21.67,43.72,99.18,9.014,57.782,True,False,0.1935067791870036
2026-07-20 09:15:00,AST_0028,SITE_B,SITE_B_B1,25.95,33.72,101.22,3.925,11.432,True,False,0.21098465054570265
2026-07-20 09:15:00,AST_0039,SITE_B,SITE_B_B2,26.14,39.79,101.18,3.97,11.95,True,False,0.24251911888634836
2026-07-20 09:15:00,AST_0019,SITE_A,SITE_A_B2,26.105,44.02,99.85,5.57,0.343,True,False,0.256318893602894
2026-07-20 09:15:00,AST_0022,SITE_A,SITE_A_B2,26.04,44.54,99.66,5.709,0.337,True,False,0.24089161633894884
2026-07-20 09:15:00,AST_0030,SITE_B,SITE_B_B1,28.51,40.48,99.14,8.198,0.443,True,False,0.2318494518704956
2026-07-20 09:15:00,AST_0001,SITE_A,SITE_A_B1,12.99,46.2,99.51,10.237,515.207,True,False,0.06740426243621389
2026-07-20 09:15:00,AST_0035,SITE_B,SITE_B_B2,20.52,35.01,100.2,5.407,38.958,True,False,0.21754835278122436
2026-07-20 09:15:00,AST_0014,SITE_A,SITE_A_B2,19.71,40.41,101.43,4.701,35.271,True,False,0.2076901533353674
2026-07-20 09:15:00,AST_0052,SITE_C,SITE_C_B1,26.01,43.84,99.67,5.044,0.316,True,False,0.24797748200057756
2026-07-20 09:15:00,AST_0045,SITE_C,SITE_C_B1,7.54,40.05,101.02,3.855,196.996,True,False,0.08971259061611792
2026-07-20 09:15:00,AST_0047,SITE_C,SITE_C_B1,21.25,32.55,99.9,6.856,46.666,True,False,0.19474260153467188
2026-07-20 09:15:00,AST_0020,SITE_A,SITE_A_B2,23.16,43.29,101.13,0.392,0.157,True,False,0.2148015864012936
2026-07-20 09:15:00,AST_0046,SITE_C,SITE_C_B1,20.87,38.55,100.1,7.662,52.659,True,False,0.20987712404328002
2026-07-20 09:15:00,AST_0016,SITE_A,SITE_A_B2,28.48,43.57,99.47,8.009,24.589,True,False,0.16736605330237886
2026-07-20 09:15:00,AST_0012,SITE_A,SITE_A_B2,12.89,35.18,98.65,11.373,561.341,True,False,0.04781149979656485
2026-07-20 09:15:00,AST_0026,SITE_B,SITE_B_B1,19.64,44.12,100.37,4.963,36.858,True,False,0.21051945665154953
2026-07-20 09:15:00,AST_0057,SITE_C,SITE_C_B2,22.06,42.15,98.68,10.11,68.423,True,False,0.18253189635205402
2026-07-20 09:15:00,AST_0013,SITE_A,SITE_A_B2,19.14,44.3,100.27,4.032,31.003,True,False,0.23305806661613537
2026-07-20 09:15:00,AST_0025,SITE_B,SITE_B_B1,19.05,41.67,100.85,4.655,33.726,True,False,0.18066348199584475
2026-07-20 09:15:00,AST_0060,SITE_C,SITE_C_B2,29.96,43.62,98.93,11.804,37.046,True,False,0.17997273591781243
2026-07-20 09:15:00,AST_0058,SITE_C,SITE_C_B2,22.85,35.75,100.07,8.636,58.161,True,False,0.18883679278925336
2026-07-20 09:30:00,AST_0039,SITE_B,SITE_B_B2,25.72,42.59,101.16,4.079,12.667,True,False,0.25011288474191656
2026-07-20 10:00:00,AST_0036,SITE_B,SITE_B_B2,22.42,37.13,99.55,49.69978008356368,321.7351314344119,True,False,0.04874249138708742
2026-07-20 10:30:00,AST_0034,SITE_B,SITE_B_B2,12.14,39.35,99.53,46.13426212702431,2185.983483016016,True,True,-0.028398578573298305
2026-07-20 11:30:00,AST_0010,SITE_A,SITE_A_B1,23.88,42.36,100.43,10.544829701254734,1.0095630717690902,True,False,0.19138990293198532
2026-07-20 13:30:00,AST_0022,SITE_A,SITE_A_B2,26.59,42.25,100.0,28.175178065079194,1.9154656495618896,True,False,0.14839621056765306
2026-07-20 14:30:00,AST_0059,SITE_C,SITE_C_B2,22.08,38.93,99.34,42.988514369623616,327.86011453501106,True,False,0.03004861122156266
2026-07-20 14:45:00,AST_0001,SITE_A,SITE_A_B1,12.22,37.84,98.51,10.406,633.491,False,True,-0.007453655029400985
2026-07-20 15:00:00,AST_0018,SITE_A,SITE_A_B2,19.66,38.81,100.81,0.577,0.0,True,False,0.20879977932851418
2026-07-20 15:30:00,AST_0041,SITE_B,SITE_B_B2,27.35,43.08,99.55,31.022534958031915,2.005605209541273,True,False,0.14768569840658152
2026-07-20 18:30:00,AST_0024,SITE_B,SITE_B_B1,23.47,39.12,99.26,51.19679187808234,328.7164403548152,True,False,0.05326993596276941
2026-07-20 20:00:00,AST_0015,SITE_A,SITE_A_B2,18.91,41.13,100.21,24.331499133206968,54.37668955756283,True,False,0.12947506321878333
2026-07-20 22:45:00,AST_0005,SITE_A,SITE_A_B1,26.3,43.56,101.26,27.568281391625685,25.144430256248903,True,False,0.13951616097532082
2026-07-20 23:45:00,AST_0037,SITE_B,SITE_B_B2,18.79,35.66,100.22,17.746670226236386,36.24061008971096,True,False,0.15964818242512346
2026-07-21 00:00:00,AST_0007,SITE_A,SITE_A_B1,24.32,41.55,101.11,3.294,0.023,True,False,0.2830189053837503
2026-07-21 02:00:00,AST_0051,SITE_C,SITE_C_B1,28.08,39.49,98.79,9.014,0.023,True,False,0.2537913010417851
2026-07-21 05:00:00,AST_0040,SITE_B,SITE_B_B2,22.22,40.36,101.47,0.531,0.028,True,False,0.25309793157974775
2026-07-21 05:15:00,AST_0062,SITE_C,SITE_C_B2,22.66,39.46,100.77,0.819,0.03,True,False,0.2815408543894308
2026-07-21 06:45:00,AST_0007,SITE_A,SITE_A_B1,23.57,43.17,101.15,15.834945704857828,0.0180279119958766,True,False,0.1814505671659004
2026-07-21 07:45:00,AST_0056,SITE_C,SITE_C_B2,11.89,37.46,99.4,47.97012456422117,681.6533804760905,True,True,-0.006019397864692855
2026-07-21 10:30:00,AST_0015,SITE_A,SITE_A_B2,20.38,38.63,100.53,25.30759128301136,173.55470878430415,True,False,0.07845684062133618
2026-07-21 11:30:00,AST_0012,SITE_A,SITE_A_B2,13.05,41.525,99.33,11.488,662.172,False,True,-0.004045744196199186
2026-07-21 14:45:00,AST_0025,SITE_B,SITE_B_B1,20.46,37.36,101.04,4.958,116.44673135106513,True,False,0.16829276055243425
2026-07-21 15:00:00,AST_0025,SITE_B,SITE_B_B1,19.55,46.62,100.55,23.24414259326943,191.80346270213025,True,False,0.0751528467499023
2026-07-21 16:15:00,AST_0031,SITE_B,SITE_B_B1,27.16,46.48,99.03,36.67678896570711,2.023633121537149,True,False,0.13986435814625575
2026-07-21 16:30:00,AST_0045,SITE_C,SITE_C_B1,8.15,38.87,101.2,20.15908450321409,1028.2580165088143,True,True,-0.034055561735145456
2026-07-21 18:15:00,AST_0051,SITE_C,SITE_C_B1,28.23,40.85,99.37,45.57288270407981,0.0045069779989691,True,False,0.14182336993350775
2026-07-21 18:45:00,AST_0009,SITE_A,SITE_A_B1,28.1,42.37,99.12,41.253801378002336,2.1002517475196254,True,False,0.13687969463928373
2026-07-21 19:45:00,AST_0007,SITE_A,SITE_A_B1,24.39,43.94,100.42,16.730118298201756,0.0045069779989691,True,False,0.178118532197989
2026-07-21 20:15:00,AST_0008,SITE_A,SITE_A_B1,28.3,47.69,99.97,47.38851525216156,0.6535118098505271,True,False,0.16047826214646255
2026-07-21 20:30:00,AST_0023,SITE_B,SITE_B_B1,9.16,48.15,101.62,25.32782117212648,361.11259821140544,True,False,0.009619548243180676
2026-07-21 20:45:00,AST_0022,SITE_A,SITE_A_B2,27.02,46.08,98.96,29.79356919428856,0.4326698879010386,True,False,0.16749787973031616
2026-07-21 23:45:00,AST_0004,SITE_A,SITE_A_B1,23.02,38.0,99.39,42.33104297338231,78.64225910401275,True,False,0.1243661472855554
2026-07-22 00:00:00,AST_0015,SITE_A,SITE_A_B2,20.12,43.08,100.58,24.96874064033316,53.51585675975972,True,False,0.13040082741150638
2026-07-22 00:30:00,AST_0008,SITE_A,SITE_A_B1,28.68,39.2,99.4,49.02207879820726,0.8067490618154783,True,False,0.15867710426130954
2026-07-22 01:15:00,AST_0046,SITE_C,SITE_C_B1,23.19,44.345,99.98,41.37518071269303,79.61125937379111,True,False,0.11515135740447491
2026-07-22 02:00:00,AST_0063,SITE_C,SITE_C_B2,28.87,43.83,99.22,44.99633086429898,0.8473118638062007,True,False,0.15528556264658344
2026-07-22 05:45:00,AST_0062,SITE_C,SITE_C_B2,21.59,45.45,100.97,3.459311038685007,0.0,True,False,0.2850051770856345
2026-07-22 06:15:00,AST_0021,SITE_A,SITE_A_B2,27.84,42.7,99.46,28.47356892952717,0.4326698879010386,True,False,0.1772753537478471
2026-07-22 10:00:00,AST_0029,SITE_B,SITE_B_B1,27.9,36.82,98.77,8.053,0.023,True,False,0.23003808713023938
2026-07-22 13:15:00,AST_0008,SITE_A,SITE_A_B1,29.24,46.54,98.96,48.16736598309357,2.776298447364998,True,False,0.10816223032145178
2026-07-22 13:15:00,AST_0061,SITE_C,SITE_C_B2,31.53,41.6,98.81,61.48369049311933,218.1016793261153,True,False,0.040488200758616255
2026-07-22 15:15:00,AST_0012,SITE_A,SITE_A_B2,12.16,48.38,99.45,11.789,734.5,False,True,-0.002661818966577245
2026-07-22 16:30:00,AST_0056,SITE_C,SITE_C_B2,12.01,47.18,99.88,9.998,591.71,False,True,-0.000935799890218858
2026-07-22 17:45:00,AST_0037,SITE_B,SITE_B_B2,19.51,49.69,101.34,19.415636078233536,145.49877074072117,True,False,0.08502255408492909
2026-07-22 18:45:00,AST_0031,SITE_B,SITE_B_B1,26.98,45.46,98.74,36.78299588356148,2.082223835523749,True,False,0.12600594315205227
2026-07-22 23:00:00,AST_0006,SITE_A,SITE_A_B1,26.47,46.17,100.72,26.13701673673116,22.643057466821023,True,False,0.1465100940411651
2026-07-23 00:15:00,AST_0043,SITE_B,SITE_B_B2,27.39,41.38,99.55,33.702995265784914,0.3876001079113471,True,False,0.17139815580458162
2026-07-23 01:15:00,AST_0038,SITE_B,SITE_B_B2,25.82,41.41,101.13,17.11954366366776,12.331091805179604,True,False,0.16828931499157873
2026-07-23 06:30:00,AST_0046,SITE_C,SITE_C_B1,21.74,41.46,99.69,41.49150257510497,80.97687370747876,True,False,0.12320700977655508
2026-07-23 07:15:00,AST_0015,SITE_A,SITE_A_B2,20.07,40.05,101.0,25.216556781993337,54.98513158742366,True,False,0.12623624031510083
2026-07-23 07:30:00,AST_0015,SITE_A,SITE_A_B2,20.42,45.36,100.47,15.144278390996668,11.729,True,False,0.2003907715937312
2026-07-23 08:00:00,AST_0006,SITE_A,SITE_A_B1,26.4,50.4,100.42,27.856557311516102,65.31512516106096,True,False,0.11052121458938391
2026-07-23 12:15:00,AST_0012,SITE_A,SITE_A_B2,12.63,50.11,98.51,11.987,713.995,False,True,-0.014663496368067852
2026-07-23 15:00:00,AST_0056,SITE_C,SITE_C_B2,12.18,44.8,98.96,52.40047028043181,2791.284149211571,True,True,-0.044791190819979954
2026-07-23 16:15:00,AST_0044,SITE_B,SITE_B_B2,23.94,41.59,100.75,9.877243360455877,1.0591398297577508,True,False,0.21253558678168694
2026-07-23 19:15:00,AST_0043,SITE_B,SITE_B_B2,26.92,48.29,99.31,34.60322533140762,1.6180051016299255,True,False,0.14552972125733754
2026-07-23 20:00:00,AST_0065,SITE_C,SITE_C_B2,29.59,42.38,98.67,49.70483755584246,0.8292839518103241,True,False,0.148798602993643
2026-07-23 20:45:00,AST_0049,SITE_C,SITE_C_B1,26.14,43.85,100.72,28.40276431762426,20.90336395921893,True,False,0.14940249684737184
2026-07-23 21:00:00,AST_0010,SITE_A,SITE_A_B1,23.96,49.34,100.46,10.817933204308812,0.2929535699329949,True,False,0.24629949334414286
2026-07-23 21:15:00,AST_0010,SITE_A,SITE_A_B1,23.37,45.84,100.61,6.5024666021544055,0.087,True,False,0.2914109759460645
2026-07-23 21:30:00,AST_0051,SITE_C,SITE_C_B1,28.39,44.09,98.74,9.58,0.029,True,False,0.24291587219038252
2026-07-23 21:45:00,AST_0006,SITE_A,SITE_A_B1,26.05,42.68,100.84,27.27494799945649,22.19686664492308,True,False,0.15183598188352476
2026-07-23 23:15:00,AST_0036,SITE_B,SITE_B_B2,25.89,44.43,99.07,55.10621794957871,107.0812902775081,True,False,0.08985632558943424
2026-07-24 04:45:00,AST_0008,SITE_A,SITE_A_B1,29.92,43.3,99.23,50.00828589256921,0.8112560398144475,True,False,0.1566891738221341
2026-07-24 06:00:00,AST_0052,SITE_C,SITE_C_B1,25.95,46.61,100.06,28.377476956230367,0.4642187338938227,True,False,0.17363704647654843
2026-07-24 06:30:00,AST_0065,SITE_C,SITE_C_B2,28.27,50.23,98.82,52.20828633383819,0.7436513698299102,True,False,0.15095858162937703
2026-07-24 07:30:00,AST_0037,SITE_B,SITE_B_B2,19.34,45.99,101.28,18.950348628585846,44.98414740771111,True,False,0.12571724981468724
2026-07-24 10:00:00,AST_0024,SITE_B,SITE_B_B1,24.29,46.51,98.89,55.83955143000169,355.62309900866103,True,False,0.03627256439160553
2026-07-24 10:15:00,AST_0058,SITE_C,SITE_C_B2,23.04,40.81,98.98,48.29886026234183,310.1071281970715,True,False,0.045631261057060835
2026-07-24 10:15:00,AST_0034,SITE_B,SITE_B_B2,11.79,50.89,99.36,48.84506726844999,2457.501865585914,True,True,-0.032267101817722965
2026-07-24 12:15:00,AST_0060,SITE_C,SITE_C_B2,30.72,48.95,98.68,64.31081749695693,217.88534438216476,True,False,0.04224397798162127
2026-07-24 13:30:00,AST_0001,SITE_A,SITE_A_B1,12.375,47.93,98.0,11.278,695.675,False,True,-0.0023171170238177607
2026-07-24 14:15:00,AST_0003,SITE_A,SITE_A_B1,17.69,42.66,100.63,9.942990500080004,91.10856024916144,True,False,0.16247086801081068
2026-07-24 15:45:00,AST_0045,SITE_C,SITE_C_B1,7.585,49.98,100.44,20.33103856069258,1141.2524619209698,True,True,-0.03761694042561048
2026-07-24 16:00:00,AST_0056,SITE_C,SITE_C_B2,12.41,51.89,99.17,10.498,613.485,False,True,-0.0015111961241379701
2026-07-24 16:00:00,AST_0036,SITE_B,SITE_B_B2,24.54,50.19,99.11,55.86989626367437,396.6456127552783,True,False,0.01386582395634961
2026-07-24 17:45:00,AST_0017,SITE_A,SITE_A_B2,25.48,44.09,100.77,21.9848319958534,65.11231115110735,True,False,0.11360313833166225
2026-07-24 21:15:00,AST_0017,SITE_A,SITE_A_B2,25.24,47.83,101.27,20.846900733128063,19.325921659579727,True,False,0.15079368742113586
2026-07-25 01:30:00,AST_0009,SITE_A,SITE_A_B1,29.58,47.99,99.19,9.576,0.151,True,False,0.2518011334427197
2026-07-25 02:15:00,AST_0044,SITE_B,SITE_B_B2,24.38,45.33,100.28,10.372875643776242,0.3605582399175322,True,False,0.25673815829035335
2026-07-25 04:15:00,AST_0041,SITE_B,SITE_B_B2,27.92,48.45,99.37,36.722306216216126,0.500274557885576,True,False,0.1729994961922776
2026-07-25 04:30:00,AST_0003,SITE_A,SITE_A_B1,17.37,50.0,101.79,9.406898438529405,22.49432719285504,True,False,0.1700500810540273
2026-07-25 05:15:00,AST_0025,SITE_B,SITE_B_B1,18.96,46.91,100.78,26.81977549436636,54.87245713744944,True,False,0.1262693790907904
2026-07-25 05:15:00,AST_0033,SITE_B,SITE_B_B1,27.88,34.73,99.41,7.57,0.117,True,False,0.25852659197528716
2026-07-25 05:15:00,AST_0028,SITE_B,SITE_B_B1,25.28,51.53,101.23,20.07310747447484,17.775521227934338,True,False,0.15042442498979358
2026-07-25 06:30:00,AST_0009,SITE_A,SITE_A_B1,27.77,46.355000000000004,99.63,46.85242319061096,0.7842141718206326,True,False,0.15783843944785503
2026-07-25 07:45:00,AST_0026,SITE_B,SITE_B_B1,19.58,48.78,100.32,27.573338863904468,53.46177302377209,True,False,0.12690005898090317
2026-07-25 09:15:00,AST_0064,SITE_C,SITE_C_B2,23.94,45.99,100.7,4.971495250040002,0.26591170193918,True,False,0.28808762922018427
2026-07-25 11:45:00,AST_0020,SITE_A,SITE_A_B2,22.78,50.2,101.29,1.083,0.052,True,False,0.2739642207557672
2026-07-25 12:45:00,AST_0023,SITE_B,SITE_B_B1,8.58,45.09,100.8,23.957246184577304,421.97032213148594,True,False,0.007305101765018307
2026-07-25 13:30:00,AST_0051,SITE_C,SITE_C_B1,28.37,49.76,98.58,10.008,0.023,True,False,0.2335029507765678
2026-07-25 15:00:00,AST_0048,SITE_C,SITE_C_B1,21.34,53.88,100.04,31.80138568896392,62.286435945753695,True,False,0.11877113007380746
2026-07-25 19:15:00,AST_0005,SITE_A,SITE_A_B1,27.03,47.9,100.95,27.50759172428034,23.256006474680827,True,False,0.13891951280868153
2026-07-25 20:15:00,AST_0032,SITE_B,SITE_B_B1,29.72,53.51,98.55,53.27035551238183,0.7797071938216633,True,False,0.13248150396067293
2026-07-25 20:30:00,AST_0032,SITE_B,SITE_B_B1,30.05,48.55,98.74,10.505,0.48785359691083163,True,False,0.24026987545788991
2026-07-25 23:00:00,AST_0035,SITE_B,SITE_B_B2,20.87,52.28,99.85,31.85701788403049,67.938186356461,True,False,0.11360957940979433
2026-07-26 01:00:00,AST_0008,SITE_A,SITE_A_B1,29.57,52.29,97.98,52.926447397424845,0.7752002158226942,True,False,0.12958877181261486
2026-07-26 01:00:00,AST_0051,SITE_C,SITE_C_B1,28.01,50.1,98.78,10.204,0.024,True,False,0.24735649778934055
2026-07-26 02:00:00,AST_0039,SITE_B,SITE_B_B2,25.89,54.94,101.42,22.56138383563423,16.22061381828998,True,False,0.1270097122460052
2026-07-26 04:30:00,AST_0026,SITE_B,SITE_B_B1,20.62,45.6,100.01,29.075408130701906,53.28600088181229,True,False,0.1276026818336694
2026-07-26 06:30:00,AST_0041,SITE_B,SITE_B_B2,28.07,49.3,99.59,37.76920297792344,0.4957675798866068,True,False,0.17319002262164984
2026-07-26 07:45:00,AST_0032,SITE_B,SITE_B_B1,30.77,50.32,98.66,55.60185023289907,0.7121025238371261,True,False,0.1381276336124857
2026-07-26 09:30:00,AST_0007,SITE_A,SITE_A_B1,25.54,56.82,102.27,3.738,0.011,True,False,0.19658444931069052
2026-07-26 10:00:00,AST_0022,SITE_A,SITE_A_B2,26.17,49.43,98.97,34.309891939238426,0.5408373598762983,True,False,0.1640549230578079
2026-07-26 10:00:00,AST_0040,SITE_B,SITE_B_B2,21.34,51.96,100.58,3.960000794284152,0.0,True,False,0.28634592499166633
2026-07-26 11:00:00,AST_0057,SITE_C,SITE_C_B2,24.37,52.18,99.12,58.054724288107,113.32345480608036,True,False,0.08997267975310597
2026-07-26 22:45:00,AST_0059,SITE_C,SITE_C_B2,22.89,52.97,99.4,51.13610221073699,92.01446282695424,True,False,0.10003865551142554
2026-07-26 23:00:00,AST_0020,SITE_A,SITE_A_B2,21.97,51.26,100.75,1.7802302421302956,0.1261953839711362,True,False,0.28148824773081865
2026-07-26 23:15:00,AST_0042,SITE_B,SITE_B_B2,29.75,53.03,98.5,53.978401631410925,0.824776973811355,True,False,0.13801343306916414
2026-07-27 01:15:00,AST_0040,SITE_B,SITE_B_B2,21.99,50.53,101.55,3.899311126938801,0.0,True,False,0.2678119090104203
2026-07-27 03:15:00,AST_0049,SITE_C,SITE_C_B1,26.1,52.22,100.75,29.960465779488278,26.248639865996346,True,False,0.14427663129223522
2026-07-27 07:45:00,AST_0053,SITE_C,SITE_C_B1,28.87,51.29,98.07,46.40736563007839,0.7211164798350644,True,False,0.13564134255583027
2026-07-27 08:00:00,AST_0042,SITE_B,SITE_B_B2,30.51,58.9,98.42,10.789,0.501,True,False,0.16227995699547937
2026-07-27 08:00:00,AST_0065,SITE_C,SITE_C_B2,29.62,47.26,98.4,10.642,0.519,True,False,0.21052544329300243
2026-07-27 08:00:00,AST_0016,SITE_A,SITE_A_B2,29.27,51.34,100.05,8.937,27.222,True,False,0.19264980780952856
2026-07-27 08:00:00,AST_0033,SITE_B,SITE_B_B1,28.12,46.62,98.99,7.857,0.381,True,False,0.24305820502148
2026-07-27 08:00:00,AST_0002,SITE_A,SITE_A_B1,20.7,48.3,99.74,4.819,33.046,True,False,0.22531173335659643
2026-07-27 08:00:00,AST_0060,SITE_C,SITE_C_B2,31.52,53.89,98.62,13.5,39.912,True,False,0.1264180053946301
2026-07-27 08:00:00,AST_0034,SITE_B,SITE_B_B2,13.53,48.97,99.66,10.638,490.506,True,False,0.06735622952091402
2026-07-27 08:00:00,AST_0032,SITE_B,SITE_B_B1,29.26,54.81,98.65,11.175,0.528,True,False,0.19893018675761825
2026-07-27 08:00:00,AST_0021,SITE_A,SITE_A_B2,27.81,54.02,99.5,6.566,0.33,True,False,0.2362189858942697
2026-07-27 08:00:00,AST_0013,SITE_A,SITE_A_B2,20.27,54.16,100.26,4.539,31.147,True,False,0.2042821446307822
2026-07-27 08:00:00,AST_0056,SITE_C,SITE_C_B2,11.87,50.1,99.08,11.1335,505.289,True,False,0.053352012489049416
2026-07-27 08:00:00,AST_0010,SITE_A,SITE_A_B1,24.37,49.26,100.57,2.617,0.171,True,False,0.2700157885449794
2026-07-27 08:00:00,AST_0038,SITE_B,SITE_B_B2,24.65,58.09,101.33,3.662,9.691,True,False,0.21141884478646
2026-07-27 08:00:00,AST_0035,SITE_B,SITE_B_B2,21.07,49.93,99.84,6.273,41.339,True,False,0.22193795690444046
2026-07-27 08:00:00,AST_0005,SITE_A,SITE_A_B1,25.73,57.72,100.61,5.598,16.052,True,False,0.22490388041662007
2026-07-27 08:00:00,AST_0011,SITE_A,SITE_A_B1,23.79,46.32,100.49,3.461,0.222,True,False,0.2691096514441192
2026-07-27 08:00:00,AST_0052,SITE_C,SITE_C_B1,26.17,52.19,99.39,6.114,0.316,True,False,0.2525202981400487
2026-07-27 08:00:00,AST_0049,SITE_C,SITE_C_B1,26.51,54.93,100.96,5.702,16.377,True,False,0.22785321697709382
2026-07-27 08:00:00,AST_0001,SITE_A,SITE_A_B1,12.35,48.89,99.19,11.847,546.476,True,False,0.03850374799922418
2026-07-27 08:00:00,AST_0004,SITE_A,SITE_A_B1,21.62,55.86,100.37,9.148,55.393,True,False,0.1826425655377935
2026-07-27 08:00:00,AST_0006,SITE_A,SITE_A_B1,25.95,53.76,101.0,5.667,16.173,True,False,0.23484596057536883
2026-07-27 08:00:00,AST_0036,SITE_B,SITE_B_B2,24.47,50.6,99.01,11.729,73.132,True,False,0.17177775526261307
2026-07-27 08:00:00,AST_0045,SITE_C,SITE_C_B1,7.63,54.11,100.87,4.107,202.487,True,False,0.09206634337238295
2026-07-27 08:00:00,AST_0059,SITE_C,SITE_C_B2,22.29,52.43,99.29,10.628,63.366,True,False,0.1901437608141775
2026-07-27 08:00:00,AST_0041,SITE_B,SITE_B_B2,28.28,51.38,99.9,7.859,0.378,True,False,0.24401277889841427
2026-07-27 08:00:00,AST_0027,SITE_B,SITE_B_B1,24.94,55.42,100.93,4.127,11.81,True,False,0.21811987826960982
2026-07-27 08:00:00,AST_0026,SITE_B,SITE_B_B1,20.49,49.3,99.65,5.74,37.795,True,False,0.22590590868294358
2026-07-27 08:00:00,AST_0050,SITE_C,SITE_C_B1,28.08,49.64,100.39,8.874,26.318,True,False,0.1899961948606736
2026-07-27 08:00:00,AST_0024,SITE_B,SITE_B_B1,25.47,54.34,99.1,12.058,72.086,True,False,0.16135609585008026
2026-07-27 08:00:00,AST_0055,SITE_C,SITE_C_B1,27.12,53.47,98.85,6.142,0.317,True,False,0.1967232616049196
2026-07-27 08:00:00,AST_0015,SITE_A,SITE_A_B2,19.75,53.34,99.66,5.536,37.191,True,False,0.19496275557597442
2026-07-27 08:00:00,AST_0048,SITE_C,SITE_C_B1,20.94,52.72,99.91,6.397,41.358,True,False,0.2172577003483694
2026-07-27 08:00:00,AST_0064,SITE_C,SITE_C_B2,24.09,60.55,101.14,0.848,0.133,True,False,0.1863318233847619
2026-07-27 08:00:00,AST_0063,SITE_C,SITE_C_B2,29.3,50.65,99.1,10.12,0.444,True,False,0.21619807040760258
2026-07-27 08:00:00,AST_0043,SITE_B,SITE_B_B2,27.46,56.66,98.84,7.434,0.9130793088036236,True,False,0.21184819472744953
2026-07-27 08:00:00,AST_0003,SITE_A,SITE_A_B1,17.44,55.48,101.51,2.065,16.485,True,False,0.1808866815845065
2026-07-27 08:00:00,AST_0039,SITE_B,SITE_B_B2,26.14,52.78,100.77,4.132,11.548,True,False,0.2506754993809651
2026-07-27 08:00:00,AST_0061,SITE_C,SITE_C_B2,31.81,51.23,98.15,14.124,41.259,True,False,0.12473793912026876
2026-07-27 08:00:00,AST_0017,SITE_A,SITE_A_B2,25.79,56.45,101.23,4.331,12.2,True,False,0.18378458117091834
2026-07-27 08:00:00,AST_0031,SITE_B,SITE_B_B1,28.18,51.37,98.53,8.347,0.405,True,False,0.15743808628725908
2026-07-27 08:00:00,AST_0014,SITE_A,SITE_A_B2,19.8,50.94,100.59,5.354,35.819,True,False,0.2099452478295027
2026-07-27 08:00:00,AST_0012,SITE_A,SITE_A_B2,13.68,48.33,98.41,13.345,606.356,True,False,0.023159464815656228
2026-07-27 08:00:00,AST_0009,SITE_A,SITE_A_B1,28.28,51.16,98.91,9.525,0.425,True,False,0.23103387479983423
2026-07-27 08:00:00,AST_0030,SITE_B,SITE_B_B1,28.78,53.93,99.11,10.142,0.477,True,False,0.18963979191921554
2026-07-27 08:00:00,AST_0022,SITE_A,SITE_A_B2,26.45,47.73,100.31,6.821,0.357,True,False,0.2636521971698991
2026-07-27 08:00:00,AST_0046,SITE_C,SITE_C_B1,22.61,56.08,99.16,9.119,54.622,True,False,0.18226018965601554
2026-07-27 08:00:00,AST_0057,SITE_C,SITE_C_B2,25.0,52.4,98.58,12.269,73.719,True,False,0.15766558477006698
2026-07-27 08:00:00,AST_0044,SITE_B,SITE_B_B2,24.98,49.46,100.2,2.117,0.2,True,False,0.26362227487473777
2026-07-27 08:00:00,AST_0008,SITE_A,SITE_A_B1,29.3,52.510000000000005,98.33,11.131,0.51,True,False,0.20299519505718228
2026-07-27 08:00:00,AST_0054,SITE_C,SITE_C_B1,28.25,55.02,99.09,7.742,0.39,True,False,0.21751647896938042
2026-07-27 08:00:00,AST_0037,SITE_B,SITE_B_B2,18.96,46.77,100.42,4.116,28.099,True,False,0.23798976083353168
2026-07-27 08:00:00,AST_0053,SITE_C,SITE_C_B1,29.61,52.28,99.34,9.451,0.459,True,False,0.22811824017665544
2026-07-27 08:00:00,AST_0058,SITE_C,SITE_C_B2,21.13,53.87,99.07,10.506,63.558,True,False,0.17069431648796163
2026-07-27 08:00:00,AST_0028,SITE_B,SITE_B_B1,25.55,46.78,101.3,3.806,10.378,True,False,0.24259855821008997
2026-07-27 08:00:00,AST_0023,SITE_B,SITE_B_B1,8.83,53.1,101.04,5.322,239.253,True,False,0.07212754634740348
2026-07-27 08:00:00,AST_0019,SITE_A,SITE_A_B2,27.66,51.06,99.74,7.107,0.362,True,False,0.2427687036968294
2026-07-27 08:00:00,AST_0047,SITE_C,SITE_C_B1,21.5,51.44,99.72,8.149,51.46,True,False,0.21217790420180682
2026-07-27 08:15:00,AST_0043,SITE_B,SITE_B_B2,27.83,47.53,99.51,37.920927146286814,1.7171586176072473,True,False,0.14400582458259248
2026-07-27 08:15:00,AST_0049,SITE_C,SITE_C_B1,26.73,46.39,100.31,5.558,16.599,True,False,0.2346778449361363
2026-07-27 08:15:00,AST_0061,SITE_C,SITE_C_B2,32.09,54.29,98.99,13.853,40.138,True,False,0.13396589630099365
2026-07-27 08:15:00,AST_0012,SITE_A,SITE_A_B2,13.83,52.99,98.38,13.4,606.419,True,False,0.011154421597867059
2026-07-27 08:15:00,AST_0045,SITE_C,SITE_C_B1,7.28,57.55,100.18,3.957,202.744,True,False,0.07568781801815538
2026-07-27 08:15:00,AST_0047,SITE_C,SITE_C_B1,21.57,49.51,99.91,8.183,50.719,True,False,0.20708357501828106
2026-07-27 08:15:00,AST_0036,SITE_B,SITE_B_B2,24.07,51.94,99.4,11.705,71.34,True,False,0.1721401694146606
2026-07-27 08:15:00,AST_0014,SITE_A,SITE_A_B2,20.82,45.1,100.3,5.366,36.602,True,False,0.23262823976756714
2026-07-27 08:15:00,AST_0019,SITE_A,SITE_A_B2,27.5,53.98,99.96,7.103,0.374,True,False,0.19711994821154566
2026-07-27 08:15:00,AST_0037,SITE_B,SITE_B_B2,18.49,50.99,101.0,3.899,26.594,True,False,0.2366340257067756
2026-07-27 08:15:00,AST_0034,SITE_B,SITE_B_B2,12.12,55.47,99.27,10.449,488.534,True,False,0.03967479182640665
2026-07-27 08:15:00,AST_0011,SITE_A,SITE_A_B1,25.09,56.81,100.19,3.351,0.233,True,False,0.20742883504472354
2026-07-27 08:15:00,AST_0065,SITE_C,SITE_C_B2,28.52,52.6,99.17,11.039,0.526,True,False,0.19999565967541955
2026-07-27 08:15:00,AST_0002,SITE_A,SITE_A_B1,19.72,52.94,100.65,5.002,31.33,True,False,0.22896476358648649
2026-07-27 08:15:00,AST_0060,SITE_C,SITE_C_B2,30.72,50.02,98.69,13.613,39.734,True,False,0.13847309614063474
2026-07-27 08:15:00,AST_0035,SITE_B,SITE_B_B2,19.32,56.42,99.76,6.446,41.149,True,False,0.1691333408176745
2026-07-27 08:15:00,AST_0052,SITE_C,SITE_C_B1,26.58,53.02,99.34,6.211,0.309,True,False,0.23615959503901446
2026-07-27 08:15:00,AST_0044,SITE_B,SITE_B_B2,25.03,50.144999999999996,100.52,2.424,0.191,True,False,0.2544682262057105
2026-07-27 08:15:00,AST_0050,SITE_C,SITE_C_B1,28.67,51.17,99.15,9.021,25.343,True,False,0.15880300259125923
2026-07-27 08:15:00,AST_0015,SITE_A,SITE_A_B2,20.95,52.75,100.3,5.677,37.019,True,False,0.2076295851454245
2026-07-27 08:15:00,AST_0004,SITE_A,SITE_A_B1,22.94,49.1,99.3,9.258,56.499,True,False,0.1963303895072086
2026-07-27 08:15:00,AST_0005,SITE_A,SITE_A_B1,25.3,54.52,100.51,5.647,15.013,True,False,0.22030438094794014
2026-07-27 08:15:00,AST_0031,SITE_B,SITE_B_B1,27.24,55.88,99.66,8.402,0.399,True,False,0.23228678220390236
2026-07-27 08:15:00,AST_0003,SITE_A,SITE_A_B1,18.72,51.2,101.16,2.255,16.706,True,False,0.23840623461315552
2026-07-27 08:15:00,AST_0017,SITE_A,SITE_A_B2,26.8,49.75,99.79,4.47,12.427,True,False,0.22107356604147305
2026-07-27 08:15:00,AST_0009,SITE_A,SITE_A_B1,29.25,55.36,98.69,9.518,0.447,True,False,0.19981957841518277
2026-07-27 08:15:00,AST_0030,SITE_B,SITE_B_B1,29.89,51.16,98.6,10.045,0.502,True,False,0.20003701865186907
2026-07-27 08:15:00,AST_0022,SITE_A,SITE_A_B2,26.79,49.65,99.41,6.591,0.358,True,False,0.25307661703883905
2026-07-27 08:15:00,AST_0054,SITE_C,SITE_C_B1,27.15,52.63,99.33,7.996,0.40049999999999997,True,False,0.2446227483415061
2026-07-27 08:15:00,AST_0028,SITE_B,SITE_B_B1,25.15,52.98,100.51,3.873,11.551,True,False,0.20595505513562978
2026-07-27 08:15:00,AST_0023,SITE_B,SITE_B_B1,7.89,54.26,100.7,5.088,254.335,True,False,0.08265937253783773
2026-07-27 08:15:00,AST_0039,SITE_B,SITE_B_B2,26.48,50.42,101.52,4.349,11.676,True,False,0.22086918098805958
2026-07-27 08:15:00,AST_0027,SITE_B,SITE_B_B1,27.04,56.16,101.36,4.278,10.892,True,False,0.21150454652816159
2026-07-27 08:15:00,AST_0006,SITE_A,SITE_A_B1,26.7,54.79,100.02,5.642,15.8,True,False,0.23894188162404584
2026-07-27 08:15:00,AST_0056,SITE_C,SITE_C_B2,12.45,51.68,98.89,11.18,506.317,True,False,0.05307459608897047
2026-07-27 08:15:00,AST_0041,SITE_B,SITE_B_B2,27.89,56.42,99.36,7.541,0.356,True,False,0.17956383689337874
2026-07-27 08:15:00,AST_0055,SITE_C,SITE_C_B1,25.9,55.43,99.53,5.668,0.321,True,False,0.21756803367949518
2026-07-27 08:15:00,AST_0048,SITE_C,SITE_C_B1,20.57,53.13,99.76,6.438,40.542,True,False,0.20766236261509857
2026-07-27 08:15:00,AST_0063,SITE_C,SITE_C_B2,28.78,50.85,98.56,10.055,0.497,True,False,0.21497813296710555
2026-07-27 08:15:00,AST_0059,SITE_C,SITE_C_B2,23.16,53.76,99.06,10.254,63.399,True,False,0.17930959339420577
2026-07-27 08:15:00,AST_0026,SITE_B,SITE_B_B1,20.75,50.92,100.76,5.804,38.26,True,False,0.20137096759638162
2026-07-27 08:15:00,AST_0001,SITE_A,SITE_A_B1,12.18,53.16,99.12,12.002,562.055,True,False,0.02823392609545572
2026-07-27 08:15:00,AST_0008,SITE_A,SITE_A_B1,29.77,49.32,98.34,11.174,0.512,True,False,0.18874288579599297
2026-07-27 08:15:00,AST_0057,SITE_C,SITE_C_B2,24.76,52.515,98.3,12.226,73.488,True,False,0.1538462734286855
2026-07-27 08:15:00,AST_0058,SITE_C,SITE_C_B2,24.06,58.21,99.88,10.375,62.609,True,False,0.1682741296651289
2026-07-27 08:15:00,AST_0046,SITE_C,SITE_C_B1,22.2,50.12,99.52,9.263,54.923,True,False,0.2058339359492199
2026-07-27 08:15:00,AST_0024,SITE_B,SITE_B_B1,24.39,49.44,98.62,12.028,73.539,True,False,0.15958568374984694
2026-07-27 08:15:00,AST_0010,SITE_A,SITE_A_B1,24.21,51.23,100.61,2.657,0.202,True,False,0.27077518388708877
2026-07-27 08:15:00,AST_0066,SITE_C,SITE_C_B2,23.44,53.71,101.47,0.57,0.117,True,False,0.23037223863923234
2026-07-27 08:15:00,AST_0013,SITE_A,SITE_A_B2,20.48,51.15,100.11,4.851,31.358,True,False,0.23957014917226332
2026-07-27 08:15:00,AST_0038,SITE_B,SITE_B_B2,24.97,56.33,101.56,3.701,9.799,True,False,0.2185285760655148
2026-07-27 08:15:00,AST_0021,SITE_A,SITE_A_B2,26.86,48.9,99.78,6.727,0.366,True,False,0.24448983350524228
2026-07-27 08:15:00,AST_0033,SITE_B,SITE_B_B1,27.83,53.27,99.54,7.729,0.402,True,False,0.19697523771419245
2026-07-27 08:15:00,AST_0016,SITE_A,SITE_A_B2,28.22,49.82,99.51,9.094,26.7785,True,False,0.21945481166700975
2026-07-27 08:15:00,AST_0032,SITE_B,SITE_B_B1,30.3,52.13,98.76,10.866,0.506,True,False,0.21092521653882845
2026-07-27 08:30:00,AST_0050,SITE_C,SITE_C_B1,29.24,56.53,100.43,8.997,25.073,True,False,0.1893326182037135
2026-07-27 08:30:00,AST_0032,SITE_B,SITE_B_B1,29.61,54.14,98.685,11.083,0.497,True,False,0.20596411770240802
2026-07-27 08:30:00,AST_0041,SITE_B,SITE_B_B2,28.4,52.11,99.81,7.755,0.369,True,False,0.1620564344980483
2026-07-27 08:30:00,AST_0006,SITE_A,SITE_A_B1,26.66,55.37,101.04,5.386,15.606,True,False,0.22112481706077297
2026-07-27 08:30:00,AST_0002,SITE_A,SITE_A_B1,21.1,53.3,100.94,5.103,32.543,True,False,0.22049848160731428
2026-07-27 08:30:00,AST_0055,SITE_C,SITE_C_B1,27.85,52.99,100.45,6.298,0.314,True,False,0.24418369743958024
2026-07-27 08:30:00,AST_0004,SITE_A,SITE_A_B1,22.32,47.06,99.13,9.365,56.931,True,False,0.19533924123555096
2026-07-27 08:30:00,AST_0039,SITE_B,SITE_B_B2,24.88,51.2,101.22,4.259,11.386,True,False,0.2327608566283711
2026-07-27 08:30:00,AST_0005,SITE_A,SITE_A_B1,26.21,55.88,100.93,5.656,15.547,True,False,0.2025303462200393
2026-07-27 08:30:00,AST_0023,SITE_B,SITE_B_B1,8.75,51.9,101.94,5.162,245.615,True,False,0.06902506477080739
2026-07-27 08:30:00,AST_0035,SITE_B,SITE_B_B2,19.8,52.12,100.23,6.4,40.206,True,False,0.2200720097514426
2026-07-27 08:30:00,AST_0027,SITE_B,SITE_B_B1,25.73,55.13,101.13,4.273,12.314,True,False,0.21219308844104184
2026-07-27 08:30:00,AST_0048,SITE_C,SITE_C_B1,20.31,46.15,100.27,6.509,39.935,True,False,0.17401836454071762
2026-07-27 08:30:00,AST_0065,SITE_C,SITE_C_B2,30.01,45.66,98.36,10.996500000000001,0.516,True,False,0.19705629064919278
2026-07-27 08:30:00,AST_0028,SITE_B,SITE_B_B1,26.19,53.61,101.9,3.851,10.231,True,False,0.2008557114967524
2026-07-27 08:30:00,AST_0012,SITE_A,SITE_A_B2,12.97,56.65,98.35,13.233,600.986,True,False,0.010223211399090104
2026-07-27 08:30:00,AST_0046,SITE_C,SITE_C_B1,22.24,50.3,99.81,9.392,56.49,True,False,0.19548695603188027
2026-07-27 08:30:00,AST_0033,SITE_B,SITE_B_B1,27.65,50.24,98.39,8.143,0.382,True,False,0.2178359266989266
2026-07-27 08:30:00,AST_0058,SITE_C,SITE_C_B2,24.39,48.43,99.49,10.342,62.518,True,False,0.19571642457220018
2026-07-27 08:30:00,AST_0008,SITE_A,SITE_A_B1,29.84,56.64,98.48,11.036,0.497,True,False,0.16873101863307738
2026-07-27 08:30:00,AST_0001,SITE_A,SITE_A_B1,13.11,50.65,99.15,12.032,549.666,True,False,0.044319571024260984
2026-07-27 08:30:00,AST_0024,SITE_B,SITE_B_B1,25.23,50.81,99.08,12.25,71.971,True,False,0.17447117374020393
2026-07-27 08:30:00,AST_0013,SITE_A,SITE_A_B2,19.91,47.95,100.16,4.566,32.169,True,False,0.23750010034593538
2026-07-27 08:30:00,AST_0061,SITE_C,SITE_C_B2,31.56,53.4,98.89,13.823,40.791,True,False,0.13726624053825875
2026-07-27 08:30:00,AST_0047,SITE_C,SITE_C_B1,22.08,56.4,99.4,8.254,50.759,True,False,0.18649841540955148
2026-07-27 08:30:00,AST_0045,SITE_C,SITE_C_B1,8.91,48.19,101.02,4.089,200.749,True,False,0.11030580653740152
2026-07-27 08:30:00,AST_0063,SITE_C,SITE_C_B2,29.61,46.81,98.9,10.381,0.489,True,False,0.21526927333298584
2026-07-27 08:30:00,AST_0044,SITE_B,SITE_B_B2,24.51,50.83,99.73,2.416,0.181,True,False,0.24621524773213527
2026-07-27 08:30:00,AST_0015,SITE_A,SITE_A_B2,20.31,52.56,100.52,5.567,37.53,True,False,0.2213723349848467
2026-07-27 08:30:00,AST_0026,SITE_B,SITE_B_B1,21.03,50.0,101.11,5.969,37.628,True,False,0.21139940729752926
2026-07-27 08:30:00,AST_0003,SITE_A,SITE_A_B1,17.92,52.12,101.36,1.765,15.87,True,False,0.20908732633879806
2026-07-27 08:30:00,AST_0011,SITE_A,SITE_A_B1,24.63,56.48,100.07,3.42,0.235,True,False,0.24656745471524172
2026-07-27 08:30:00,AST_0017,SITE_A,SITE_A_B2,26.33,54.14,100.59,4.789,11.737,True,False,0.24322508359372613
2026-07-27 08:30:00,AST_0014,SITE_A,SITE_A_B2,19.53,53.84,99.8,26.54667199131228,159.25857457157397,True,False,0.07686114157889257
2026-07-27 08:30:00,AST_0034,SITE_B,SITE_B_B2,12.98,47.79,98.8,10.698,481.704,True,False,0.04600281573902909
2026-07-27 08:30:00,AST_0030,SITE_B,SITE_B_B1,29.6,55.45,98.98,10.182,0.461,True,False,0.20403406516458378
2026-07-27 08:30:00,AST_0016,SITE_A,SITE_A_B2,28.53,58.13,98.96,9.294,26.335,True,False,0.17040320724446945
2026-07-27 08:30:00,AST_0031,SITE_B,SITE_B_B1,28.71,46.35,99.97,8.168,0.425,True,False,0.2376255648250506
2026-07-27 08:30:00,AST_0060,SITE_C,SITE_C_B2,31.26,57.85,98.54,13.637,39.082,True,False,0.12191929582878469
2026-07-27 08:30:00,AST_0052,SITE_C,SITE_C_B1,25.45,48.64,99.66,6.038,0.335,True,False,0.2620687609266631
2026-07-27 08:30:00,AST_0037,SITE_B,SITE_B_B2,19.01,50.28,101.0,4.064,28.868,True,False,0.22970296371280025
2026-07-27 08:30:00,AST_0038,SITE_B,SITE_B_B2,25.75,56.2,101.17,3.599,10.171,True,False,0.2334713772652552
2026-07-27 08:30:00,AST_0019,SITE_A,SITE_A_B2,26.87,51.28,99.32,7.037,0.353,True,False,0.24610602567357376
2026-07-27 08:30:00,AST_0010,SITE_A,SITE_A_B1,24.63,54.7,100.58,2.777,0.206,True,False,0.2340789077346389
2026-07-27 08:30:00,AST_0056,SITE_C,SITE_C_B2,12.88,50.24,99.58,10.977,513.954,True,False,0.056860602906606106
2026-07-27 08:30:00,AST_0021,SITE_A,SITE_A_B2,28.16,54.02,100.03,6.563,0.326,True,False,0.1992058139870858
2026-07-27 08:30:00,AST_0054,SITE_C,SITE_C_B1,27.42,50.51,99.39,7.784,0.411,True,False,0.2531487234800426
2026-07-27 08:30:00,AST_0036,SITE_B,SITE_B_B2,23.91,49.7,98.87,12.224,70.153,True,False,0.15554898280902152
2026-07-27 08:30:00,AST_0009,SITE_A,SITE_A_B1,27.92,58.87,98.68,9.699,0.455,True,False,0.18086154434687218
2026-07-27 08:45:00,AST_0052,SITE_C,SITE_C_B1,26.72,54.67,99.98,6.238,0.331,True,False,0.23785785964275785
2026-07-27 08:45:00,AST_0045,SITE_C,SITE_C_B1,8.24,50.92,100.38,4.277,201.23399999999998,True,False,0.11548239653461023
2026-07-27 08:45:00,AST_0063,SITE_C,SITE_C_B2,29.06,51.295,98.8,10.014,0.481,True,False,0.2178429886181923
2026-07-27 08:45:00,AST_0012,SITE_A,SITE_A_B2,13.43,50.41,98.62,13.195,612.932,True,False,0.0401705601571124
2026-07-27 08:45:00,AST_0061,SITE_C,SITE_C_B2,31.46,56.38,98.79,13.731,41.067,True,False,0.10865675732626534
2026-07-27 08:45:00,AST_0015,SITE_A,SITE_A_B2,20.06,51.92,100.75,5.474,37.116,True,False,0.225668374051682
2026-07-27 08:45:00,AST_0024,SITE_B,SITE_B_B1,24.24,48.11,98.88,11.97,72.622,True,False,0.17249923518796495
2026-07-27 08:45:00,AST_0049,SITE_C,SITE_C_B1,27.09,52.59,101.03,29.26253460501673,71.69249902960232,True,False,0.09636308144873673
2026-07-27 08:45:00,AST_0031,SITE_B,SITE_B_B1,26.51,51.39,99.37,8.609,0.38,True,False,0.23579083377680432
2026-07-27 08:45:00,AST_0034,SITE_B,SITE_B_B2,10.91,55.39,99.13,10.599,484.903,True,False,0.03213165475949564
2026-07-27 08:45:00,AST_0056,SITE_C,SITE_C_B2,12.54,53.16,99.47,10.975,505.076,True,False,0.046677489823558904
2026-07-27 08:45:00,AST_0008,SITE_A,SITE_A_B1,29.85,52.8,98.22,11.09,0.507,True,False,0.18755419976840798
2026-07-27 08:45:00,AST_0002,SITE_A,SITE_A_B1,21.09,50.86,100.98,4.994,31.788,True,False,0.23132615112103233
2026-07-27 08:45:00,AST_0017,SITE_A,SITE_A_B2,25.36,53.78,100.7,4.347,11.804,True,False,0.2397617408916501
2026-07-27 08:45:00,AST_0013,SITE_A,SITE_A_B2,19.53,56.89,100.72,4.532,32.107,True,False,0.19709992513307162
2026-07-27 08:45:00,AST_0058,SITE_C,SITE_C_B2,23.11,55.11,99.29,10.405,61.746,True,False,0.1792582235018756
2026-07-27 08:45:00,AST_0011,SITE_A,SITE_A_B1,25.91,54.7,100.76,3.365,0.223,True,False,0.1991846106095334
2026-07-27 08:45:00,AST_0046,SITE_C,SITE_C_B1,22.1,50.87,99.57,8.9,55.829,True,False,0.18948178998141862
2026-07-27 08:45:00,AST_0016,SITE_A,SITE_A_B2,29.04,48.82,100.1,9.01,25.897,True,False,0.17662268170238815
2026-07-27 08:45:00,AST_0026,SITE_B,SITE_B_B1,20.53,54.9,100.26,6.146,38.029,True,False,0.1941372418196471
2026-07-27 08:45:00,AST_0047,SITE_C,SITE_C_B1,21.62,58.52,99.46,8.027,52.394,True,False,0.17901711635546946
2026-07-27 08:45:00,AST_0027,SITE_B,SITE_B_B1,26.0,52.16,101.01,4.122,12.549,True,False,0.25393647248385026
2026-07-27 08:45:00,AST_0065,SITE_C,SITE_C_B2,29.24,53.36,98.7,10.954,0.516,True,False,0.18811199105547932
2026-07-27 08:45:00,AST_0003,SITE_A,SITE_A_B1,17.3,47.47,101.31,2.191,16.427,True,False,0.1740293336433273
2026-07-27 08:45:00,AST_0033,SITE_B,SITE_B_B1,26.96,56.27,99.01,7.896,0.401,True,False,0.19227701615094656
2026-07-27 08:45:00,AST_0028,SITE_B,SITE_B_B1,25.43,45.37,100.8,3.996,11.16,True,False,0.2594095773718347
2026-07-27 08:45:00,AST_0054,SITE_C,SITE_C_B1,28.54,49.28,99.79,7.738,0.387,True,False,0.18468925354462662
2026-07-27 08:45:00,AST_0019,SITE_A,SITE_A_B2,27.96,47.58,99.41,6.982,0.378,True,False,0.2523626744399183
2026-07-27 08:45:00,AST_0023,SITE_B,SITE_B_B1,9.2,59.82,100.29,5.166,249.934,True,False,0.06311270531101598
2026-07-27 08:45:00,AST_0039,SITE_B,SITE_B_B2,25.35,50.26,101.13,4.153,12.294,True,False,0.24475040166581452
2026-07-27 08:45:00,AST_0036,SITE_B,SITE_B_B2,24.78,57.89,98.42,11.74,70.985,True,False,0.13874063444868967
2026-07-27 08:45:00,AST_0004,SITE_A,SITE_A_B1,22.95,49.68,99.09,9.02,56.536,True,False,0.1926815413607757
2026-07-27 08:45:00,AST_0038,SITE_B,SITE_B_B2,24.82,54.16,100.93,4.018,10.198,True,False,0.251050101397135
2026-07-27 08:45:00,AST_0030,SITE_B,SITE_B_B1,29.79,46.46,98.67,10.206,0.469,True,False,0.2235268607185108
2026-07-27 08:45:00,AST_0032,SITE_B,SITE_B_B1,30.75,54.14,98.61,11.3,0.518,True,False,0.19635547270872417
2026-07-27 08:45:00,AST_0001,SITE_A,SITE_A_B1,13.65,48.35,98.88,12.12,551.569,True,False,0.03218221538560451
2026-07-27 08:45:00,AST_0037,SITE_B,SITE_B_B2,20.56,50.25,101.03,4.112,28.193,True,False,0.2359223659972401
2026-07-27 08:45:00,AST_0041,SITE_B,SITE_B_B2,26.89,54.85,98.97,7.621,0.424,True,False,0.2221793631326623
2026-07-27 08:45:00,AST_0060,SITE_C,SITE_C_B2,30.66,54.65,98.68,13.531,40.328,True,False,0.124624476511625
2026-07-27 08:45:00,AST_0035,SITE_B,SITE_B_B2,21.33,59.82,100.09,6.314,41.905,True,False,0.16475234771162306
2026-07-27 08:45:00,AST_0050,SITE_C,SITE_C_B1,27.59,53.21,99.29,8.914,25.546,True,False,0.21446030027691082
2026-07-27 08:45:00,AST_0009,SITE_A,SITE_A_B1,29.23,56.43,99.79,9.48,0.472,True,False,0.17317645599314957
2026-07-27 08:45:00,AST_0021,SITE_A,SITE_A_B2,27.21,52.69,98.95,6.545,0.358,True,False,0.2355591521055292
2026-07-27 08:45:00,AST_0006,SITE_A,SITE_A_B1,26.89,52.11,100.41,5.36,15.417,True,False,0.2512491602032603
2026-07-27 08:45:00,AST_0055,SITE_C,SITE_C_B1,26.83,58.55,100.08,5.994,0.348,True,False,0.2165913856018708
2026-07-27 08:45:00,AST_0005,SITE_A,SITE_A_B1,27.76,52.74,100.53,5.536,15.706,True,False,0.2436952144993364
2026-07-27 08:45:00,AST_0048,SITE_C,SITE_C_B1,20.67,51.0,100.03,6.498,41.298,True,False,0.22590091905187404
2026-07-27 09:00:00,AST_0035,SITE_B,SITE_B_B2,20.32,54.18,100.34,6.454,43.089,True,False,0.21634079910046938
2026-07-27 09:00:00,AST_0016,SITE_A,SITE_A_B2,28.56,49.59,100.04,9.111,28.791,True,False,0.20197642803756916
2026-07-27 09:00:00,AST_0017,SITE_A,SITE_A_B2,26.82,53.63,100.6,4.472,12.7315,True,False,0.18026252383587177
2026-07-27 09:00:00,AST_0055,SITE_C,SITE_C_B1,26.5,52.54,99.77,6.09,0.358,True,False,0.24962005876571403
2026-07-27 09:00:00,AST_0036,SITE_B,SITE_B_B2,23.42,48.82,98.24,11.961,77.797,True,False,0.15758413710661323
2026-07-27 09:00:00,AST_0012,SITE_A,SITE_A_B2,13.62,49.16,98.55,13.145,669.026,True,False,0.02718253718557828
2026-07-27 09:00:00,AST_0047,SITE_C,SITE_C_B1,22.13,51.26,99.71,7.98,54.349,True,False,0.20809105493380503
2026-07-27 09:00:00,AST_0003,SITE_A,SITE_A_B1,18.97,49.98,101.29,1.667,18.697,True,False,0.2264999710975515
2026-07-27 09:00:00,AST_0001,SITE_A,SITE_A_B1,13.35,48.4,98.69,11.908,600.488,True,False,0.04370520684886514
2026-07-27 09:00:00,AST_0021,SITE_A,SITE_A_B2,27.32,53.19,99.605,6.552,0.344,True,False,0.2462033730966624
2026-07-27 09:00:00,AST_0031,SITE_B,SITE_B_B1,27.96,51.17,99.15,8.282,0.432,True,False,0.24301709366063523
2026-07-27 09:00:00,AST_0056,SITE_C,SITE_C_B2,12.83,51.62,99.72,11.24,551.899,True,False,0.041532968631934675
2026-07-27 09:00:00,AST_0044,SITE_B,SITE_B_B2,23.48,50.81,100.86,2.284,0.209,True,False,0.2662850345549697
2026-07-27 09:00:00,AST_0009,SITE_A,SITE_A_B1,28.5,58.24,98.91,9.305,0.496,True,False,0.19182310267110625
2026-07-27 09:00:00,AST_0030,SITE_B,SITE_B_B1,29.41,52.22,98.59,9.945,0.528,True,False,0.17419953677412847
2026-07-27 09:00:00,AST_0041,SITE_B,SITE_B_B2,27.09,51.81,99.57,7.655,0.417,True,False,0.24878869808488002
2026-07-27 09:00:00,AST_0028,SITE_B,SITE_B_B1,25.47,51.72,101.44,3.868,11.492,True,False,0.24651910823599937
2026-07-27 09:00:00,AST_0023,SITE_B,SITE_B_B1,9.2,62.97,101.08,5.036,262.53,True,False,0.0425945236630102
2026-07-27 09:00:00,AST_0027,SITE_B,SITE_B_B1,25.73,50.0,101.07,4.437,12.842,True,False,0.21111123179994817
2026-07-27 09:00:00,AST_0006,SITE_A,SITE_A_B1,26.72,47.1,100.7,5.516,16.545,True,False,0.22025339958424794
2026-07-27 09:00:00,AST_0039,SITE_B,SITE_B_B2,25.23,52.02,100.2,4.24,13.672,True,False,0.24875747648776225
2026-07-27 09:00:00,AST_0048,SITE_C,SITE_C_B1,21.36,47.33,99.74,6.479,45.433,True,False,0.22357933393889967
2026-07-27 09:00:00,AST_0024,SITE_B,SITE_B_B1,24.66,53.47,98.48,12.235,79.486,True,False,0.1406139019023771
2026-07-27 09:00:00,AST_0064,SITE_C,SITE_C_B2,23.34,51.81,101.01,0.674,0.161,True,False,0.25236120441779725
2026-07-27 09:00:00,AST_0063,SITE_C,SITE_C_B2,29.25,55.78,98.73,10.048,0.529,True,False,0.20063584342725221
2026-07-27 09:00:00,AST_0026,SITE_B,SITE_B_B1,21.08,54.16,100.74,5.759,41.607,True,False,0.2135130848550731
2026-07-27 09:00:00,AST_0046,SITE_C,SITE_C_B1,21.91,47.77,99.14,9.088,62.483,True,False,0.17959153697616653
2026-07-27 09:00:00,AST_0008,SITE_A,SITE_A_B1,30.04,54.59,98.86,10.874,0.552,True,False,0.19503320720847572
2026-07-27 09:00:00,AST_0058,SITE_C,SITE_C_B2,23.77,51.4,98.81,10.42,68.3,True,False,0.1598850304937658
2026-07-27 09:00:00,AST_0010,SITE_A,SITE_A_B1,25.17,53.72,100.46,2.515,0.217,True,False,0.2544009205389752
2026-07-27 09:00:00,AST_0038,SITE_B,SITE_B_B2,24.99,52.05,101.45,3.569,11.57,True,False,0.24598356245120107
2026-07-27 09:00:00,AST_0033,SITE_B,SITE_B_B1,27.37,51.59,99.78,7.878,0.424,True,False,0.2546294352018863
2026-07-27 09:00:00,AST_0032,SITE_B,SITE_B_B1,29.58,54.14,99.22,11.187,0.578,True,False,0.20771722808148907
2026-07-27 09:00:00,AST_0060,SITE_C,SITE_C_B2,30.91,54.93,98.66,13.57,43.171,True,False,0.13251179743965935
2026-07-27 09:00:00,AST_0005,SITE_A,SITE_A_B1,26.21,51.55,101.0,5.488,16.869,True,False,0.2331351786044436
2026-07-27 09:00:00,AST_0052,SITE_C,SITE_C_B1,27.48,53.0,99.46,6.139,0.361,True,False,0.24130652733125085
2026-07-27 09:00:00,AST_0004,SITE_A,SITE_A_B1,23.64,56.07,99.97,9.182,61.136,True,False,0.11569543909055713
2026-07-27 09:00:00,AST_0050,SITE_C,SITE_C_B1,28.47,54.49,100.03,9.074,28.133,True,False,0.2023116021162885
2026-07-27 09:00:00,AST_0002,SITE_A,SITE_A_B1,20.25,53.34,100.25,4.776,35.469,True,False,0.22253024818888906
2026-07-27 09:00:00,AST_0037,SITE_B,SITE_B_B2,19.19,45.73,100.88,3.845,30.713,True,False,0.22566177829193745
2026-07-27 09:00:00,AST_0034,SITE_B,SITE_B_B2,12.17,51.33,99.23,10.819,531.824,True,False,0.04230597927254953
2026-07-27 09:00:00,AST_0015,SITE_A,SITE_A_B2,20.4,55.53,99.81,5.637,40.626,True,False,0.19431474644218782
2026-07-27 09:00:00,AST_0045,SITE_C,SITE_C_B1,7.28,51.53,100.62,4.176,201.719,True,False,0.07816544006130222
2026-07-27 09:00:00,AST_0065,SITE_C,SITE_C_B2,29.0,52.53,99.2,10.961,0.564,True,False,0.21804161559772378
2026-07-27 09:00:00,AST_0011,SITE_A,SITE_A_B1,24.94,54.37,100.35,3.339,0.247,True,False,0.2616436340637941
2026-07-27 09:00:00,AST_0061,SITE_C,SITE_C_B2,31.51,49.92,97.95,13.983,44.062,True,False,0.12903855104300543
2026-07-27 09:00:00,AST_0013,SITE_A,SITE_A_B2,19.92,52.58,100.45,4.572,34.367,True,False,0.2097064547911187
2026-07-27 09:00:00,AST_0019,SITE_A,SITE_A_B2,27.8,49.02,98.73,7.155,0.378,True,False,0.2308612890986959
2026-07-27 09:15:00,AST_0026,SITE_B,SITE_B_B1,20.91,49.99,99.81,5.572,41.51,True,False,0.22497428447670786
2026-07-27 09:15:00,AST_0036,SITE_B,SITE_B_B2,24.45,52.26,98.26,11.908,78.9,True,False,0.1534034454836012
2026-07-27 09:15:00,AST_0050,SITE_C,SITE_C_B1,29.1,55.31,100.14,9.25,28.224,True,False,0.19006870486465666
2026-07-27 09:15:00,AST_0024,SITE_B,SITE_B_B1,24.54,54.92,98.82,12.225,78.049,True,False,0.14551060205351363
2026-07-27 09:15:00,AST_0047,SITE_C,SITE_C_B1,20.69,53.72,100.31,8.076,55.314,True,False,0.19669017471130174
2026-07-27 09:15:00,AST_0046,SITE_C,SITE_C_B1,21.33,56.7,99.41,8.996,60.918,True,False,0.16727362468170437
2026-07-27 09:15:00,AST_0023,SITE_B,SITE_B_B1,7.8,54.16,100.71,5.49,263.244,True,False,0.07882428459869384
2026-07-27 09:15:00,AST_0019,SITE_A,SITE_A_B2,27.96,49.68,100.0,6.832,0.392,True,False,0.2510136849896085
2026-07-27 09:15:00,AST_0052,SITE_C,SITE_C_B1,25.77,55.76,99.84,6.016,0.352,True,False,0.2291535471549016
2026-07-27 09:15:00,AST_0028,SITE_B,SITE_B_B1,25.78,53.68,100.86,4.095,11.938,True,False,0.25152141917792503
2026-07-27 09:15:00,AST_0034,SITE_B,SITE_B_B2,11.53,53.07,99.35,10.76,530.197,True,False,0.032049416494129845
2026-07-27 09:15:00,AST_0041,SITE_B,SITE_B_B2,28.65,50.83,99.96,7.796,0.429,True,False,0.21142295800430388
2026-07-27 09:15:00,AST_0054,SITE_C,SITE_C_B1,27.75,59.22,98.61,7.762,0.428,True,False,0.17919454717267363
2026-07-27 09:15:00,AST_0035,SITE_B,SITE_B_B2,20.66,47.71,99.77,6.353,43.354,True,False,0.20440550667495916
2026-07-27 09:15:00,AST_0048,SITE_C,SITE_C_B1,20.4,52.35,99.785,6.539,45.09,True,False,0.21484723846126003
2026-07-27 09:15:00,AST_0021,SITE_A,SITE_A_B2,26.92,49.59,100.26,6.666,0.386,True,False,0.26400447765191515
2026-07-27 09:15:00,AST_0037,SITE_B,SITE_B_B2,18.75,47.71,99.86,4.237,31.331,True,False,0.22157785159486615
2026-07-27 09:15:00,AST_0031,SITE_B,SITE_B_B1,27.32,51.98,99.49,8.359,0.4495,True,False,0.2513277716011915
2026-07-27 09:15:00,AST_0017,SITE_A,SITE_A_B2,25.64,50.29,101.71,4.229,13.659,True,False,0.21640304638250096
2026-07-27 09:15:00,AST_0039,SITE_B,SITE_B_B2,25.96,52.36,100.74,4.344,13.154,True,False,0.2562913548169419
2026-07-27 09:15:00,AST_0044,SITE_B,SITE_B_B2,24.55,55.06,100.95,2.321,0.222,True,False,0.2538166452588944
2026-07-27 09:15:00,AST_0030,SITE_B,SITE_B_B1,30.17,55.14,99.34,10.182,0.513,True,False,0.2034396880901107
2026-07-27 09:15:00,AST_0012,SITE_A,SITE_A_B2,12.96,48.29,98.65,13.193,664.447,True,False,0.03002300191649443
2026-07-27 09:15:00,AST_0013,SITE_A,SITE_A_B2,19.69,53.94,100.14,4.797,33.767,True,False,0.2144368716153472
2026-07-27 09:15:00,AST_0001,SITE_A,SITE_A_B1,13.15,53.47,98.45,12.224,612.463,True,False,0.027339835018232006
2026-07-27 09:15:00,AST_0058,SITE_C,SITE_C_B2,24.05,51.9,98.72,10.273,69.189,True,False,0.17995197484946202
2026-07-27 09:15:00,AST_0016,SITE_A,SITE_A_B2,28.98,50.22,99.93,9.051,28.962,True,False,0.20622600716898898
2026-07-27 09:15:00,AST_0061,SITE_C,SITE_C_B2,31.28,51.13,98.57,13.906,44.481,True,False,0.14476799970023801
2026-07-27 09:15:00,AST_0008,SITE_A,SITE_A_B1,29.93,60.59,97.94,11.108,0.556,True,False,0.11733770773343244
2026-07-27 09:15:00,AST_0056,SITE_C,SITE_C_B2,13.96,52.67,99.435,11.388,556.233,True,False,0.027767472905623536
2026-07-27 09:15:00,AST_0060,SITE_C,SITE_C_B2,31.48,50.4,98.69,13.637,43.073,True,False,0.1485341862939188
2026-07-27 09:15:00,AST_0002,SITE_A,SITE_A_B1,20.42,53.95,100.29,4.846,36.274,True,False,0.22634648514322858
2026-07-27 09:15:00,AST_0063,SITE_C,SITE_C_B2,29.27,49.83,98.67,10.291,0.517,True,False,0.22382096078322594
2026-07-27 09:15:00,AST_0003,SITE_A,SITE_A_B1,19.37,50.78,101.39,1.825,18.429,True,False,0.21758794954546745
2026-07-27 09:15:00,AST_0065,SITE_C,SITE_C_B2,30.55,53.99,98.27,11.133,0.561,True,False,0.1818351206715007
2026-07-27 09:15:00,AST_0009,SITE_A,SITE_A_B1,29.44,54.45,98.89,9.469,0.518,True,False,0.20678314784623908
2026-07-27 09:15:00,AST_0015,SITE_A,SITE_A_B2,20.35,51.83,100.61,5.663,39.539,True,False,0.2229316573963876
2026-07-27 09:15:00,AST_0004,SITE_A,SITE_A_B1,22.3,51.97,99.52,9.121,60.777,True,False,0.1986748889031179
2026-07-27 09:15:00,AST_0005,SITE_A,SITE_A_B1,27.81,47.48,100.77,5.632,16.853,True,False,0.19913533193207084
2026-07-27 09:15:00,AST_0011,SITE_A,SITE_A_B1,25.89,54.21,100.5,3.297,0.257,True,False,0.2533697476197375
2026-07-27 09:15:00,AST_0010,SITE_A,SITE_A_B1,23.53,51.07,101.11,2.491,0.216,True,False,0.2640581580433862
2026-07-27 09:15:00,AST_0006,SITE_A,SITE_A_B1,27.09,58.01,100.24,5.351,16.671,True,False,0.18283277611521997
2026-07-27 09:30:00,AST_0010,SITE_A,SITE_A_B1,24.87,55.43,100.6,2.419,0.235,True,False,0.25240253965979226
2026-07-27 09:30:00,AST_0031,SITE_B,SITE_B_B1,28.69,49.5,99.37,8.429,0.467,True,False,0.24042686650042727
2026-07-27 09:45:00,AST_0012,SITE_A,SITE_A_B2,13.7,54.76,98.13,13.513,653.61,False,True,-0.013713681921032506
2026-07-27 11:15:00,AST_0004,SITE_A,SITE_A_B1,23.61,52.73,98.93,46.56414727072056,315.5019808618376,True,False,0.02405966632620915
2026-07-27 11:30:00,AST_0004,SITE_A,SITE_A_B1,22.54,53.56,99.57,9.09,193.2354904309188,True,False,0.13764971980674057
2026-07-27 11:30:00,AST_0012,SITE_A,SITE_A_B2,12.28,52.51,98.03,13.404,758.198,False,True,-0.005192025810739631
2026-07-27 11:45:00,AST_0034,SITE_B,SITE_B_B2,13.14,53.625,100.31,10.57,615.78,False,True,-0.0005497274410548592
2026-07-27 12:00:00,AST_0012,SITE_A,SITE_A_B2,14.12,54.76,98.21,13.146,795.925,False,True,-0.004212852917371168
2026-07-27 12:15:00,AST_0004,SITE_A,SITE_A_B1,23.0,52.28,99.5,45.61839995458882,334.0932651075853,True,False,0.04481637284493589
2026-07-27 12:30:00,AST_0001,SITE_A,SITE_A_B1,11.96,60.14,98.54,12.323,718.92,False,True,-0.017832477367254573
2026-07-27 12:45:00,AST_0056,SITE_C,SITE_C_B2,11.81,60.09,98.72,10.647,664.31,False,True,-0.0066902757198262774
2026-07-27 13:00:00,AST_0012,SITE_A,SITE_A_B2,13.71,55.77,98.59,13.236,807.74,False,True,-0.002752609972953901
2026-07-27 13:15:00,AST_0012,SITE_A,SITE_A_B2,13.78,54.16,98.53,13.258,815.667,False,True,-0.0016381450491746996
2026-07-27 13:15:00,AST_0056,SITE_C,SITE_C_B2,11.81,60.46,99.28,11.147,673.589,False,True,-0.003044646800750783
2026-07-27 13:30:00,AST_0052,SITE_C,SITE_C_B1,26.41,52.63,99.7,32.10989149796946,1.974056363548489,True,False,0.14751969396534892
2026-07-27 13:30:00,AST_0012,SITE_A,SITE_A_B2,14.57,55.65,98.78,13.469,823.912,False,True,-0.015320736452301476
2026-07-27 13:45:00,AST_0034,SITE_B,SITE_B_B2,12.03,53.1,99.19,10.876,657.074,False,True,-0.008146614254642581
2026-07-27 14:30:00,AST_0012,SITE_A,SITE_A_B2,13.8,56.96,98.67,13.343,828.694,False,True,-0.004070812677925084
2026-07-27 14:45:00,AST_0001,SITE_A,SITE_A_B1,12.86,49.05,98.37,12.449,749.355,False,True,-0.015769822173469117
2026-07-27 14:45:00,AST_0043,SITE_B,SITE_B_B2,26.82,55.74,99.17,37.93104209084437,2.384191361454682,True,False,0.1181153572138045
2026-07-27 15:00:00,AST_0034,SITE_B,SITE_B_B2,12.11,57.71,98.5,10.841,656.852,False,True,-0.024391963437306985
2026-07-27 15:15:00,AST_0013,SITE_A,SITE_A_B2,20.74,51.35,100.49,24.629889997654946,187.8643639310312,True,False,0.07537382760568923
2026-07-27 15:15:00,AST_0012,SITE_A,SITE_A_B2,14.18,54.82,98.5,13.474,816.291,False,True,-0.00577706892579799
2026-07-27 15:30:00,AST_0001,SITE_A,SITE_A_B1,12.78,59.72,98.64,12.242,748.424,False,True,-0.007377391911163156
2026-07-27 15:30:00,AST_0002,SITE_A,SITE_A_B1,20.24,57.0,100.24,24.513568135243023,197.23887816888703,True,False,0.05296813041768933
2026-07-27 16:15:00,AST_0012,SITE_A,SITE_A_B2,13.54,52.94,99.22,13.334,789.637,False,True,-0.004821334187806392
2026-07-27 16:30:00,AST_0034,SITE_B,SITE_B_B2,11.37,51.91,100.14,10.638,643.31,False,True,-0.010124704160666909
2026-07-27 16:30:00,AST_0024,SITE_B,SITE_B_B1,24.48,48.01,98.66,59.90070166986143,423.1511503672159,True,False,0.009263944583981054
2026-07-27 17:30:00,AST_0012,SITE_A,SITE_A_B2,13.35,53.62,97.91,13.481,749.991,False,True,-0.0053533598321597875
2026-07-27 17:45:00,AST_0012,SITE_A,SITE_A_B2,13.0,54.7,98.7,13.527,770.415,False,True,-0.013231302986446591
2026-07-27 18:00:00,AST_0056,SITE_C,SITE_C_B2,12.73,59.5,99.85,11.274,603.367,False,True,-0.0014973926000569904
2026-07-27 21:15:00,AST_0022,SITE_A,SITE_A_B2,27.04,54.33,99.24,34.51724830266838,0.6174559858587739,True,False,0.16136576181275286
2026-07-28 01:45:00,AST_0001,SITE_A,SITE_A_B1,13.37,54.89,98.8,62.86438042522607,849.9394319795997,True,True,-0.028176325925001855
2026-07-28 02:15:00,AST_0066,SITE_C,SITE_C_B2,23.4,51.68,100.75,1.876322215427101,0.1216884059721671,True,False,0.2968180218076274
2026-07-28 04:00:00,AST_0037,SITE_B,SITE_B_B2,19.57,54.78,101.3,12.839841231012006,9.146,True,False,0.17842717984403156
2026-07-28 04:15:00,AST_0037,SITE_B,SITE_B_B2,20.71,58.26,100.8,21.443682462024015,44.56499845380698,True,False,0.11092043295693077
2026-07-28 04:45:00,AST_0022,SITE_A,SITE_A_B2,26.71,52.42,99.64,34.73977708293466,0.5453443378752675,True,False,0.1667349634760995
2026-07-28 05:15:00,AST_0060,SITE_C,SITE_C_B2,31.2,55.78,98.18,69.84369216994143,65.54047406100942,True,False,0.06733738194969474
2026-07-28 05:45:00,AST_0040,SITE_B,SITE_B_B2,22.99,51.465,101.01,0.983,0.031,True,False,0.27677165382837776
2026-07-28 06:45:00,AST_0022,SITE_A,SITE_A_B2,27.69,53.01,97.75,7.298,0.141,True,False,0.20099852186939532
2026-07-28 08:45:00,AST_0012,SITE_A,SITE_A_B2,13.69,58.26,98.2,13.5,616.996,False,True,-0.00033257689705579185
2026-07-28 09:15:00,AST_0065,SITE_C,SITE_C_B2,29.06,56.28,98.43,57.62989661668954,2.6365821293969542,True,False,0.10519185757167437
2026-07-28 10:30:00,AST_0012,SITE_A,SITE_A_B2,14.54,53.85,99.2,13.669,738.292,False,True,-0.003649951477260549
2026-07-28 11:00:00,AST_0049,SITE_C,SITE_C_B1,27.95,56.05,99.69,29.019775935635334,89.88716921144078,True,False,0.0839362364618852
2026-07-28 11:15:00,AST_0041,SITE_B,SITE_B_B2,28.91,55.66,99.52,39.53426080321739,2.267009933481484,True,False,0.10623770164224944
2026-07-28 11:15:00,AST_0001,SITE_A,SITE_A_B1,12.39,56.79,97.92,12.374,697.97,False,True,-0.012629765160863116
2026-07-28 11:15:00,AST_0056,SITE_C,SITE_C_B2,11.99,55.59,99.26,11.562,653.905,False,True,-0.00779348094722232
2026-07-28 11:15:00,AST_0012,SITE_A,SITE_A_B2,15.32,53.41,97.72,13.438,773.035,False,True,-0.006011436131898584
2026-07-28 11:30:00,AST_0034,SITE_B,SITE_B_B2,11.66,60.83,98.86,10.982,628.672,False,True,-0.004713929261811245
2026-07-28 11:45:00,AST_0012,SITE_A,SITE_A_B2,12.74,53.58,98.64,13.409,770.152,False,True,-0.014243208727239609
2026-07-28 12:45:00,AST_0012,SITE_A,SITE_A_B2,13.73,56.4,98.8,13.564,802.586,False,True,-0.0019248348580120922
2026-07-28 12:45:00,AST_0060,SITE_C,SITE_C_B2,31.48,55.13,98.01,68.93840463203995,239.2168712512857,True,False,0.012540283187233547
2026-07-28 13:00:00,AST_0012,SITE_A,SITE_A_B2,14.67,53.29,98.9,13.692,835.246,False,True,-0.006207045529943778
2026-07-28 13:00:00,AST_0001,SITE_A,SITE_A_B1,12.84,55.66,97.9,12.37,758.112,False,True,-0.023345406399553514
2026-07-28 13:15:00,AST_0012,SITE_A,SITE_A_B2,14.96,55.92,98.89,13.498,839.077,False,True,-0.008610743642457619
2026-07-28 13:30:00,AST_0012,SITE_A,SITE_A_B2,13.75,61.59,98.12,13.699,835.437,False,True,-0.02741091354104297
2026-07-28 13:45:00,AST_0001,SITE_A,SITE_A_B1,12.39,49.34,99.45,12.082,760.831,False,True,-0.016761896021766365
2026-07-28 14:00:00,AST_0012,SITE_A,SITE_A_B2,14.06,53.1,98.43,13.589,844.889,False,True,-0.0005842599324907827
2026-07-28 14:15:00,AST_0056,SITE_C,SITE_C_B2,12.42,53.14,99.34,10.943,698.969,False,True,-0.012342593440026084
2026-07-28 14:30:00,AST_0012,SITE_A,SITE_A_B2,14.44,56.13,98.32,13.729,840.14,False,True,-0.015007189527908582
2026-07-28 15:00:00,AST_0012,SITE_A,SITE_A_B2,14.87,53.55,98.77,13.847,843.038,False,True,-0.007335946487328604
2026-07-28 15:30:00,AST_0012,SITE_A,SITE_A_B2,13.61,52.53,98.27,13.729,841.175,False,True,-0.003960566099973972
2026-07-28 15:30:00,AST_0001,SITE_A,SITE_A_B1,13.35,56.465,99.29,12.373,756.785,False,True,-0.015207903561872183
2026-07-28 15:45:00,AST_0012,SITE_A,SITE_A_B2,13.77,51.52,98.34,13.502,829.705,False,True,-0.0011063671401184694
2026-07-28 15:45:00,AST_0001,SITE_A,SITE_A_B1,13.55,56.56,99.23,12.562,764.311,False,True,-0.006554647915259948
2026-07-28 16:00:00,AST_0001,SITE_A,SITE_A_B1,12.46,57.45,98.5,12.353,739.674,False,True,-0.00916232012311402
2026-07-28 16:15:00,AST_0012,SITE_A,SITE_A_B2,13.72,54.58,98.49,13.851,807.076,False,True,-0.0022458944647629764
2026-07-28 16:30:00,AST_0001,SITE_A,SITE_A_B1,13.48,59.91,99.14,12.392,741.692,False,True,-0.007707821036101126
2026-07-28 16:30:00,AST_0007,SITE_A,SITE_A_B1,24.36,56.71,100.08,3.955,0.031,True,False,0.22249985078210877
2026-07-28 16:45:00,AST_0012,SITE_A,SITE_A_B2,14.37,50.03,98.18,13.605,814.447,False,True,-0.008139076317467464
2026-07-28 16:45:00,AST_0034,SITE_B,SITE_B_B2,12.08,50.55,99.22,11.065,664.017,False,True,-0.004111244002608649
2026-07-28 17:00:00,AST_0015,SITE_A,SITE_A_B2,20.69,48.21,100.55,30.99724759663801,213.80202231509867,True,False,0.05731135867819137
2026-07-28 17:15:00,AST_0010,SITE_A,SITE_A_B1,23.85,52.7,100.28,13.680462514097869,1.0861816977515657,True,False,0.19180717690007143
2026-07-28 17:15:00,AST_0024,SITE_B,SITE_B_B1,24.57,55.77,98.64,62.67725395091124,417.9050279764157,True,False,0.014525027710142968
2026-07-28 17:15:00,AST_0056,SITE_C,SITE_C_B2,11.4,54.33,99.76,11.352,644.448,False,True,-0.006095801592191585
2026-07-28 17:30:00,AST_0001,SITE_A,SITE_A_B1,13.33,55.42,97.99,12.638,701.469,False,True,-0.0035183542105764465
2026-07-28 17:45:00,AST_0012,SITE_A,SITE_A_B2,13.91,55.52,97.65,13.836,775.962,False,True,-0.016106018086283758
2026-07-28 17:45:00,AST_0056,SITE_C,SITE_C_B2,11.45,59.46,99.57,11.384,657.064,False,True,-0.029428776427437575
2026-07-28 18:00:00,AST_0012,SITE_A,SITE_A_B2,13.94,52.57,97.82,13.638,724.863,False,True,-0.0022992659703612306
2026-07-28 18:00:00,AST_0056,SITE_C,SITE_C_B2,13.29,55.78,98.93,11.501,609.781,False,True,-0.009505864086684745
2026-07-28 18:45:00,AST_0012,SITE_A,SITE_A_B2,14.4,56.77,97.94,13.709,737.223,False,True,-0.013654413141274246
2026-07-28 19:00:00,AST_0012,SITE_A,SITE_A_B2,14.46,51.02,96.96,13.875,684.651,False,True,-0.010420310819520773
2026-07-28 19:15:00,AST_0012,SITE_A,SITE_A_B2,14.24,55.06,98.93,13.773,682.838,False,True,-0.0018072870562421128
2026-07-28 19:45:00,AST_0001,SITE_A,SITE_A_B1,13.16,61.71,98.45,12.292,615.383,False,True,-0.005058238047171759
2026-07-28 20:15:00,AST_0023,SITE_B,SITE_B_B1,9.010000000000002,56.07,100.19,26.142074209009937,375.7602767080552,True,False,0.009524877994698144
2026-07-28 20:45:00,AST_0048,SITE_C,SITE_C_B1,20.75,53.45,99.98,34.85609894534659,63.318533907517626,True,False,0.11679368304673443
2026-07-28 20:45:00,AST_0009,SITE_A,SITE_A_B1,28.77,52.89,98.52,50.60506762146517,0.8337909298092933,True,False,0.14326488991664355
2026-07-28 21:15:00,AST_0005,SITE_A,SITE_A_B1,25.61,50.95,100.47,27.917246978861453,24.504439380395286,True,False,0.15878261325900156
2026-07-29 01:15:00,AST_0034,SITE_B,SITE_B_B2,13.0,48.55,99.07,54.494263803846415,767.6645486084178,True,True,-0.014017567007872711
2026-07-29 03:15:00,AST_0062,SITE_C,SITE_C_B2,22.08,55.41,100.49,0.938,0.022,True,False,0.26579458865090383
2026-07-29 05:45:00,AST_0025,SITE_B,SITE_B_B1,20.21,55.3,100.08,6.049,12.831,True,False,0.24697033495897192
2026-07-29 06:15:00,AST_0029,SITE_B,SITE_B_B1,27.93,56.6,98.8,10.165,0.021,True,False,0.22343970969165083
2026-07-29 06:30:00,AST_0012,SITE_A,SITE_A_B2,14.32,55.98,98.56,70.18254281261964,981.398966253532,True,True,-0.038990525071095794
2026-07-29 06:45:00,AST_0003,SITE_A,SITE_A_B1,18.34,57.95,101.58,11.106209124199232,25.01823487227777,True,False,0.14104956725006312
2026-07-29 08:00:00,AST_0029,SITE_B,SITE_B_B1,28.25,51.46,98.55,9.686,0.021,True,False,0.21650681716467818
2026-07-29 08:30:00,AST_0012,SITE_A,SITE_A_B2,14.53,59.65,97.72,13.641,629.587,False,True,-0.00904737495475827
2026-07-29 08:45:00,AST_0056,SITE_C,SITE_C_B2,13.35,58.77,99.25,11.663,523.142,False,True,-0.00027368701679897356
2026-07-29 09:30:00,AST_0012,SITE_A,SITE_A_B2,13.76,54.54,98.42,13.882,693.772,False,True,-0.0013524055475260255
2026-07-29 10:00:00,AST_0012,SITE_A,SITE_A_B2,14.3,54.02,98.19,14.117,745.251,False,True,-0.0031351340872466382
2026-07-29 10:15:00,AST_0012,SITE_A,SITE_A_B2,14.65,57.83,98.26,13.909,749.032,False,True,-0.011731137305978412
2026-07-29 10:15:00,AST_0001,SITE_A,SITE_A_B1,12.92,60.83,99.56,12.709,684.465,False,True,-0.003735555082319264
2026-07-29 10:30:00,AST_0012,SITE_A,SITE_A_B2,14.83,57.67,98.6,13.709,739.325,False,True,-0.00523494685305026
2026-07-29 10:45:00,AST_0006,SITE_A,SITE_A_B1,25.94,55.13,100.7,28.458396512690832,86.5520054922036,True,False,0.08954646695361668
2026-07-29 10:45:00,AST_0012,SITE_A,SITE_A_B2,13.26,58.14,98.63,13.937,739.779,False,True,-0.0034522411501051176
2026-07-29 11:00:00,AST_0012,SITE_A,SITE_A_B2,14.23,56.5,97.85,14.037,797.38,False,True,-0.024841418891092926
2026-07-29 11:15:00,AST_0001,SITE_A,SITE_A_B1,13.84,53.31,99.08,12.67,722.216,False,True,-0.0012923930538530914
2026-07-29 11:30:00,AST_0021,SITE_A,SITE_A_B2,26.805,56.27,98.77,33.49058143007619,2.131800593512409,True,False,0.12029642683404129
2026-07-29 11:30:00,AST_0012,SITE_A,SITE_A_B2,14.62,56.24,98.34,13.977,797.598,False,True,-0.023311057325355877
2026-07-29 11:30:00,AST_0034,SITE_B,SITE_B_B2,12.87,55.83,98.58,10.86,641.415,False,True,-0.00847901924663741
2026-07-29 11:45:00,AST_0012,SITE_A,SITE_A_B2,14.25,54.67,98.36,13.933,797.321,False,True,-0.005874068921285169
2026-07-29 12:00:00,AST_0029,SITE_B,SITE_B_B1,27.66,53.23,99.22,10.043500000000002,0.028,True,False,0.22235438111985234
2026-07-29 12:00:00,AST_0050,SITE_C,SITE_C_B1,29.75,54.33,99.78,46.59449210439322,155.2338432184945,True,False,0.05694337676407768
2026-07-29 12:00:00,AST_0001,SITE_A,SITE_A_B1,13.14,58.49,99.01,12.929,755.873,False,True,-0.005083126670091254
2026-07-29 12:15:00,AST_0012,SITE_A,SITE_A_B2,14.29,54.65,99.41,13.982,823.493,False,True,-0.007674849463164879
2026-07-29 12:15:00,AST_0001,SITE_A,SITE_A_B1,13.97,57.33,98.63,12.937,750.404,False,True,-0.006814042741529414
2026-07-29 12:30:00,AST_0012,SITE_A,SITE_A_B2,12.9,57.54,98.67,14.086,827.07,False,True,-0.013762874660674718
2026-07-29 12:30:00,AST_0001,SITE_A,SITE_A_B1,12.56,54.01,99.71,12.531,756.448,False,True,-0.0014911825018102398
2026-07-29 12:45:00,AST_0001,SITE_A,SITE_A_B1,12.51,57.18,98.41,12.862,749.657,False,True,-0.005727351801968261
2026-07-29 13:00:00,AST_0001,SITE_A,SITE_A_B1,12.39,54.97,98.9,12.846,767.448,False,True,-0.007121692154893555
2026-07-29 13:00:00,AST_0012,SITE_A,SITE_A_B2,13.85,51.66,97.79,13.918,852.945,False,True,-0.008731529457823961
2026-07-29 13:00:00,AST_0056,SITE_C,SITE_C_B2,12.99,51.89,98.61,11.711,710.603,False,True,-0.007305365094487426
2026-07-29 13:00:00,AST_0034,SITE_B,SITE_B_B2,11.96,57.13,98.73,11.235,669.193,False,True,-0.010951183263123498
2026-07-29 13:15:00,AST_0012,SITE_A,SITE_A_B2,14.79,58.46,98.15,13.834,849.967,False,True,-0.021144793409594853
2026-07-29 13:15:00,AST_0034,SITE_B,SITE_B_B2,12.41,61.93,99.21,11.097,683.366,False,True,-0.008810346757837206
2026-07-29 13:15:00,AST_0056,SITE_C,SITE_C_B2,12.33,61.97,99.1,11.877,707.266,False,True,-0.01579222930761215
2026-07-29 13:30:00,AST_0034,SITE_B,SITE_B_B2,12.14,58.87,98.66,11.071,681.624,False,True,-0.0026584405501210995
2026-07-29 13:30:00,AST_0012,SITE_A,SITE_A_B2,14.82,56.58,98.83,13.915,848.202,False,True,-0.01957027846976722
2026-07-29 13:45:00,AST_0012,SITE_A,SITE_A_B2,15.82,53.97,98.23,14.017,850.565,False,True,-0.006944801201307138
2026-07-29 13:45:00,AST_0056,SITE_C,SITE_C_B2,11.5,63.57,99.02,11.416,700.405,False,True,-0.022617679384162814
2026-07-29 14:00:00,AST_0056,SITE_C,SITE_C_B2,12.08,61.35,99.2,11.57,710.044,False,True,-0.02155481858686714
2026-07-29 14:15:00,AST_0012,SITE_A,SITE_A_B2,14.77,52.29,98.95,13.945,851.879,False,True,-0.014256487185179578
2026-07-29 14:15:00,AST_0001,SITE_A,SITE_A_B1,13.04,50.22,97.6,12.632,781.696,False,True,-0.00804507347813932
2026-07-29 14:45:00,AST_0034,SITE_B,SITE_B_B2,12.6,55.65,99.59,11.447,686.914,False,True,-0.021129455197595792
2026-07-29 15:00:00,AST_0012,SITE_A,SITE_A_B2,14.55,58.96,98.84,14.025,841.196,False,True,-0.015927558297239575
2026-07-29 15:15:00,AST_0063,SITE_C,SITE_C_B2,30.17,56.17,98.2,55.16690761692405,3.082772951294901,True,False,0.09289259218075197
2026-07-29 15:15:00,AST_0012,SITE_A,SITE_A_B2,14.17,52.88,98.27,14.064,853.68,False,True,-0.007714509587380958
2026-07-29 15:30:00,AST_0034,SITE_B,SITE_B_B2,11.0,59.38,98.895,11.175,694.857,False,True,-0.0045984930294782345
2026-07-29 15:30:00,AST_0012,SITE_A,SITE_A_B2,15.47,53.06,98.78,13.92,846.906,False,True,-0.011529220722802047
2026-07-29 15:45:00,AST_0012,SITE_A,SITE_A_B2,14.75,53.99,98.58,14.244,857.044,False,True,-0.0037461154752539416
2026-07-29 15:45:00,AST_0034,SITE_B,SITE_B_B2,12.5,61.04,98.82,11.161,682.435,False,True,-0.0040575213363709395
2026-07-29 16:00:00,AST_0012,SITE_A,SITE_A_B2,14.05,55.28,98.07,13.673,817.959,False,True,-0.012435581465114809
2026-07-29 16:00:00,AST_0038,SITE_B,SITE_B_B2,25.5,47.11,101.33,17.1094287191102,58.60423492059589,True,False,0.12633900927321928
2026-07-29 16:15:00,AST_0012,SITE_A,SITE_A_B2,13.3,52.04,98.02,14.359,847.542,False,True,-0.005514924321259884
2026-07-29 16:30:00,AST_0001,SITE_A,SITE_A_B1,14.47,57.76,98.95,12.75,754.471,False,True,-0.003611083489634015
2026-07-29 16:30:00,AST_0012,SITE_A,SITE_A_B2,14.4,56.47,98.36,14.154,834.028,False,True,-0.027535621247822384
2026-07-29 16:45:00,AST_0012,SITE_A,SITE_A_B2,14.21,50.06,98.55,14.06,838.421,False,True,-0.0043626148891317
2026-07-29 17:00:00,AST_0012,SITE_A,SITE_A_B2,13.83,57.35,98.54,14.186,795.114,False,True,-0.007448332847961425
2026-07-29 17:15:00,AST_0012,SITE_A,SITE_A_B2,14.37,54.72,98.77,14.201,799.099,False,True,-0.0037218915908476813
2026-07-29 17:15:00,AST_0001,SITE_A,SITE_A_B1,11.9,57.95,98.96,12.583,726.176,False,True,-0.011258478679016748
2026-07-29 17:30:00,AST_0012,SITE_A,SITE_A_B2,14.53,50.33,98.07,14.075,807.251,False,True,-0.0009114179737608197
2026-07-29 17:45:00,AST_0012,SITE_A,SITE_A_B2,13.42,56.37,98.2,13.825,796.575,False,True,-0.015307067265986296
2026-07-29 18:00:00,AST_0012,SITE_A,SITE_A_B2,15.18,62.33,97.89,13.839,754.004,False,True,-0.026330723861986982
2026-07-29 18:15:00,AST_0012,SITE_A,SITE_A_B2,15.04,55.63,98.55,14.07,744.646,False,True,-0.005539845927011511
2026-07-29 18:30:00,AST_0012,SITE_A,SITE_A_B2,13.65,56.41,98.74,13.708,754.193,False,True,-0.0032561698222248747
2026-07-29 18:30:00,AST_0001,SITE_A,SITE_A_B1,12.81,57.96,99.35,12.752,684.566,False,True,-0.00225312928593846
2026-07-29 18:45:00,AST_0012,SITE_A,SITE_A_B2,14.33,54.2,98.26,13.917,754.944,False,True,-0.0045420108671443415
2026-07-29 18:45:00,AST_0046,SITE_C,SITE_C_B1,22.74,55.27,97.75,9.753,70.079,True,False,0.1305329756281809
2026-07-29 19:00:00,AST_0001,SITE_A,SITE_A_B1,14.07,58.01,98.37,12.66,625.272,False,True,-0.011308217759262384
2026-07-29 19:00:00,AST_0012,SITE_A,SITE_A_B2,14.31,58.79,97.85,14.0515,693.477,False,True,-0.014205389538422986
2026-07-29 19:15:00,AST_0053,SITE_C,SITE_C_B1,29.31,59.99,98.59,50.402768730314,2.3210936694691138,True,False,0.07720709288518535
2026-07-29 19:30:00,AST_0065,SITE_C,SITE_C_B2,31.04,53.4,98.45,60.55817306610273,2.5103867454258184,True,False,0.10602240950072006
2026-07-29 19:45:00,AST_0012,SITE_A,SITE_A_B2,14.01,60.55,98.62,14.067,688.453,False,True,-0.014499070987926577
2026-07-29 19:45:00,AST_0056,SITE_C,SITE_C_B2,12.77,61.71,99.27,11.401,590.509,False,True,-0.00919700757352826
2026-07-29 22:45:00,AST_0010,SITE_A,SITE_A_B1,22.65,58.07,100.27,14.509887967817669,0.2794326359360874,True,False,0.16906706973893237
2026-07-29 23:00:00,AST_0027,SITE_B,SITE_B_B1,25.39,51.95,101.62,22.622073502979585,22.12926197493854,True,False,0.12169932806528327
2026-07-29 23:45:00,AST_0049,SITE_C,SITE_C_B1,26.68,54.17,100.88,29.535638108070813,26.023290966047888,True,False,0.13837440487730512
2026-07-30 00:30:00,AST_0035,SITE_B,SITE_B_B2,20.89,54.25,99.77,34.05701832529947,63.57543165345887,True,False,0.12046380683268287
2026-07-30 01:00:00,AST_0032,SITE_B,SITE_B_B1,30.0,59.11,98.18,61.22575940690159,0.1975,True,False,0.0962377350263588
2026-07-30 01:30:00,AST_0054,SITE_C,SITE_C_B1,28.23,48.34,99.07,42.02759463665557,0.7932281278185709,True,False,0.1634402168130249
2026-07-30 02:00:00,AST_0040,SITE_B,SITE_B_B2,22.42,55.86,101.25,0.905,0.035,True,False,0.24999053113168046
2026-07-30 02:00:00,AST_0043,SITE_B,SITE_B_B2,27.99,57.63,99.74,39.83265166766537,0.5273164258793909,True,False,0.13637115257529708
2026-07-30 04:30:00,AST_0066,SITE_C,SITE_C_B2,23.19,52.99,101.54,2.255632636335545,0.1171814279731979,True,False,0.2607562261069799
2026-07-30 09:00:00,AST_0012,SITE_A,SITE_A_B2,15.08,53.78,98.745,14.136,703.19,False,True,-0.007312545459893349
2026-07-30 09:30:00,AST_0012,SITE_A,SITE_A_B2,15.09,59.07,98.28,14.264,695.528,False,True,-0.006517295124343181
2026-07-30 09:45:00,AST_0012,SITE_A,SITE_A_B2,14.27,58.12,98.28,14.173,700.678,False,True,-0.00658503558057677
2026-07-30 10:30:00,AST_0012,SITE_A,SITE_A_B2,14.03,58.47,98.61,14.273,756.261,False,True,-0.009111301077655454
2026-07-30 10:30:00,AST_0001,SITE_A,SITE_A_B1,13.99,60.18,98.56,12.808,688.749,False,True,-0.01626128586023423
2026-07-30 10:45:00,AST_0012,SITE_A,SITE_A_B2,14.83,57.49,97.83,14.501,762.536,False,True,-0.016189654464205727
2026-07-30 11:00:00,AST_0012,SITE_A,SITE_A_B2,14.82,59.38,99.38,13.825,794.608,False,True,-0.007893798299098642
2026-07-30 11:00:00,AST_0034,SITE_B,SITE_B_B2,12.68,58.21,99.45,11.265,640.098,False,True,-0.022895681632226772
2026-07-30 11:15:00,AST_0012,SITE_A,SITE_A_B2,13.86,51.91,97.76,14.173,803.605,False,True,-0.004250751617729143
2026-07-30 11:30:00,AST_0012,SITE_A,SITE_A_B2,14.88,59.22,98.05,14.193,805.373,False,True,-0.029048810965878524
2026-07-30 11:45:00,AST_0028,SITE_B,SITE_B_B1,26.0,53.07,100.55,20.305751199298683,60.88025881007531,True,False,0.11436831586424712
2026-07-30 12:00:00,AST_0012,SITE_A,SITE_A_B2,14.65,53.27,98.99,14.568,834.62,False,True,-0.0014670741229213524
2026-07-30 12:15:00,AST_0012,SITE_A,SITE_A_B2,14.95,54.05,98.42,14.539,847.173,False,True,-0.0037873751954848878
2026-07-30 12:15:00,AST_0001,SITE_A,SITE_A_B1,12.84,58.67,98.52,12.878,774.14,False,True,-0.023282557288481165
2026-07-30 12:15:00,AST_0034,SITE_B,SITE_B_B2,13.5,60.21,98.28,11.268,676.227,False,True,-0.01832224981669639
2026-07-30 12:30:00,AST_0056,SITE_C,SITE_C_B2,13.0,59.72,98.9,11.769,700.796,False,True,-0.0022900207234314296
2026-07-30 12:30:00,AST_0012,SITE_A,SITE_A_B2,13.4,59.48,98.65,14.652,841.42,False,True,-0.01437438112657663
2026-07-30 12:45:00,AST_0012,SITE_A,SITE_A_B2,13.68,53.18,97.66,14.184,844.287,False,True,-0.010958830227717598
2026-07-30 13:00:00,AST_0012,SITE_A,SITE_A_B2,13.07,52.43,98.44,14.398,865.764,False,True,-0.0011866154176917165
2026-07-30 13:15:00,AST_0012,SITE_A,SITE_A_B2,14.24,55.13,98.41,14.452,860.184,False,True,-0.016440722414158282
2026-07-30 13:30:00,AST_0001,SITE_A,SITE_A_B1,14.45,52.89,98.09,12.899,796.425,False,True,-0.007500415615424583
2026-07-30 13:30:00,AST_0012,SITE_A,SITE_A_B2,14.379999999999999,60.55,98.59,14.268,876.55,False,True,-0.023621448157533198
2026-07-30 13:45:00,AST_0012,SITE_A,SITE_A_B2,14.52,56.85,98.07,14.487,869.194,False,True,-0.04271583157666281
2026-07-30 13:45:00,AST_0001,SITE_A,SITE_A_B1,12.49,57.08,98.11,13.026,787.429,False,True,-0.014034017975668944
2026-07-30 13:45:00,AST_0056,SITE_C,SITE_C_B2,13.13,59.35,99.0,11.953,728.698,False,True,-0.003822711773721843
2026-07-30 14:00:00,AST_0012,SITE_A,SITE_A_B2,14.32,55.42,97.98,14.254999999999999,872.37,False,True,-0.028203258386852892
2026-07-30 14:15:00,AST_0016,SITE_A,SITE_A_B2,28.72,54.73,99.46,49.224377689358434,168.94407029135868,True,False,0.05632948751772404
2026-07-30 14:15:00,AST_0001,SITE_A,SITE_A_B1,12.9,56.27,98.95,12.922,795.036,False,True,-0.023211017186893335
2026-07-30 14:15:00,AST_0012,SITE_A,SITE_A_B2,14.23,57.86,98.53,14.023,869.005,False,True,-0.02436583359778033
2026-07-30 14:30:00,AST_0001,SITE_A,SITE_A_B1,13.83,58.02,98.55,12.926,794.519,False,True,-0.006064006283085122
2026-07-30 14:45:00,AST_0034,SITE_B,SITE_B_B2,13.48,60.02,99.24,11.225,696.652,False,True,-0.01327664439058307
2026-07-30 14:45:00,AST_0001,SITE_A,SITE_A_B1,13.44,53.52,99.24,13.036,797.749,False,True,-0.0021622443776114775
2026-07-30 14:45:00,AST_0056,SITE_C,SITE_C_B2,13.43,55.48,98.93,11.983,725.8,False,True,-0.0034052266089149574
2026-07-30 14:45:00,AST_0012,SITE_A,SITE_A_B2,13.8,55.49,98.28,14.083,879.546,False,True,-0.024148766814264477
2026-07-30 15:00:00,AST_0012,SITE_A,SITE_A_B2,15.29,57.13,98.01,14.145,875.241,False,True,-0.019734768816244475
2026-07-30 15:15:00,AST_0012,SITE_A,SITE_A_B2,13.45,58.57,98.04,14.376,856.477,False,True,-0.021449494606201047
2026-07-30 15:15:00,AST_0001,SITE_A,SITE_A_B1,13.38,64.04,99.09,13.326,787.888,False,True,-0.03403888895612395
2026-07-30 15:30:00,AST_0012,SITE_A,SITE_A_B2,15.23,54.39,97.88,14.605,877.5,False,True,-0.01142740262783326
2026-07-30 15:45:00,AST_0012,SITE_A,SITE_A_B2,14.05,52.86,98.65,14.298,879.78,False,True,-0.002510329451635429
2026-07-30 15:45:00,AST_0034,SITE_B,SITE_B_B2,12.47,57.09,99.6,11.538,706.339,False,True,-0.009236858168714779
2026-07-30 15:45:00,AST_0001,SITE_A,SITE_A_B1,12.47,54.53,97.95,12.892,788.983,False,True,-0.009852436880100068
2026-07-30 16:00:00,AST_0034,SITE_B,SITE_B_B2,11.46,52.02,99.19,11.219,674.014,False,True,-0.0041129580226278994
2026-07-30 16:00:00,AST_0001,SITE_A,SITE_A_B1,14.13,61.42,98.82,12.839,770.591,False,True,-0.025107594602160832
2026-07-30 16:00:00,AST_0012,SITE_A,SITE_A_B2,13.56,55.68,98.74,14.239,847.686,False,True,-0.015826057311775
2026-07-30 16:15:00,AST_0012,SITE_A,SITE_A_B2,14.45,54.07,97.67,14.43,846.238,False,True,-0.01565803380372066
2026-07-30 16:30:00,AST_0034,SITE_B,SITE_B_B2,11.73,53.73,99.21,11.361,680.559,False,True,-0.0036264924294063805
2026-07-30 16:30:00,AST_0012,SITE_A,SITE_A_B2,14.35,55.73,98.29,14.361,847.471,False,True,-0.014656532406580602
2026-07-30 16:45:00,AST_0034,SITE_B,SITE_B_B2,13.12,57.72,99.42,11.523,677.381,False,True,-0.011034841163615083
2026-07-30 16:45:00,AST_0056,SITE_C,SITE_C_B2,13.58,58.17,98.54,11.635,708.93,False,True,-0.0024611227954773884
2026-07-30 16:45:00,AST_0012,SITE_A,SITE_A_B2,14.77,52.01,98.37,14.197,851.741,False,True,-0.002506241466319392
2026-07-30 17:00:00,AST_0001,SITE_A,SITE_A_B1,12.76,56.2,97.81,13.071,736.89,False,True,-0.01102152192401007
2026-07-30 17:00:00,AST_0012,SITE_A,SITE_A_B2,12.93,60.07,98.21,14.299,788.883,False,True,-0.024138792161847222
2026-07-30 17:15:00,AST_0012,SITE_A,SITE_A_B2,14.39,54.34,98.26,14.175,804.181,False,True,-0.007634325664399144
2026-07-30 17:30:00,AST_0034,SITE_B,SITE_B_B2,13.28,53.04,98.16,11.506,648.645,False,True,-0.005742167557632016
2026-07-30 17:30:00,AST_0012,SITE_A,SITE_A_B2,13.89,52.47,98.37,14.224,807.737,False,True,-0.008905547153275961
2026-07-30 17:30:00,AST_0001,SITE_A,SITE_A_B1,13.81,55.68,98.61,12.94,744.165,False,True,-0.012349936207609713
2026-07-30 17:45:00,AST_0012,SITE_A,SITE_A_B2,14.4,51.0,97.97,14.087,817.721,False,True,-0.002719332327041024
2026-07-30 18:00:00,AST_0012,SITE_A,SITE_A_B2,14.81,53.85,98.19,14.254,754.705,False,True,-0.007179436840141884
2026-07-30 18:15:00,AST_0012,SITE_A,SITE_A_B2,15.04,56.99,98.48,14.437,765.931,False,True,-0.007907136976120888
2026-07-30 18:30:00,AST_0058,SITE_C,SITE_C_B2,23.97,55.11,98.65,57.18989652843575,354.83888483684035,True,False,0.01655783402768718
2026-07-30 18:30:00,AST_0012,SITE_A,SITE_A_B2,14.46,56.61,98.16,14.217,776.542,False,True,-0.016520081095589778
2026-07-30 19:00:00,AST_0017,SITE_A,SITE_A_B2,26.08,45.25,100.48,23.50713115176595,62.241366165764,True,False,0.12051112389710517
2026-07-30 19:00:00,AST_0012,SITE_A,SITE_A_B2,15.18,59.24,98.8,14.609,700.873,False,True,-0.015429955551394148
2026-07-30 19:30:00,AST_0034,SITE_B,SITE_B_B2,13.13,55.24,98.39,11.615,565.652,False,True,-0.0013983573073812483
2026-07-30 19:30:00,AST_0007,SITE_A,SITE_A_B1,25.29,52.4,100.62,21.165521486691155,0.0585907139865989,True,False,0.1410068362145831
2026-07-30 19:45:00,AST_0012,SITE_A,SITE_A_B2,14.55,55.93,98.24,14.346,707.913,False,True,-5.314697361646914e-05
2026-07-30 20:30:00,AST_0064,SITE_C,SITE_C_B2,23.19,55.8,101.02,6.104369040486554,0.2208419219494884,True,False,0.24625663856083202
2026-07-30 21:30:00,AST_0008,SITE_A,SITE_A_B1,30.09,59.69,98.44,60.01702353227336,0.7932281278185709,True,False,0.09198905612727748
2026-07-30 21:30:00,AST_0066,SITE_C,SITE_C_B2,23.12,53.15,101.22,2.114023412529726,0.031548845992784,True,False,0.27665326001070606
2026-07-31 00:00:00,AST_0049,SITE_C,SITE_C_B1,28.06,54.32,100.58,30.21333939342724,25.351751244201484,True,False,0.13183922825801675
2026-07-31 00:45:00,AST_0005,SITE_A,SITE_A_B1,25.87,54.1,100.33,29.889661167585363,24.864997620312817,True,False,0.14561994149482105
2026-07-31 01:30:00,AST_0062,SITE_C,SITE_C_B2,23.68,52.1,101.39,1.058,0.028,True,False,0.27354089461482367
2026-07-31 05:45:00,AST_0060,SITE_C,SITE_C_B2,32.07,56.69,97.72,75.22990014684133,68.24916783838988,True,False,0.0462531309953399
2026-07-31 06:00:00,AST_0012,SITE_A,SITE_A_B2,13.55,53.5,97.88,73.61150901763197,1016.8733900834184,True,True,-0.041387316651641526
2026-07-31 06:15:00,AST_0018,SITE_A,SITE_A_B2,21.9,52.85,101.46,0.602,0.034,True,False,0.2619374618957212
2026-07-31 08:15:00,AST_0012,SITE_A,SITE_A_B2,14.93,62.74,98.37,14.432,656.891,False,True,-0.006974858435642051
2026-07-31 08:30:00,AST_0036,SITE_B,SITE_B_B2,25.45,54.04,98.44,66.33886388074741,349.5386787100527,True,False,0.01984456057432893
2026-07-31 08:45:00,AST_0025,SITE_B,SITE_B_B1,20.96,54.4,100.47,28.392649373066703,171.56262450875977,True,False,0.07392807567649373
2026-07-31 09:00:00,AST_0012,SITE_A,SITE_A_B2,12.76,55.08,98.47,14.358,724.377,False,True,-0.0005848308645671763
2026-07-31 09:00:00,AST_0045,SITE_C,SITE_C_B1,8.02,59.27,100.33,20.60414206374666,959.9187091104452,True,True,-0.043571072825640544
2026-07-31 09:15:00,AST_0056,SITE_C,SITE_C_B2,12.82,60.21,98.22,12.184,599.735,False,True,-0.007505559371636328
2026-07-31 09:30:00,AST_0066,SITE_C,SITE_C_B2,23.59,58.73,101.69,1.947126827330011,0.5092885138835143,True,False,0.13084634641577875
2026-07-31 09:30:00,AST_0012,SITE_A,SITE_A_B2,14.1,58.41,98.21,14.63,714.279,False,True,-0.00846318948536584
2026-07-31 09:30:00,AST_0001,SITE_A,SITE_A_B1,14.69,58.84,97.98,13.003,643.951,False,True,-0.003117936734190696
2026-07-31 09:45:00,AST_0012,SITE_A,SITE_A_B2,14.25,57.49,98.51,14.618,713.835,False,True,-0.004549640460643878
2026-07-31 10:00:00,AST_0012,SITE_A,SITE_A_B2,15.87,55.6,98.37,14.647,777.506,False,True,-0.006227425978789891
2026-07-31 10:15:00,AST_0012,SITE_A,SITE_A_B2,15.01,54.95,98.27,14.547,779.022,False,True,-0.007530838795339556
2026-07-31 10:30:00,AST_0054,SITE_C,SITE_C_B1,28.9,50.45,99.16,44.38437671856669,2.131800593512409,True,False,0.11700375418278797
2026-07-31 10:30:00,AST_0012,SITE_A,SITE_A_B2,14.51,53.5,97.94,14.523,777.978,False,True,-0.022792954899296003
2026-07-31 10:45:00,AST_0012,SITE_A,SITE_A_B2,14.64,58.56,98.45,14.462,768.456,False,True,-0.006239549767021568
2026-07-31 11:00:00,AST_0012,SITE_A,SITE_A_B2,14.09,57.36,98.37,14.454,809.883,False,True,-0.012129168706792814
2026-07-31 11:15:00,AST_0025,SITE_B,SITE_B_B1,20.53,56.88,100.44,29.070350658423127,206.34748070480367,True,False,0.055004700694472275
2026-07-31 11:15:00,AST_0001,SITE_A,SITE_A_B1,14.05,59.18,99.01,13.38,752.004,False,True,-0.009363951729056463
2026-07-31 11:15:00,AST_0015,SITE_A,SITE_A_B2,20.235,56.07,100.22,31.45242010172815,221.4819128253421,True,False,0.05787991149724281
2026-07-31 11:15:00,AST_0012,SITE_A,SITE_A_B2,15.33,48.28,97.92,14.379,825.296,False,True,-0.0032014923075426305
2026-07-31 11:30:00,AST_0001,SITE_A,SITE_A_B1,14.17,51.0,98.57,13.261,757.684,False,True,-0.0072168870023765486
2026-07-31 11:30:00,AST_0012,SITE_A,SITE_A_B2,14.04,55.28,98.52,14.739,830.129,False,True,-0.015265682566396044
2026-07-31 11:45:00,AST_0012,SITE_A,SITE_A_B2,13.84,53.74,97.95,14.235,816.562,False,True,-0.006048080303274195
2026-07-31 11:45:00,AST_0001,SITE_A,SITE_A_B1,13.56,57.96,98.31,13.291,748.8,False,True,-0.00905476494266444
2026-07-31 12:00:00,AST_0012,SITE_A,SITE_A_B2,13.64,58.8,98.13,14.46,853.111,False,True,-0.024301666017150225
2026-07-31 12:15:00,AST_0001,SITE_A,SITE_A_B1,14.3,54.96,99.29,13.39,779.902,False,True,-0.006043027700424419
2026-07-31 12:15:00,AST_0012,SITE_A,SITE_A_B2,14.69,61.64,98.28,14.434,851.713,False,True,-0.02352150630951444
2026-07-31 12:30:00,AST_0034,SITE_B,SITE_B_B2,12.62,55.5,98.75,11.826,683.994,False,True,-9.999859933795818e-05
2026-07-31 12:30:00,AST_0012,SITE_A,SITE_A_B2,14.13,57.48,98.59,14.477,860.437,False,True,-0.006920947362742846
2026-07-31 12:45:00,AST_0001,SITE_A,SITE_A_B1,13.71,58.85,98.2,13.323,784.716,False,True,-0.018620461083544537
2026-07-31 12:45:00,AST_0012,SITE_A,SITE_A_B2,14.03,60.35,98.54,14.617,869.73,False,True,-0.02182879128477333
2026-07-31 13:00:00,AST_0047,SITE_C,SITE_C_B1,22.62,51.9,99.37,44.71311241668734,323.1953923060779,True,False,0.043421875872908355
2026-07-31 13:00:00,AST_0012,SITE_A,SITE_A_B2,13.41,53.51,98.84,14.592,891.029,False,True,-0.0038374454012004566
2026-07-31 13:00:00,AST_0056,SITE_C,SITE_C_B2,12.53,56.77,97.92,12.09,746.516,False,True,-0.029823558877148493
2026-07-31 13:15:00,AST_0012,SITE_A,SITE_A_B2,13.37,54.06,98.53,14.428,878.778,False,True,-0.00691772415343106
2026-07-31 13:15:00,AST_0001,SITE_A,SITE_A_B1,14.29,58.61,98.77,13.159,804.757,False,True,-0.008322983398543538
2026-07-31 13:30:00,AST_0012,SITE_A,SITE_A_B2,14.42,58.59,98.41,14.582,888.425,False,True,-0.02097314058088451
2026-07-31 13:45:00,AST_0012,SITE_A,SITE_A_B2,15.41,56.15,98.99,14.532,882.481,False,True,-0.011182468320692696
2026-07-31 13:45:00,AST_0001,SITE_A,SITE_A_B1,13.28,55.28,98.25,13.37,797.544,False,True,-0.0056940803888426705
2026-07-31 14:00:00,AST_0001,SITE_A,SITE_A_B1,13.68,58.66,98.35,13.102,810.539,False,True,-0.015443814986202842
2026-07-31 14:00:00,AST_0012,SITE_A,SITE_A_B2,15.17,59.08,98.2,14.499,897.051,False,True,-0.02780741159745148
2026-07-31 14:00:00,AST_0056,SITE_C,SITE_C_B2,12.57,59.45,99.38,12.06,736.432,False,True,-0.004949538445955692
2026-07-31 14:00:00,AST_0034,SITE_B,SITE_B_B2,11.63,57.5,99.3,11.645,716.296,False,True,-0.009877012025867549
2026-07-31 14:15:00,AST_0012,SITE_A,SITE_A_B2,14.62,57.815,98.59,14.605,884.96,False,True,-0.014761035669213607
2026-07-31 14:15:00,AST_0056,SITE_C,SITE_C_B2,13.47,55.23,98.5,12.15,738.178,False,True,-0.0003412951719983237
2026-07-31 14:30:00,AST_0012,SITE_A,SITE_A_B2,14.64,56.55,98.37,14.638,892.101,False,True,-0.018775228135484823
2026-07-31 14:45:00,AST_0012,SITE_A,SITE_A_B2,14.03,51.38,98.23,14.542,884.712,False,True,-0.004516231406750948
2026-07-31 15:00:00,AST_0001,SITE_A,SITE_A_B1,13.36,56.61,98.2,13.236,799.45,False,True,-0.02410771216829366
2026-07-31 15:00:00,AST_0012,SITE_A,SITE_A_B2,15.0,50.81,98.34,14.796,889.962,False,True,-0.017651793773617586
2026-07-31 15:15:00,AST_0012,SITE_A,SITE_A_B2,14.47,55.76,99.01,14.625,880.263,False,True,-0.009152763879730408
2026-07-31 15:15:00,AST_0029,SITE_B,SITE_B_B1,28.82,55.89,98.36,10.871,0.033,True,False,0.17981573292310227
2026-07-31 15:30:00,AST_0012,SITE_A,SITE_A_B2,15.56,60.77,98.01,14.555,894.532,False,True,-0.03068163063687024
2026-07-31 15:45:00,AST_0012,SITE_A,SITE_A_B2,14.24,55.19,98.28,14.582,879.414,False,True,-0.04128188607908001
2026-07-31 15:45:00,AST_0030,SITE_B,SITE_B_B1,29.69,54.29,98.26,11.77,0.684,True,False,0.16305528045743345
2026-07-31 16:00:00,AST_0012,SITE_A,SITE_A_B2,14.6,54.84,98.05,14.398,859.596,False,True,-0.018355582746472088
2026-07-31 16:15:00,AST_0001,SITE_A,SITE_A_B1,12.52,56.04,98.79,13.319,786.031,False,True,-0.012838961284835526
2026-07-31 16:15:00,AST_0012,SITE_A,SITE_A_B2,14.48,55.72,98.13,14.814,862.16,False,True,-0.02916064985868627
2026-07-31 16:30:00,AST_0056,SITE_C,SITE_C_B2,12.58,57.51,98.41,12.113,720.207,False,True,-0.01727748706567911
2026-07-31 16:30:00,AST_0012,SITE_A,SITE_A_B2,14.83,54.45,98.26,14.485,856.792,False,True,-0.019590138036125082
2026-07-31 16:45:00,AST_0001,SITE_A,SITE_A_B1,13.78,54.44,98.39,13.574,780.923,False,True,-0.002359532418885646
2026-07-31 16:45:00,AST_0012,SITE_A,SITE_A_B2,15.05,55.99,98.07,14.764,862.839,False,True,-0.028556232862001263
2026-07-31 17:00:00,AST_0012,SITE_A,SITE_A_B2,14.66,58.95,98.28,14.837,819.669,False,True,-0.01896865153717553
2026-07-31 17:15:00,AST_0012,SITE_A,SITE_A_B2,14.09,56.84,98.85,14.779,833.072,False,True,-0.005499283022228463
2026-07-31 17:15:00,AST_0001,SITE_A,SITE_A_B1,13.69,50.29,98.47,13.455,754.787,False,True,-0.014132305748198681
2026-07-31 17:30:00,AST_0012,SITE_A,SITE_A_B2,14.83,52.13,98.2,14.56,832.382,False,True,-0.0016439211532894848
2026-07-31 17:30:00,AST_0034,SITE_B,SITE_B_B2,12.5,53.01,98.12,11.684,658.001,False,True,-0.009413993592385927
2026-07-31 17:45:00,AST_0012,SITE_A,SITE_A_B2,14.43,50.36,97.87,14.447,830.363,False,True,-0.005073426321257846
2026-07-31 18:00:00,AST_0012,SITE_A,SITE_A_B2,14.42,54.34,97.94,14.333,779.849,False,True,-0.013743027760633852
2026-07-31 18:00:00,AST_0056,SITE_C,SITE_C_B2,12.49,53.68,98.37,12.109,638.954,False,True,-0.0005798662813899513
2026-07-31 18:15:00,AST_0012,SITE_A,SITE_A_B2,14.05,57.01,97.79,14.51,790.083,False,True,-0.018245780435919734
2026-07-31 18:15:00,AST_0021,SITE_A,SITE_A_B2,28.19,54.72,98.83,36.60598435380421,2.0777168575247797,True,False,0.09314830889251302
2026-07-31 18:15:00,AST_0001,SITE_A,SITE_A_B1,13.95,56.69,98.15,13.288,708.039,False,True,-0.005408533226638146
2026-07-31 18:30:00,AST_0001,SITE_A,SITE_A_B1,13.35,58.74,98.47,13.427,710.494,False,True,-0.008145533241523006
2026-07-31 18:30:00,AST_0012,SITE_A,SITE_A_B2,14.22,57.25,98.77,14.379,778.401,False,True,-0.009140940053456337
2026-07-31 18:45:00,AST_0001,SITE_A,SITE_A_B1,13.01,56.8,98.53,13.387,718.465,False,True,-0.016149791021998317
2026-07-31 19:00:00,AST_0001,SITE_A,SITE_A_B1,13.0,61.45,98.43,13.064,672.451,False,True,-0.019756846249172844
2026-07-31 19:15:00,AST_0012,SITE_A,SITE_A_B2,13.69,53.43,98.62,14.8,726.177,False,True,-0.0032983063298995807
2026-07-31 19:15:00,AST_0009,SITE_A,SITE_A_B1,29.74,59.19,98.42,54.20093041167722,2.4653169654361267,True,False,0.08238722101433316
2026-07-31 19:15:00,AST_0052,SITE_C,SITE_C_B1,29.41,52.91,99.05,7.072,0.375,True,False,0.22422172135917295
2026-07-31 19:15:00,AST_0056,SITE_C,SITE_C_B2,13.06,58.39,98.47,12.036,598.852,False,True,-0.010062749959017347
2026-07-31 19:30:00,AST_0012,SITE_A,SITE_A_B2,15.37,55.86,97.56,14.777,725.644,False,True,-0.014362372597853335
2026-07-31 19:45:00,AST_0012,SITE_A,SITE_A_B2,14.33,56.61,97.51,14.233,721.105,False,True,-0.020497790850300235
2026-07-31 21:15:00,AST_0020,SITE_A,SITE_A_B2,24.2,55.64,101.68,3.074943145497784,0.2568977459412417,True,False,0.24724103494445226
2026-07-31 21:30:00,AST_0062,SITE_C,SITE_C_B2,22.18,57.84,100.23,1.148,0.029,True,False,0.24289929821196282
2026-08-01 02:00:00,AST_0041,SITE_B,SITE_B_B2,28.64,56.32,100.06,42.41196252984278,0.7030885678391878,True,False,0.1401453045761114
2026-08-01 04:00:00,AST_0057,SITE_C,SITE_C_B2,25.81,63.81,98.38,68.44277234871957,127.50691456883632,True,False,0.043725070480669426
2026-08-01 06:00:00,AST_0016,SITE_A,SITE_A_B2,28.51,49.11,99.77,49.5986306379881,45.63765921756164,True,False,0.12131039906145247
2026-08-01 07:45:00,AST_0025,SITE_B,SITE_B_B1,19.87,58.96,100.47,28.245982676982106,64.10274807933827,True,False,0.08516186826584693
2026-08-01 08:30:00,AST_0026,SITE_B,SITE_B_B1,21.2,59.07,99.76,19.328336569305804,13.925,True,False,0.1298534030706584
2026-08-01 08:45:00,AST_0026,SITE_B,SITE_B_B1,20.57,55.66,100.01,32.26667313861161,66.76186509873006,True,False,0.10945741396346298
2026-08-01 10:15:00,AST_0056,SITE_C,SITE_C_B2,12.6,65.94,98.4,12.292,190.353,True,False,0.056555290204953645
2026-08-01 10:45:00,AST_0015,SITE_A,SITE_A_B2,17.97,51.55,99.72,6.24,13.885,True,False,0.25135078694562024
2026-08-01 11:30:00,AST_0017,SITE_A,SITE_A_B2,26.45,53.29,100.9,24.892878556151462,17.38792112002299,True,False,0.14114628522835715
2026-08-01 14:30:00,AST_0050,SITE_C,SITE_C_B1,28.97,54.51,99.2,50.367366424362544,45.28160795564308,True,False,0.10805716259242093
2026-08-01 15:30:00,AST_0061,SITE_C,SITE_C_B2,32.12,60.07,97.81,77.99633748333359,72.06207122551778,True,False,0.028623952178953194
2026-08-01 16:30:00,AST_0009,SITE_A,SITE_A_B1,29.87,60.59,98.06,54.57518336030688,0.7616792818257868,True,False,0.08504913351636834
2026-08-01 21:00:00,AST_0013,SITE_A,SITE_A_B2,19.85,45.39,100.74,27.472189418328885,54.85442922545356,True,False,0.11703412649302636
2026-08-01 21:30:00,AST_0024,SITE_B,SITE_B_B1,26.6,55.65,98.61,66.77380649672243,125.34807210733008,True,False,0.06785737487904919
2026-08-02 02:00:00,AST_0048,SITE_C,SITE_C_B1,20.34,53.11,100.28,35.417478368291086,16.1655,True,False,0.14399041058026585
2026-08-02 02:15:00,AST_0024,SITE_B,SITE_B_B1,25.1,56.69,98.75,68.5338068497376,129.94969664427757,True,False,0.06924067802462741
2026-08-02 04:15:00,AST_0020,SITE_A,SITE_A_B2,23.04,52.89,100.78,4.106667490368751,0.1667581859618586,True,False,0.2843870615380337
2026-08-02 07:15:00,AST_0019,SITE_A,SITE_A_B2,28.18,52.01,98.88,40.59632998176103,0.53182340387836,True,False,0.15817107865028524
2026-08-02 07:45:00,AST_0058,SITE_C,SITE_C_B2,24.27,51.73,99.26,57.746218479101465,108.83901169710607,True,False,0.09350866565783122
2026-08-02 11:30:00,AST_0049,SITE_C,SITE_C_B1,27.61,50.65,99.41,30.5875923420569,28.596775403459272,True,False,0.14428160762804032
2026-08-02 13:15:00,AST_0061,SITE_C,SITE_C_B2,32.6,49.22,97.97,80.7728897643834,73.44571347120132,True,False,0.0636820741818016
2026-08-02 13:45:00,AST_0024,SITE_B,SITE_B_B1,24.93,50.35,97.86,69.10024374496088,127.96211934673218,True,False,0.06576721291378529
2026-08-02 14:30:00,AST_0041,SITE_B,SITE_B_B2,28.99,50.35,98.64,46.164606960696986,0.8022420838165092,True,False,0.14831794593872594
2026-08-02 17:30:00,AST_0058,SITE_C,SITE_C_B2,24.19,55.02,97.97,59.38989696970472,121.49460591821143,True,False,0.060407316880179196
2026-08-02 19:15:00,AST_0058,SITE_C,SITE_C_B2,23.97,57.1,99.91,59.25334521817768,114.60343655778762,True,False,0.08568231921949754
2026-08-02 20:45:00,AST_0046,SITE_C,SITE_C_B1,23.48,58.55,98.45,10.241,63.16374484199785,True,False,0.15847309173471114
2026-08-02 21:00:00,AST_0046,SITE_C,SITE_C_B1,22.81,52.4,98.73,50.954033208700935,104.9494896839957,True,False,0.08065836024630324
2026-08-03 01:45:00,AST_0054,SITE_C,SITE_C_B1,28.91,50.42,98.36,45.63862984370394,0.7256234578340336,True,False,0.1421157622371595
2026-08-03 04:30:00,AST_0015,SITE_A,SITE_A_B2,20.16,54.04,99.3,6.476,62.26390105575884,True,False,0.19857052439892375
2026-08-03 04:45:00,AST_0051,SITE_C,SITE_C_B1,29.44,62.97,98.41,12.777,0.025,True,False,0.15610644185244638
2026-08-03 05:00:00,AST_0022,SITE_A,SITE_A_B2,28.83,50.75,99.67,41.036330070014834,0.6444978538525888,True,False,0.16437438588432096
2026-08-03 05:15:00,AST_0014,SITE_A,SITE_A_B2,20.07,52.03,99.96,30.09196005873653,60.26730980221551,True,False,0.1250470769613533
2026-08-03 05:30:00,AST_0029,SITE_B,SITE_B_B1,28.72,57.9,99.12,11.197,0.023,True,False,0.20899943992850006
2026-08-03 06:15:00,AST_0018,SITE_A,SITE_A_B2,22.42,49.19,101.06,2.83218447611638,0.0090139559979383,True,False,0.28458749482299883
2026-08-03 06:30:00,AST_0007,SITE_A,SITE_A_B1,22.36,52.12,100.17,4.393,0.0,True,False,0.2797235814552166
2026-08-03 08:00:00,AST_0009,SITE_A,SITE_A_B1,29.71,56.83,98.58,11.481,0.544,True,False,0.11628289792433566
2026-08-03 08:00:00,AST_0017,SITE_A,SITE_A_B2,25.96,51.8,101.21,4.756,13.302,True,False,0.23921166391552973
2026-08-03 08:00:00,AST_0063,SITE_C,SITE_C_B2,30.65,54.3,98.46,11.946,0.554,True,False,0.18276923427369612
2026-08-03 08:00:00,AST_0048,SITE_C,SITE_C_B1,21.12,55.88,100.35,7.34,46.173,True,False,0.20245862589075864
2026-08-03 08:00:00,AST_0055,SITE_C,SITE_C_B1,27.285,50.85,99.48,7.192,0.394,True,False,0.2506136610283431
2026-08-03 08:00:00,AST_0014,SITE_A,SITE_A_B2,20.92,53.88,99.16,6.318,39.01,True,False,0.19993269773466954
2026-08-03 08:00:00,AST_0013,SITE_A,SITE_A_B2,19.47,53.87,99.85,4.931,33.99,True,False,0.16950279211534824
2026-08-03 08:00:00,AST_0036,SITE_B,SITE_B_B2,24.97,55.72,98.86,13.78,82.209,True,False,0.13625402848989365
2026-08-03 08:00:00,AST_0001,SITE_A,SITE_A_B1,14.25,52.35,98.16,13.8525,633.279,True,False,0.020444317689453984
2026-08-03 08:00:00,AST_0028,SITE_B,SITE_B_B1,25.13,54.55,101.38,4.272,11.646,True,False,0.23367540722255165
2026-08-03 08:00:00,AST_0053,SITE_C,SITE_C_B1,30.35,56.49,98.77,11.106,0.514,True,False,0.14833862343281667
2026-08-03 08:00:00,AST_0047,SITE_C,SITE_C_B1,22.78,51.88,99.67,9.018,55.924,True,False,0.20076090309117267
2026-08-03 08:00:00,AST_0066,SITE_C,SITE_C_B2,23.79,48.12,101.24,0.343,0.127,True,False,0.2441454195336018
2026-08-03 08:00:00,AST_0037,SITE_B,SITE_B_B2,19.32,57.91,100.72,4.553,30.539,True,False,0.19826203779483198
2026-08-03 08:00:00,AST_0020,SITE_A,SITE_A_B2,23.83,51.15,101.02,0.498,0.107,True,False,0.2490492320161678
2026-08-03 08:00:00,AST_0030,SITE_B,SITE_B_B1,30.45,49.09,98.26,12.041,0.546,True,False,0.1228295882365169
2026-08-03 08:00:00,AST_0031,SITE_B,SITE_B_B1,30.02,58.75,99.61,9.96,0.469,True,False,0.18497340466487933
2026-08-03 08:00:00,AST_0026,SITE_B,SITE_B_B1,22.11,50.66,99.8,6.853,41.404,True,False,0.21556326661869452
2026-08-03 08:00:00,AST_0032,SITE_B,SITE_B_B1,30.47,52.07,98.84,13.019,0.582,True,False,0.17105803785520646
2026-08-03 08:00:00,AST_0033,SITE_B,SITE_B_B1,28.49,57.82,98.74,9.191,0.432,True,False,0.18828853647326793
2026-08-03 08:00:00,AST_0011,SITE_A,SITE_A_B1,23.86,56.91,99.67,4.024,0.238,True,False,0.20589400632863436
2026-08-03 08:00:00,AST_0065,SITE_C,SITE_C_B2,31.74,56.15,97.57,12.847,0.619,True,False,0.09133983776691112
2026-08-03 08:00:00,AST_0064,SITE_C,SITE_C_B2,23.62,57.6,101.43,1.152,0.12,True,False,0.21511686305914396
2026-08-03 08:00:00,AST_0010,SITE_A,SITE_A_B1,24.39,52.52,100.06,3.033,0.214,True,False,0.2048036296435241
2026-08-03 08:00:00,AST_0016,SITE_A,SITE_A_B2,29.52,52.75,99.2,10.364,29.534,True,False,0.16353120586297676
2026-08-03 08:00:00,AST_0038,SITE_B,SITE_B_B2,25.87,53.05,101.41,3.885,9.676,True,False,0.14414976095467646
2026-08-03 08:00:00,AST_0039,SITE_B,SITE_B_B2,26.39,54.26,101.23,4.481,12.408,True,False,0.21867092514585912
2026-08-03 08:00:00,AST_0021,SITE_A,SITE_A_B2,28.69,56.36,99.0,7.969,0.382,True,False,0.20838626827323903
2026-08-03 08:00:00,AST_0019,SITE_A,SITE_A_B2,27.76,56.79,98.86,8.029,0.405,True,False,0.21037434325263316
2026-08-03 08:00:00,AST_0015,SITE_A,SITE_A_B2,21.55,58.25,99.21,6.389,40.837,True,False,0.15967927851986297
2026-08-03 08:00:00,AST_0044,SITE_B,SITE_B_B2,24.05,50.84,100.6,2.637,0.22,True,False,0.27498705385164135
2026-08-03 08:00:00,AST_0041,SITE_B,SITE_B_B2,27.93,51.1,98.55,9.289,0.462,True,False,0.2223220950951424
2026-08-03 08:00:00,AST_0005,SITE_A,SITE_A_B1,26.7,51.16,100.58,6.086,17.71,True,False,0.23429324567992782
2026-08-03 08:00:00,AST_0042,SITE_B,SITE_B_B2,31.04,54.1,98.74,12.941,0.592,True,False,0.18002407277360805
2026-08-03 08:00:00,AST_0002,SITE_A,SITE_A_B1,20.48,54.6,99.59,5.796,36.864,True,False,0.1995707421628492
2026-08-03 08:00:00,AST_0060,SITE_C,SITE_C_B2,33.15,59.38,97.65,15.663,45.307,True,False,0.06761451439941069
2026-08-03 08:00:00,AST_0024,SITE_B,SITE_B_B1,25.15,53.54,98.17,13.784,84.74,True,False,0.1285555211152526
2026-08-03 08:00:00,AST_0059,SITE_C,SITE_C_B2,23.5,56.63,99.24,11.8,73.086,True,False,0.09070279579958851
2026-08-03 08:00:00,AST_0045,SITE_C,SITE_C_B1,8.26,52.03,101.25,4.385,205.922,True,False,0.09017960980133022
2026-08-03 08:00:00,AST_0003,SITE_A,SITE_A_B1,18.47,51.99,101.78,1.86,15.705,True,False,0.1825417747602206
2026-08-03 08:00:00,AST_0035,SITE_B,SITE_B_B2,21.12,50.06,99.94,7.169,46.192,True,False,0.20494172675252892
2026-08-03 08:00:00,AST_0012,SITE_A,SITE_A_B2,14.49,44.97,98.34,15.294,699.96,True,True,-0.0012727931153049266
2026-08-03 08:00:00,AST_0050,SITE_C,SITE_C_B1,28.38,57.83,99.595,9.94,28.76,True,False,0.17486196022970402
2026-08-03 08:00:00,AST_0057,SITE_C,SITE_C_B2,25.11,54.79,98.16,14.103,85.707,True,False,0.1058308984696319
2026-08-03 08:00:00,AST_0006,SITE_A,SITE_A_B1,25.87,50.82,100.69,5.804,17.109,True,False,0.2530219112590042
2026-08-03 08:00:00,AST_0034,SITE_B,SITE_B_B2,13.47,56.44,99.25,12.263,560.048,True,False,0.03106103284487327
2026-08-03 08:00:00,AST_0056,SITE_C,SITE_C_B2,13.07,53.34,98.27,12.616,577.041,True,False,0.004526630003881982
2026-08-03 08:00:00,AST_0027,SITE_B,SITE_B_B1,25.59,55.75,101.24,4.653,12.122,True,False,0.22107723880758895
2026-08-03 08:00:00,AST_0049,SITE_C,SITE_C_B1,26.1,52.99,100.5,6.029,17.798,True,False,0.20215181599380233
2026-08-03 08:00:00,AST_0008,SITE_A,SITE_A_B1,30.14,52.71,97.76,12.986,0.603,True,False,0.15314451512092064
2026-08-03 08:00:00,AST_0022,SITE_A,SITE_A_B2,28.08,53.67,99.66,8.074,0.428,True,False,0.20748883476943863
2026-08-03 08:00:00,AST_0025,SITE_B,SITE_B_B1,19.53,53.27,99.79,5.904,37.463,True,False,0.21140631670260562
2026-08-03 08:00:00,AST_0043,SITE_B,SITE_B_B2,28.78,55.44,98.7,8.751,0.401,True,False,0.20379318486963466
2026-08-03 08:00:00,AST_0004,SITE_A,SITE_A_B1,23.065,57.28,99.45,10.637,64.651,True,False,0.13585806779413467
2026-08-03 08:00:00,AST_0023,SITE_B,SITE_B_B1,8.53,49.55,100.0,5.785,261.007,True,False,0.10001467763569871
2026-08-03 08:00:00,AST_0061,SITE_C,SITE_C_B2,32.49,53.44,98.18,16.043,46.832,True,False,0.10236461646208084
2026-08-03 08:00:00,AST_0052,SITE_C,SITE_C_B1,26.9,55.92,99.16,7.205,0.364,True,False,0.22155318003755364
2026-08-03 08:15:00,AST_0043,SITE_B,SITE_B_B2,27.71,53.61,99.07,8.771,0.425,True,False,0.23354237264040745
2026-08-03 08:15:00,AST_0030,SITE_B,SITE_B_B1,30.16,53.095,98.36,11.714,0.568,True,False,0.18624849509603475
2026-08-03 08:15:00,AST_0005,SITE_A,SITE_A_B1,26.87,52.68,100.92,6.173,17.273,True,False,0.22832802488007298
2026-08-03 08:15:00,AST_0003,SITE_A,SITE_A_B1,18.55,54.64,101.39,2.108,16.0,True,False,0.2115726679449484
2026-08-03 08:15:00,AST_0042,SITE_B,SITE_B_B2,30.09,51.52,98.04,12.774,0.566,True,False,0.17969706842038474
2026-08-03 08:15:00,AST_0001,SITE_A,SITE_A_B1,14.34,55.94,98.95,13.901,632.818,True,False,0.008403833666449145
2026-08-03 08:15:00,AST_0036,SITE_B,SITE_B_B2,26.32,53.85,98.12,13.671,83.642,True,False,0.12225967729494769
2026-08-03 08:15:00,AST_0053,SITE_C,SITE_C_B1,29.5,57.02,98.98,11.266,0.538,True,False,0.19411665129975664
2026-08-03 08:15:00,AST_0028,SITE_B,SITE_B_B1,26.76,55.97,101.58,4.123,11.736,True,False,0.2039434228606294
2026-08-03 08:15:00,AST_0027,SITE_B,SITE_B_B1,26.48,55.1,100.28,4.497,12.073,True,False,0.2255774116037232
2026-08-03 08:15:00,AST_0037,SITE_B,SITE_B_B2,19.8,54.19,101.36,4.469,30.194,True,False,0.17232432858388536
2026-08-03 08:15:00,AST_0004,SITE_A,SITE_A_B1,22.67,55.74,99.35,10.534,63.427,True,False,0.17675854174558137
2026-08-03 08:15:00,AST_0002,SITE_A,SITE_A_B1,20.16,57.32,100.13,5.392,36.124,True,False,0.16942476200267786
2026-08-03 08:15:00,AST_0031,SITE_B,SITE_B_B1,28.53,52.02,99.37,9.759,0.468,True,False,0.23058976692571798
2026-08-03 08:15:00,AST_0061,SITE_C,SITE_C_B2,32.58,57.31,97.6,16.085,46.833,True,False,0.0719966675047502
2026-08-03 08:15:00,AST_0052,SITE_C,SITE_C_B1,28.22,56.6,99.54,7.2195,0.386,True,False,0.2195334732898308
2026-08-03 08:15:00,AST_0008,SITE_A,SITE_A_B1,31.2,52.74,98.09,13.002,0.59,True,False,0.16445851341777173
2026-08-03 08:15:00,AST_0009,SITE_A,SITE_A_B1,29.69,57.89,98.16,11.414,0.538,True,False,0.15495739971293243
2026-08-03 08:15:00,AST_0048,SITE_C,SITE_C_B1,22.25,55.72,99.58,7.294,46.62,True,False,0.1956416748983118
2026-08-03 08:15:00,AST_0038,SITE_B,SITE_B_B2,26.68,50.46,100.75,3.964,10.985,True,False,0.25419819732710935
2026-08-03 08:15:00,AST_0050,SITE_C,SITE_C_B1,28.69,55.17,99.35,9.874,29.566,True,False,0.1679775250470752
2026-08-03 08:15:00,AST_0012,SITE_A,SITE_A_B2,14.87,46.35,97.63,15.49,698.878,True,False,0.0012269604977689363
2026-08-03 08:15:00,AST_0063,SITE_C,SITE_C_B2,29.4,47.7,98.22,12.081,0.552,True,False,0.17830514396336383
2026-08-03 08:15:00,AST_0045,SITE_C,SITE_C_B1,8.33,49.13,100.33,4.539,209.182,True,False,0.11632194075555069
2026-08-03 08:15:00,AST_0060,SITE_C,SITE_C_B2,32.61,50.22,98.02,15.322,45.237,True,False,0.10366965089878077
2026-08-03 08:15:00,AST_0064,SITE_C,SITE_C_B2,23.69,55.64,101.16,0.709,0.128,True,False,0.20660945872401765
2026-08-03 08:15:00,AST_0065,SITE_C,SITE_C_B2,31.3,51.09,97.7,12.71,0.578,True,False,0.1486734784575796
2026-08-03 08:15:00,AST_0059,SITE_C,SITE_C_B2,25.67,49.41,99.05,12.225,73.045,True,False,0.15374815067597847
2026-08-03 08:15:00,AST_0010,SITE_A,SITE_A_B1,24.48,48.86,100.2,3.082,0.234,True,False,0.24716037890012954
2026-08-03 08:15:00,AST_0039,SITE_B,SITE_B_B2,26.74,53.04,101.21,4.357,11.947,True,False,0.23342028592802827
2026-08-03 08:15:00,AST_0033,SITE_B,SITE_B_B1,28.49,56.88,98.83,9.045,0.457,True,False,0.19738258264280945
2026-08-03 08:15:00,AST_0044,SITE_B,SITE_B_B2,25.01,45.48,100.24,2.829,0.219,True,False,0.253842050430505
2026-08-03 08:15:00,AST_0011,SITE_A,SITE_A_B1,25.06,55.88,100.4,4.119,0.254,True,False,0.21884103970222418
2026-08-03 08:15:00,AST_0032,SITE_B,SITE_B_B1,31.65,50.21,97.87,12.865,0.589,True,False,0.15824456512091967
2026-08-03 08:15:00,AST_0006,SITE_A,SITE_A_B1,27.21,52.12,100.09,5.991,16.823,True,False,0.23649350485403015
2026-08-03 08:15:00,AST_0035,SITE_B,SITE_B_B2,21.86,52.62,99.82,7.408,48.019,True,False,0.20087876420265566
2026-08-03 08:15:00,AST_0034,SITE_B,SITE_B_B2,13.63,50.08,99.07,12.164,561.209,True,False,0.04959254456488216
2026-08-03 08:15:00,AST_0047,SITE_C,SITE_C_B1,22.48,48.88,99.26,9.293,56.519,True,False,0.1993354289661815
2026-08-03 08:15:00,AST_0015,SITE_A,SITE_A_B2,21.41,57.19,100.34,6.435,41.348,True,False,0.20343356856604272
2026-08-03 08:15:00,AST_0023,SITE_B,SITE_B_B1,8.84,52.15,100.38,5.773,258.175,True,False,0.09214088501325524
2026-08-03 08:15:00,AST_0026,SITE_B,SITE_B_B1,20.88,57.75,100.17,6.714,41.291,True,False,0.18216052977873665
2026-08-03 08:15:00,AST_0017,SITE_A,SITE_A_B2,26.14,53.47,100.67,4.931,13.3,True,False,0.22492173652199077
2026-08-03 08:15:00,AST_0016,SITE_A,SITE_A_B2,30.12,55.88,99.81,10.28,29.309,True,False,0.17452530111701214
2026-08-03 08:15:00,AST_0025,SITE_B,SITE_B_B1,21.05,54.12,99.79,5.951,38.643,True,False,0.20554825498170765
2026-08-03 08:15:00,AST_0055,SITE_C,SITE_C_B1,27.19,53.09,99.59,6.959,0.349,True,False,0.2203222451357464
2026-08-03 08:15:00,AST_0021,SITE_A,SITE_A_B2,28.12,57.35,99.44,7.936,0.372,True,False,0.21614438975298078
2026-08-03 08:15:00,AST_0019,SITE_A,SITE_A_B2,28.48,56.98,99.73,8.081,0.407,True,False,0.21565203172285258
2026-08-03 08:15:00,AST_0056,SITE_C,SITE_C_B2,13.31,55.84,98.63,12.65,577.953,True,False,0.008458739633220413
2026-08-03 08:15:00,AST_0013,SITE_A,SITE_A_B2,20.12,57.37,100.58,5.421,33.98,True,False,0.15158341235762018
2026-08-03 08:15:00,AST_0024,SITE_B,SITE_B_B1,25.33,51.53,97.51,13.715,83.133,True,False,0.0883176050962815
2026-08-03 08:15:00,AST_0057,SITE_C,SITE_C_B2,25.7,56.05,98.65,14.609,84.761,True,False,0.1266997008517443
2026-08-03 08:30:00,AST_0005,SITE_A,SITE_A_B1,27.27,49.95,100.59,6.134,17.197,True,False,0.22379816990942591
2026-08-03 08:30:00,AST_0023,SITE_B,SITE_B_B1,8.79,56.32,100.36,5.772,262.668,True,False,0.08376348562592928
2026-08-03 08:30:00,AST_0052,SITE_C,SITE_C_B1,27.5,56.04,99.41,7.234,0.365,True,False,0.22777274933427494
2026-08-03 08:30:00,AST_0012,SITE_A,SITE_A_B2,15.38,54.34,98.03,15.466,698.658,True,True,-0.002449184626960532
2026-08-03 08:30:00,AST_0006,SITE_A,SITE_A_B1,26.93,55.79,100.41,5.778,17.21,True,False,0.22306071001879857
2026-08-03 08:30:00,AST_0045,SITE_C,SITE_C_B1,8.38,59.12,100.81,4.678,204.876,True,False,0.08220992284352058
2026-08-03 08:30:00,AST_0031,SITE_B,SITE_B_B1,28.12,56.03,99.06,9.837,0.491,True,False,0.18091285126946027
2026-08-03 08:30:00,AST_0042,SITE_B,SITE_B_B2,30.46,49.35,97.7,12.874,0.573,True,False,0.13587318422700323
2026-08-03 08:30:00,AST_0060,SITE_C,SITE_C_B2,31.37,51.83,98.64,15.522,45.037,True,False,0.1293271626179977
2026-08-03 08:30:00,AST_0002,SITE_A,SITE_A_B1,20.3,49.87,100.06,5.501,35.973,True,False,0.23082665191976165
2026-08-03 08:30:00,AST_0059,SITE_C,SITE_C_B2,23.85,50.74,98.16,11.986,71.139,True,False,0.1237999588165517
2026-08-03 08:30:00,AST_0008,SITE_A,SITE_A_B1,30.69,50.8,98.09,12.941,0.584,True,False,0.1742643808383224
2026-08-03 08:30:00,AST_0026,SITE_B,SITE_B_B1,20.81,51.57,99.93,6.732,43.922,True,False,0.1793821309640748
2026-08-03 08:30:00,AST_0025,SITE_B,SITE_B_B1,20.77,54.66,100.82,5.917,39.371,True,False,0.20773549970558192
2026-08-03 08:30:00,AST_0043,SITE_B,SITE_B_B2,27.22,53.61,99.04,8.94,0.43,True,False,0.23111297822019622
2026-08-03 08:30:00,AST_0011,SITE_A,SITE_A_B1,26.09,51.37,100.27,3.871,0.233,True,False,0.234676001137827
2026-08-03 08:30:00,AST_0010,SITE_A,SITE_A_B1,24.93,53.63,100.33,3.188,0.221,True,False,0.22893010562759686
2026-08-03 08:30:00,AST_0048,SITE_C,SITE_C_B1,21.38,52.945,99.49,7.462,47.015,True,False,0.1984142846161056
2026-08-03 08:30:00,AST_0044,SITE_B,SITE_B_B2,24.58,52.68,100.88,2.734,0.204,True,False,0.2251321934325492
2026-08-03 08:30:00,AST_0004,SITE_A,SITE_A_B1,22.98,55.18,99.12,10.51,65.095,True,False,0.14944466363730058
2026-08-03 08:30:00,AST_0032,SITE_B,SITE_B_B1,31.26,50.37,98.11,13.17,0.596,True,False,0.14708697613370825
2026-08-03 08:30:00,AST_0055,SITE_C,SITE_C_B1,27.16,56.53,99.27,7.198,0.343,True,False,0.18820451891067502
2026-08-03 08:30:00,AST_0003,SITE_A,SITE_A_B1,17.82,55.14,101.69,1.889,15.687,True,False,0.18207813256156063
2026-08-03 08:30:00,AST_0009,SITE_A,SITE_A_B1,30.71,52.97,97.62,11.479,0.535,True,False,0.14816957474282177
2026-08-03 08:30:00,AST_0057,SITE_C,SITE_C_B2,26.3,54.86,98.18,13.959,85.383,True,False,0.10480674262601042
2026-08-03 08:30:00,AST_0030,SITE_B,SITE_B_B1,30.17,57.1,98.06,12.109,0.55,True,False,0.14576730445811792
2026-08-03 08:30:00,AST_0028,SITE_B,SITE_B_B1,25.56,51.62,101.5,4.12,11.825,True,False,0.23383483296438812
2026-08-03 08:30:00,AST_0019,SITE_A,SITE_A_B2,27.81,51.85,98.49,8.363,0.401,True,False,0.1907688665834854
2026-08-03 08:30:00,AST_0039,SITE_B,SITE_B_B2,26.72,52.04,100.6,4.358,12.66,True,False,0.2481349067587446
2026-08-03 08:30:00,AST_0053,SITE_C,SITE_C_B1,28.9,51.87,98.78,10.983,0.517,True,False,0.1425699007009662
2026-08-03 08:30:00,AST_0037,SITE_B,SITE_B_B2,19.85,50.03,101.23,4.426,29.894,True,False,0.2266421678408871
2026-08-03 08:30:00,AST_0038,SITE_B,SITE_B_B2,25.71,54.45,101.03,3.617,10.574,True,False,0.2400251012487618
2026-08-03 08:30:00,AST_0033,SITE_B,SITE_B_B1,29.27,52.28,98.22,9.361,0.461,True,False,0.19678715566791066
2026-08-03 08:30:00,AST_0035,SITE_B,SITE_B_B2,21.84,51.0,99.87,7.259,45.894,True,False,0.2239569028540006
2026-08-03 08:30:00,AST_0065,SITE_C,SITE_C_B2,30.01,51.09,97.74000000000001,13.304,0.584,True,False,0.16099019347492494
2026-08-03 08:30:00,AST_0056,SITE_C,SITE_C_B2,13.86,55.69,98.71,12.46,572.857,True,False,0.014183793809529055
2026-08-03 08:30:00,AST_0064,SITE_C,SITE_C_B2,23.91,54.16,101.2,0.995,0.163,True,False,0.23931084055079554
2026-08-03 08:30:00,AST_0021,SITE_A,SITE_A_B2,27.74,56.39,99.05,7.691,0.378,True,False,0.21322078374293157
2026-08-03 08:30:00,AST_0034,SITE_B,SITE_B_B2,12.65,51.49,98.79,12.471,557.812,True,False,0.03881059463431569
2026-08-03 08:30:00,AST_0047,SITE_C,SITE_C_B1,21.94,55.53,99.52,9.263,55.881,True,False,0.17247399990133283
2026-08-03 08:30:00,AST_0016,SITE_A,SITE_A_B2,28.94,54.61,99.99,10.157,30.04,True,False,0.19247046816838054
2026-08-03 08:30:00,AST_0036,SITE_B,SITE_B_B2,25.23,55.13,97.93,13.376,82.484,True,False,0.11988639754304697
2026-08-03 08:30:00,AST_0063,SITE_C,SITE_C_B2,30.03,51.57,97.49,12.043,0.579,True,False,0.14009482317825717
2026-08-03 08:30:00,AST_0017,SITE_A,SITE_A_B2,26.0,51.76,101.61,4.608,13.353,True,False,0.21972224064325097
2026-08-03 08:30:00,AST_0001,SITE_A,SITE_A_B1,14.16,55.06,98.61,13.99,628.274,True,False,0.015715375267555398
2026-08-03 08:30:00,AST_0027,SITE_B,SITE_B_B1,26.54,54.45,100.46,4.381,12.157,True,False,0.19773630588579488
2026-08-03 08:30:00,AST_0013,SITE_A,SITE_A_B2,19.41,53.18,100.62,5.32,33.849,True,False,0.2198504594573401
2026-08-03 08:30:00,AST_0050,SITE_C,SITE_C_B1,28.95,52.51,99.33,10.052,28.994,True,False,0.19383202628585622
2026-08-03 08:45:00,AST_0025,SITE_B,SITE_B_B1,19.85,53.72,99.84,5.731,38.149,True,False,0.16701245063317227
2026-08-03 08:45:00,AST_0009,SITE_A,SITE_A_B1,28.81,54.62,98.64,11.262,0.578,True,False,0.20069161652029172
2026-08-03 08:45:00,AST_0003,SITE_A,SITE_A_B1,18.49,51.91,101.96,2.057,16.974,True,False,0.18804208311033666
2026-08-03 08:45:00,AST_0034,SITE_B,SITE_B_B2,12.02,55.37,99.34,12.58,562.645,True,False,0.008003993096373119
2026-08-03 08:45:00,AST_0019,SITE_A,SITE_A_B2,27.7,54.27,98.9,8.07,0.381,True,False,0.22541662699777287
2026-08-03 08:45:00,AST_0030,SITE_B,SITE_B_B1,30.76,52.42,98.22,12.324,0.55,True,False,0.17488254400014724
2026-08-03 08:45:00,AST_0033,SITE_B,SITE_B_B1,29.49,51.81,99.4,9.193,0.426,True,False,0.19971755889952125
2026-08-03 08:45:00,AST_0026,SITE_B,SITE_B_B1,20.27,51.72,99.92,6.5600000000000005,43.3,True,False,0.21680577747129098
2026-08-03 08:45:00,AST_0028,SITE_B,SITE_B_B1,25.93,53.22,100.82,4.211,12.057,True,False,0.25492019990756704
2026-08-03 08:45:00,AST_0021,SITE_A,SITE_A_B2,27.67,58.24,99.43,7.771,0.393,True,False,0.21293700282173716
2026-08-03 08:45:00,AST_0043,SITE_B,SITE_B_B2,29.05,49.81,99.84,8.992,0.411,True,False,0.22940417520000872
2026-08-03 08:45:00,AST_0053,SITE_C,SITE_C_B1,29.5,52.63,98.4,11.044,0.484,True,False,0.17985579657634615
2026-08-03 08:45:00,AST_0037,SITE_B,SITE_B_B2,19.81,54.9,100.39,4.77,30.089,True,False,0.22029626814476422
2026-08-03 08:45:00,AST_0064,SITE_C,SITE_C_B2,23.35,53.4,101.02,1.066,0.168,True,False,0.23168037662284408
2026-08-03 08:45:00,AST_0039,SITE_B,SITE_B_B2,25.92,54.34,100.74,4.656,12.497,True,False,0.1988377774003709
2026-08-03 08:45:00,AST_0056,SITE_C,SITE_C_B2,13.98,52.16,99.03,12.396,576.308,True,False,0.043738001867419274
2026-08-03 08:45:00,AST_0032,SITE_B,SITE_B_B1,33.02,50.3,97.84,13.007,0.571,True,False,0.1425679823654047
2026-08-03 08:45:00,AST_0004,SITE_A,SITE_A_B1,24.22,54.97,99.42,10.621,64.538,True,False,0.17991189131016966
2026-08-03 08:45:00,AST_0065,SITE_C,SITE_C_B2,29.82,49.77,97.78,13.067,0.594,True,False,0.1501323168404336
2026-08-03 08:45:00,AST_0008,SITE_A,SITE_A_B1,31.28,56.1,98.56,13.186,0.58,True,False,0.12442474299814288
2026-08-03 08:45:00,AST_0035,SITE_B,SITE_B_B2,20.75,54.92,99.91,7.3,46.988,True,False,0.20325284065545557
2026-08-03 08:45:00,AST_0059,SITE_C,SITE_C_B2,23.83,54.09,98.62,12.058,72.299,True,False,0.12952914050898423
2026-08-03 08:45:00,AST_0006,SITE_A,SITE_A_B1,27.81,51.22,100.62,6.015,17.698,True,False,0.244222630365883
2026-08-03 08:45:00,AST_0042,SITE_B,SITE_B_B2,30.12,51.78,97.27,13.024,0.593,True,False,0.13320584703492167
2026-08-03 08:45:00,AST_0005,SITE_A,SITE_A_B1,27.27,55.43,100.32,6.153,17.748,True,False,0.18230178239919326
2026-08-03 08:45:00,AST_0055,SITE_C,SITE_C_B1,27.92,55.76,99.92,7.363,0.363,True,False,0.23133296248233748
2026-08-03 08:45:00,AST_0047,SITE_C,SITE_C_B1,21.73,58.82,99.49,8.985,57.137,True,False,0.09489504904036883
2026-08-03 08:45:00,AST_0045,SITE_C,SITE_C_B1,8.72,54.54,101.36,4.385,208.31,True,False,0.06943684953703844
2026-08-03 08:45:00,AST_0057,SITE_C,SITE_C_B2,25.54,52.39,98.04,14.089,84.984,True,False,0.11289757604372608
2026-08-03 08:45:00,AST_0011,SITE_A,SITE_A_B1,25.61,51.63,100.07,4.024,0.25,True,False,0.23034354820008385
2026-08-03 08:45:00,AST_0036,SITE_B,SITE_B_B2,26.79,52.67,97.93,13.838,81.953,True,False,0.12532006460326717
2026-08-03 08:45:00,AST_0031,SITE_B,SITE_B_B1,29.18,52.92,98.57,9.904,0.461,True,False,0.2121565246909079
2026-08-03 08:45:00,AST_0060,SITE_C,SITE_C_B2,33.18,57.55,98.14,15.526,45.466,True,False,0.08143513238020017
2026-08-03 08:45:00,AST_0023,SITE_B,SITE_B_B1,9.48,56.81,100.66,5.749,267.575,True,False,0.08474948384544079
2026-08-03 08:45:00,AST_0063,SITE_C,SITE_C_B2,29.98,47.84,97.89,12.297,0.593,True,False,0.17408942007451111
2026-08-03 08:45:00,AST_0038,SITE_B,SITE_B_B2,26.25,59.35,101.38,3.729,10.406,True,False,0.18562529666157718
2026-08-03 08:45:00,AST_0001,SITE_A,SITE_A_B1,15.1,53.91,98.3,13.599,631.442,True,False,1.9245187970362565e-05
2026-08-03 08:45:00,AST_0013,SITE_A,SITE_A_B2,21.14,53.9,100.77,5.456,35.482,True,False,0.20114486952459176
2026-08-03 08:45:00,AST_0012,SITE_A,SITE_A_B2,15.09,53.34,97.89,15.263,704.674,True,True,-0.0010424295931955596
2026-08-03 08:45:00,AST_0002,SITE_A,SITE_A_B1,20.51,57.23,100.14,5.584,37.984,True,False,0.19748335686708635
2026-08-03 08:45:00,AST_0052,SITE_C,SITE_C_B1,27.37,53.84,99.48,7.369,0.383,True,False,0.23753668158276336
2026-08-03 08:45:00,AST_0048,SITE_C,SITE_C_B1,22.23,50.17,100.06,7.573,47.156,True,False,0.2231240829606101
2026-08-03 08:45:00,AST_0017,SITE_A,SITE_A_B2,25.67,54.72,101.2,4.71,13.722,True,False,0.23416051715914843
2026-08-03 08:45:00,AST_0016,SITE_A,SITE_A_B2,29.07,51.23,99.67,10.583,29.837,True,False,0.19387833843831437
2026-08-03 08:45:00,AST_0044,SITE_B,SITE_B_B2,24.77,53.65,100.65,2.639,0.209,True,False,0.26631730763747974
2026-08-03 08:45:00,AST_0027,SITE_B,SITE_B_B1,25.31,54.67,101.45,4.431,12.241,True,False,0.22992147004217345
2026-08-03 08:45:00,AST_0050,SITE_C,SITE_C_B1,30.64,45.45,99.19,9.971,29.038,True,False,0.18969551699829496
2026-08-03 09:00:00,AST_0020,SITE_A,SITE_A_B2,22.24,50.42,101.21,0.683,0.141,True,False,0.25328023469480515
2026-08-03 09:00:00,AST_0035,SITE_B,SITE_B_B2,22.19,54.12,100.04,7.297,51.686,True,False,0.20028497380611826
2026-08-03 09:00:00,AST_0059,SITE_C,SITE_C_B2,24.16,57.64,98.75,12.095,78.427,True,False,0.1418747196036716
2026-08-03 09:00:00,AST_0006,SITE_A,SITE_A_B1,26.8,55.85,100.28,5.922,18.97,True,False,0.21901971412132082
2026-08-03 09:00:00,AST_0032,SITE_B,SITE_B_B1,32.01,57.58,97.41,13.219,0.653,True,False,0.10642871047894342
2026-08-03 09:00:00,AST_0056,SITE_C,SITE_C_B2,13.13,54.26,98.26,12.864,631.333,True,False,0.021155866878503016
2026-08-03 09:00:00,AST_0031,SITE_B,SITE_B_B1,28.51,49.35,98.69,9.867,0.528,True,False,0.2119049702780718
2026-08-03 09:00:00,AST_0008,SITE_A,SITE_A_B1,31.49,53.93,98.32,13.095,0.632,True,False,0.15855126941435338
2026-08-03 09:00:00,AST_0039,SITE_B,SITE_B_B2,26.53,54.15,101.14,4.311,13.387,True,False,0.22671510626988584
2026-08-03 09:00:00,AST_0052,SITE_C,SITE_C_B1,28.02,52.22,99.52,7.322,0.416,True,False,0.25112098089837515
2026-08-03 09:00:00,AST_0036,SITE_B,SITE_B_B2,25.29,51.67,98.43,13.87,90.396,True,False,0.136297435829564
2026-08-03 09:00:00,AST_0021,SITE_A,SITE_A_B2,27.81,54.13,98.76,7.837,0.426,True,False,0.17463512398379188
2026-08-03 09:00:00,AST_0011,SITE_A,SITE_A_B1,25.31,50.82,100.32,3.844,0.282,True,False,0.2676635556814635
2026-08-03 09:00:00,AST_0026,SITE_B,SITE_B_B1,20.73,58.62,100.79,6.388,46.298,True,False,0.187452932429655
2026-08-03 09:00:00,AST_0037,SITE_B,SITE_B_B2,18.93,59.78,100.52,4.496,31.91,True,False,0.1825543681777086
2026-08-03 09:00:00,AST_0023,SITE_B,SITE_B_B1,9.0,52.6,99.99,5.63,282.77,True,False,0.07712167987173935
2026-08-03 09:00:00,AST_0010,SITE_A,SITE_A_B1,24.56,52.22,100.4,2.888,0.223,True,False,0.2236714304621017
2026-08-03 09:00:00,AST_0030,SITE_B,SITE_B_B1,31.53,52.39,97.69,12.013,0.59,True,False,0.13912853773409717
2026-08-03 09:00:00,AST_0038,SITE_B,SITE_B_B2,25.1,54.07,100.9,3.688,11.057,True,False,0.24841857733099515
2026-08-03 09:00:00,AST_0019,SITE_A,SITE_A_B2,28.02,52.97,99.37,8.265,0.458,True,False,0.24186026050657927
2026-08-03 09:00:00,AST_0025,SITE_B,SITE_B_B1,21.02,54.11,100.13,5.908,41.609,True,False,0.21205888048999644
2026-08-03 09:00:00,AST_0048,SITE_C,SITE_C_B1,21.98,48.38,99.15,7.35,51.318,True,False,0.20776373020961975
2026-08-03 09:00:00,AST_0033,SITE_B,SITE_B_B1,29.17,56.12,99.43,8.965,0.476,True,False,0.21636036551366583
2026-08-03 09:00:00,AST_0009,SITE_A,SITE_A_B1,30.83,54.57,98.36,11.436,0.577,True,False,0.17819063162178028
2026-08-03 09:00:00,AST_0013,SITE_A,SITE_A_B2,19.9,56.42,100.03,5.453,37.807,True,False,0.19999693677769415
2026-08-03 09:00:00,AST_0034,SITE_B,SITE_B_B2,12.16,46.28,98.08,12.195,609.19,True,False,0.021015004421349515
2026-08-03 09:00:00,AST_0057,SITE_C,SITE_C_B2,24.73,56.2,98.43,14.199,92.917,True,False,0.10951305674541156
2026-08-03 09:00:00,AST_0016,SITE_A,SITE_A_B2,28.62,53.67,100.15,10.185,32.917,True,False,0.1713273848797071
2026-08-03 09:00:00,AST_0004,SITE_A,SITE_A_B1,24.34,54.78,99.63,10.519,70.092,True,False,0.1764674222108792
2026-08-03 09:00:00,AST_0047,SITE_C,SITE_C_B1,22.25,55.93,99.33,9.349,62.883,True,False,0.17375858715849446
2026-08-03 09:00:00,AST_0063,SITE_C,SITE_C_B2,31.34,58.56,98.5,11.895,0.619,True,False,0.11870746016740374
2026-08-03 09:00:00,AST_0003,SITE_A,SITE_A_B1,17.09,51.46,101.22,2.044,18.633,True,False,0.2044698338272139
2026-08-03 09:00:00,AST_0055,SITE_C,SITE_C_B1,27.39,53.57,99.82,7.362,0.386,True,False,0.24150457660873587
2026-08-03 09:00:00,AST_0065,SITE_C,SITE_C_B2,31.34,51.8,98.21,12.888,0.648,True,False,0.1729973998770007
2026-08-03 09:00:00,AST_0017,SITE_A,SITE_A_B2,25.6,53.84,100.77,4.497,14.045,True,False,0.25055311670629227
2026-08-03 09:00:00,AST_0043,SITE_B,SITE_B_B2,28.16,48.83,98.78,9.098,0.468,True,False,0.2310886335608206
2026-08-03 09:00:00,AST_0044,SITE_B,SITE_B_B2,25.02,53.2,101.47,2.653,0.222,True,False,0.22252632114281318
2026-08-03 09:00:00,AST_0053,SITE_C,SITE_C_B1,28.6,50.97,98.63,11.017,0.556,True,False,0.21650826731008038
2026-08-03 09:00:00,AST_0050,SITE_C,SITE_C_B1,29.3,57.31,100.16,9.89,32.238,True,False,0.16580924386345808
2026-08-03 09:00:00,AST_0042,SITE_B,SITE_B_B2,32.26,53.64,98.54,12.633,0.648,True,False,0.169955629412315
2026-08-03 09:00:00,AST_0005,SITE_A,SITE_A_B1,27.3,51.86,100.3,6.235,18.972,True,False,0.20876837227800726
2026-08-03 09:00:00,AST_0028,SITE_B,SITE_B_B1,26.08,55.95,101.26,4.604,12.453,True,False,0.13211582658423526
2026-08-03 09:00:00,AST_0001,SITE_A,SITE_A_B1,14.0,55.3,98.04,13.975,691.373,True,True,-0.002682582389692767
2026-08-03 09:00:00,AST_0002,SITE_A,SITE_A_B1,20.68,54.02,100.17,5.401,40.12,True,False,0.21412116200887343
2026-08-03 09:00:00,AST_0027,SITE_B,SITE_B_B1,24.96,54.08,101.05,4.357,14.169,True,False,0.2101514290919676
2026-08-03 09:00:00,AST_0060,SITE_C,SITE_C_B2,31.93,57.84,98.02,15.447,49.515,True,False,0.08140428057610227
2026-08-03 09:00:00,AST_0012,SITE_A,SITE_A_B2,15.24,54.22,97.6,15.484,764.001,True,True,-0.032842213877668724
2026-08-03 09:00:00,AST_0045,SITE_C,SITE_C_B1,7.73,53.19,101.24,4.413,226.911,True,False,0.07821292606827912
2026-08-03 09:15:00,AST_0050,SITE_C,SITE_C_B1,29.83,50.02,99.61,10.255,32.132,True,False,0.1902969810859816
2026-08-03 09:15:00,AST_0043,SITE_B,SITE_B_B2,29.92,52.88,99.39,8.872,0.453,True,False,0.1737468319698957
2026-08-03 09:15:00,AST_0002,SITE_A,SITE_A_B1,20.28,49.62,100.57,6.01,38.817,True,False,0.23212754842374062
2026-08-03 09:15:00,AST_0047,SITE_C,SITE_C_B1,22.53,57.03,98.85,9.441,63.01,True,False,0.1655335695591753
2026-08-03 09:15:00,AST_0030,SITE_B,SITE_B_B1,30.71,47.36,98.48,11.842,0.624,True,False,0.21117685115177015
2026-08-03 09:15:00,AST_0057,SITE_C,SITE_C_B2,27.49,51.14,97.41,14.143,92.412,True,False,0.07997553670550417
2026-08-03 09:15:00,AST_0060,SITE_C,SITE_C_B2,33.73,55.26,97.5,15.61,50.246,True,False,0.07382264501657743
2026-08-03 09:15:00,AST_0003,SITE_A,SITE_A_B1,17.55,56.52,101.51,1.85,18.429,True,False,0.17491616231271312
2026-08-03 09:15:00,AST_0019,SITE_A,SITE_A_B2,27.96,55.04,99.54,8.418,0.431,True,False,0.23348952560376002
2026-08-03 09:15:00,AST_0055,SITE_C,SITE_C_B1,27.71,53.56,98.82,6.983,0.401,True,False,0.22213774598159375
2026-08-03 09:15:00,AST_0009,SITE_A,SITE_A_B1,30.86,53.38,98.51,11.447,0.579,True,False,0.15865710510333342
2026-08-03 09:15:00,AST_0034,SITE_B,SITE_B_B2,13.61,50.37,98.67,12.028,610.825,True,False,0.041029605348301024
2026-08-03 09:15:00,AST_0045,SITE_C,SITE_C_B1,8.45,50.29,100.96,4.471,228.986,True,False,0.10739730805197989
2026-08-03 09:15:00,AST_0031,SITE_B,SITE_B_B1,29.67,55.64,98.93,9.878,0.506,True,False,0.2033419327763264
2026-08-03 09:15:00,AST_0023,SITE_B,SITE_B_B1,9.03,52.5,100.84,5.613,283.856,True,False,0.09204891399100812
2026-08-03 09:15:00,AST_0056,SITE_C,SITE_C_B2,13.16,55.73,98.24,12.718,627.495,True,True,-0.00031332833002906124
2026-08-03 09:15:00,AST_0001,SITE_A,SITE_A_B1,14.6,51.06,98.65,13.729,688.181,True,False,0.028190162453060164
2026-08-03 09:15:00,AST_0038,SITE_B,SITE_B_B2,24.51,54.09,101.38,3.579,11.243,True,False,0.23875778421158722
2026-08-03 09:15:00,AST_0048,SITE_C,SITE_C_B1,22.6,49.82,99.82,7.507,51.119,True,False,0.22212712607872548
2026-08-03 09:15:00,AST_0025,SITE_B,SITE_B_B1,20.27,56.26,100.63,5.834,41.66,True,False,0.20362055546206131
2026-08-03 09:15:00,AST_0053,SITE_C,SITE_C_B1,31.08,52.67,99.11,11.127,0.562,True,False,0.16604291110430092
2026-08-03 09:15:00,AST_0027,SITE_B,SITE_B_B1,26.58,59.22,101.14,4.49,13.273,True,False,0.1879149373807047
2026-08-03 09:15:00,AST_0028,SITE_B,SITE_B_B1,24.73,52.3,100.6,4.318,12.804,True,False,0.25384657090746177
2026-08-03 09:15:00,AST_0005,SITE_A,SITE_A_B1,27.38,53.6,100.64,6.262,18.866,True,False,0.23301844623508683
2026-08-03 09:15:00,AST_0033,SITE_B,SITE_B_B1,28.88,55.19,98.73,9.401,0.513,True,False,0.19932495212519824
2026-08-03 09:15:00,AST_0013,SITE_A,SITE_A_B2,20.8,55.58,100.78,5.383,37.796,True,False,0.17084395777457873
2026-08-03 09:15:00,AST_0017,SITE_A,SITE_A_B2,25.54,57.44,101.25,4.485,14.254,True,False,0.20939748024360882
2026-08-03 09:15:00,AST_0059,SITE_C,SITE_C_B2,24.44,56.05,98.91,12.143,78.648,True,False,0.14747939681819133
2026-08-03 09:15:00,AST_0012,SITE_A,SITE_A_B2,14.77,51.63,98.85,15.543,763.632,True,False,0.002115591286771523
2026-08-03 09:15:00,AST_0065,SITE_C,SITE_C_B2,30.79,53.01,98.26,13.045,0.648,True,False,0.1692139171519852
2026-08-03 09:15:00,AST_0042,SITE_B,SITE_B_B2,30.87,60.51,98.32,13.015,0.678,True,False,0.11897826274179657
2026-08-03 09:15:00,AST_0026,SITE_B,SITE_B_B1,22.6,50.76,98.9,6.708,46.473,True,False,0.18890469231474577
2026-08-03 09:15:00,AST_0036,SITE_B,SITE_B_B2,25.49,51.6,98.38,13.963,88.129,True,False,0.13892591369437446
2026-08-03 09:15:00,AST_0032,SITE_B,SITE_B_B1,30.97,53.18,98.28,13.003,0.656,True,False,0.17142635165759212
2026-08-03 09:15:00,AST_0035,SITE_B,SITE_B_B2,20.82,57.73,99.95,7.256,50.285,True,False,0.17410520511570382
2026-08-03 09:15:00,AST_0016,SITE_A,SITE_A_B2,29.18,48.24,99.92,10.411,32.414,True,False,0.19716217091520682
2026-08-03 09:15:00,AST_0006,SITE_A,SITE_A_B1,27.2,50.1,101.15,5.652,18.915,True,False,0.23093823176939915
2026-08-03 09:15:00,AST_0004,SITE_A,SITE_A_B1,23.66,56.15,98.55,10.303,70.2,True,False,0.1514324073432709
2026-08-03 09:15:00,AST_0008,SITE_A,SITE_A_B1,30.89,61.12,98.4,12.934,0.656,True,False,0.13830910358009918
2026-08-03 09:15:00,AST_0037,SITE_B,SITE_B_B2,19.2,55.74,100.78,4.491,33.946,True,False,0.20445649605531985
2026-08-03 09:15:00,AST_0063,SITE_C,SITE_C_B2,29.89,52.53,97.83,12.009,0.631,True,False,0.15688334652104374
2026-08-03 09:15:00,AST_0021,SITE_A,SITE_A_B2,26.76,51.13,99.5,8.031,0.426,True,False,0.23908457223828294
2026-08-03 09:30:00,AST_0012,SITE_A,SITE_A_B2,14.71,54.58,98.85,15.395,773.675,False,True,-0.0006310414363618344
2026-08-03 09:30:00,AST_0010,SITE_A,SITE_A_B1,23.55,49.9,99.84,3.064,0.25,True,False,0.25524632848038253
2026-08-03 09:30:00,AST_0021,SITE_A,SITE_A_B2,27.29,49.46,99.91,7.713,0.442,True,False,0.25073579508244886
2026-08-03 09:45:00,AST_0001,SITE_A,SITE_A_B1,14.09,55.04,98.58500000000001,13.675,680.869,False,True,-0.003827761644558225
2026-08-03 10:00:00,AST_0012,SITE_A,SITE_A_B2,14.54,51.73,98.31,15.676,834.31,False,True,-0.008072750171264631
2026-08-03 10:00:00,AST_0010,SITE_A,SITE_A_B1,24.25,53.28,100.09,2.872,0.286,True,False,0.2659533681895186
2026-08-03 10:00:00,AST_0007,SITE_A,SITE_A_B1,24.35,57.56,99.98,4.494,0.035,True,False,0.2338728757026583
2026-08-03 10:15:00,AST_0012,SITE_A,SITE_A_B2,14.51,49.64,97.85,15.238,820.489,False,True,-0.008362573348658975
2026-08-03 10:15:00,AST_0001,SITE_A,SITE_A_B1,14.42,57.43,98.37,13.952,744.068,False,True,-0.021586809536780494
2026-08-03 10:30:00,AST_0001,SITE_A,SITE_A_B1,14.37,52.68,97.84,13.944,745.308,False,True,-0.00028761701350321633
2026-08-03 10:30:00,AST_0012,SITE_A,SITE_A_B2,15.51,50.14,97.91,15.292,828.666,False,True,-0.006936933661354838
2026-08-03 10:45:00,AST_0001,SITE_A,SITE_A_B1,15.1,51.26,97.81,13.782,742.797,False,True,-0.004285061068850959
2026-08-03 10:45:00,AST_0012,SITE_A,SITE_A_B2,15.57,56.33,98.42,15.228,827.5,False,True,-0.010086606175224277
2026-08-03 11:00:00,AST_0012,SITE_A,SITE_A_B2,14.54,52.9,98.04,15.214500000000001,867.999,False,True,-0.012897242648219343
2026-08-03 11:00:00,AST_0001,SITE_A,SITE_A_B1,13.46,54.58,98.78,13.879999999999999,782.167,False,True,-0.007554299903053008
2026-08-03 11:15:00,AST_0012,SITE_A,SITE_A_B2,15.11,52.75,98.2,15.201,876.193,False,True,-0.009168933741691365
2026-08-03 11:15:00,AST_0056,SITE_C,SITE_C_B2,12.77,56.82,98.6,12.76,722.99,False,True,-0.0028774167044518517
2026-08-03 11:30:00,AST_0012,SITE_A,SITE_A_B2,14.65,48.45,98.42,15.26,867.254,False,True,-0.004422527103690954
2026-08-03 11:45:00,AST_0040,SITE_B,SITE_B_B2,22.77,56.81,101.37,4.293793964683583,0.0360558239917532,True,False,0.1865028205123388
2026-08-03 11:45:00,AST_0001,SITE_A,SITE_A_B1,13.76,57.12,98.76,13.898,792.504,False,True,-0.004389866144231425
2026-08-03 11:45:00,AST_0012,SITE_A,SITE_A_B2,14.82,54.43,97.9,15.076,878.016,False,True,-0.031194551729436637
2026-08-03 12:00:00,AST_0012,SITE_A,SITE_A_B2,15.66,56.56,98.19,15.387,911.465,False,True,-0.024254837937339402
2026-08-03 12:15:00,AST_0012,SITE_A,SITE_A_B2,15.65,52.0,98.14,15.374,910.774,False,True,-0.012864023194057439
2026-08-03 12:15:00,AST_0019,SITE_A,SITE_A_B2,28.82,53.44,99.46,41.61288190979566,2.4337681194433425,True,False,0.1108338101869869
2026-08-03 12:15:00,AST_0056,SITE_C,SITE_C_B2,12.42,51.96,98.61,12.754,753.901,False,True,-0.008221515447804584
2026-08-03 12:15:00,AST_0001,SITE_A,SITE_A_B1,15.43,51.58,98.49,14.016,834.348,False,True,-0.008633369100189303
2026-08-03 12:30:00,AST_0012,SITE_A,SITE_A_B2,13.94,47.28,98.21,15.357,913.957,False,True,-0.02392594559620742
2026-08-03 12:30:00,AST_0001,SITE_A,SITE_A_B1,13.51,51.14,98.49,14.141,820.429,False,True,-0.012577111099664529
2026-08-03 12:30:00,AST_0013,SITE_A,SITE_A_B2,20.92,51.72,98.82,5.389,44.334,True,False,0.1592420173405612
2026-08-03 12:45:00,AST_0001,SITE_A,SITE_A_B1,14.85,52.6,98.31,14.18,822.892,False,True,-0.0010231326766130255
2026-08-03 12:45:00,AST_0012,SITE_A,SITE_A_B2,15.03,54.14,98.18,15.455,919.761,False,True,-0.020011013392575494
2026-08-03 13:00:00,AST_0012,SITE_A,SITE_A_B2,14.84,50.56,98.36,15.433,945.84,False,True,-0.013823390750315467
2026-08-03 13:00:00,AST_0001,SITE_A,SITE_A_B1,14.31,55.29,98.31,13.962,847.466,False,True,-0.014816727766676419
2026-08-03 13:15:00,AST_0012,SITE_A,SITE_A_B2,14.63,54.82,98.55,15.624,934.494,False,True,-0.039886950171468594
2026-08-03 13:15:00,AST_0056,SITE_C,SITE_C_B2,13.1,48.06,98.98,12.719,774.405,False,True,-0.005549589398578192
2026-08-03 13:15:00,AST_0001,SITE_A,SITE_A_B1,14.29,56.42,98.69,13.823,850.989,False,True,-0.014865844368148085
2026-08-03 13:30:00,AST_0001,SITE_A,SITE_A_B1,14.45,53.61,98.83,13.704,848.398,False,True,-0.0013271481953391895
2026-08-03 13:30:00,AST_0012,SITE_A,SITE_A_B2,15.31,51.09,98.13,15.231,937.224,False,True,-0.025586451129117393
2026-08-03 13:45:00,AST_0001,SITE_A,SITE_A_B1,14.51,53.22,97.9,14.047,852.956,False,True,-0.011220964101130715
2026-08-03 13:45:00,AST_0056,SITE_C,SITE_C_B2,13.14,58.1,98.33,12.621,782.773,False,True,-0.009651039225313296
2026-08-03 13:45:00,AST_0012,SITE_A,SITE_A_B2,15.39,53.46,97.31,15.418,940.327,False,True,-0.03067441348277833
2026-08-03 14:00:00,AST_0001,SITE_A,SITE_A_B1,14.4,58.17,97.99,14.107,853.477,False,True,-0.02213948707910207
2026-08-03 14:00:00,AST_0012,SITE_A,SITE_A_B2,15.47,53.89,98.24,15.414,951.324,False,True,-0.024843928477740085
2026-08-03 14:00:00,AST_0034,SITE_B,SITE_B_B2,12.29,51.86,99.13,12.407,755.11,False,True,-0.01909723040057698
2026-08-03 14:00:00,AST_0056,SITE_C,SITE_C_B2,12.92,60.2,99.28,12.703,785.544,False,True,-0.0031687461885578916
2026-08-03 14:15:00,AST_0034,SITE_B,SITE_B_B2,12.95,56.55,98.46,12.239,745.375,False,True,-0.0028138268261412858
2026-08-03 14:15:00,AST_0012,SITE_A,SITE_A_B2,14.95,52.09,97.67,15.715,949.951,False,True,-0.021049262450057893
2026-08-03 14:15:00,AST_0001,SITE_A,SITE_A_B1,14.55,53.59,98.3,14.06,860.357,False,True,-0.004729489888484761
2026-08-03 14:30:00,AST_0012,SITE_A,SITE_A_B2,15.05,51.93,98.31,15.336,947.27,False,True,-0.023450628452199695
2026-08-03 14:30:00,AST_0034,SITE_B,SITE_B_B2,13.86,58.49,98.565,12.078,743.279,False,True,-0.0024370825368280613
2026-08-03 14:30:00,AST_0001,SITE_A,SITE_A_B1,15.02,57.96,98.21,13.892,857.786,False,True,-0.019406327412602176
2026-08-03 14:45:00,AST_0001,SITE_A,SITE_A_B1,13.86,54.26,98.13,13.794,861.218,False,True,-0.011655798705167975
2026-08-03 14:45:00,AST_0012,SITE_A,SITE_A_B2,15.86,53.72,97.54,15.353,943.066,False,True,-0.02174838900383458
2026-08-03 15:00:00,AST_0026,SITE_B,SITE_B_B1,20.69,47.56,100.48,32.99494914675582,260.81881680034485,True,False,0.050489441630186316
2026-08-03 15:00:00,AST_0056,SITE_C,SITE_C_B2,12.77,54.58,98.75,12.591,774.601,False,True,-0.003323128657470198
2026-08-03 15:00:00,AST_0001,SITE_A,SITE_A_B1,12.58,50.49,98.41,13.772,844.094,False,True,-0.014382044156021512
2026-08-03 15:00:00,AST_0012,SITE_A,SITE_A_B2,15.73,53.23,98.08,15.5,949.724,False,True,-0.017019841111873046
2026-08-03 15:15:00,AST_0012,SITE_A,SITE_A_B2,15.16,52.63,97.87,15.356,940.045,False,True,-0.019295636339489053
2026-08-03 15:30:00,AST_0012,SITE_A,SITE_A_B2,15.53,56.49,98.08,15.318,943.407,False,True,-0.02645460314267878
2026-08-03 15:30:00,AST_0056,SITE_C,SITE_C_B2,14.34,55.84,99.15,12.766,776.414,False,True,-0.009377187915305174
2026-08-03 15:30:00,AST_0001,SITE_A,SITE_A_B1,14.09,54.26,97.8,13.985,859.645,False,True,-0.015706760688582788
2026-08-03 15:45:00,AST_0012,SITE_A,SITE_A_B2,14.72,53.84,97.19,15.253,942.969,False,True,-0.031972047539770565
2026-08-03 15:45:00,AST_0001,SITE_A,SITE_A_B1,14.0,55.72,98.09,14.003,853.658,False,True,-0.014660706488354935
2026-08-03 16:00:00,AST_0012,SITE_A,SITE_A_B2,14.96,51.86,98.16,15.532,928.866,False,True,-0.0267846118257965
2026-08-03 16:15:00,AST_0012,SITE_A,SITE_A_B2,14.41,57.58,98.295,15.501,923.741,False,True,-0.031369349005576974
2026-08-03 16:30:00,AST_0001,SITE_A,SITE_A_B1,15.66,51.55,97.32,14.113,828.362,False,True,-0.016239507982196644
2026-08-03 16:30:00,AST_0012,SITE_A,SITE_A_B2,14.65,50.15,98.43,15.627,917.571,False,True,-0.012106999747745983
2026-08-03 16:45:00,AST_0012,SITE_A,SITE_A_B2,14.38,53.57,98.2,15.495,915.153,False,True,-0.0202619180069592
2026-08-03 17:00:00,AST_0012,SITE_A,SITE_A_B2,15.23,49.08,97.84,15.494,881.955,False,True,-0.014799746497080268
2026-08-03 17:00:00,AST_0001,SITE_A,SITE_A_B1,14.04,50.03,97.99,14.117,796.362,False,True,-0.009069299109467077
2026-08-03 17:15:00,AST_0056,SITE_C,SITE_C_B2,12.07,54.42,98.36,12.721,738.66,False,True,-0.02717546999603926
2026-08-03 17:15:00,AST_0012,SITE_A,SITE_A_B2,15.75,48.07,97.81,15.597,884.044,False,True,-0.012604659852348599
2026-08-03 17:30:00,AST_0012,SITE_A,SITE_A_B2,14.9,50.88,98.38,15.561,872.961,False,True,-0.006223728383819238
2026-08-03 17:45:00,AST_0012,SITE_A,SITE_A_B2,16.19,54.48,97.95,15.49,876.499,False,True,-0.03383594544487001
2026-08-03 17:45:00,AST_0001,SITE_A,SITE_A_B1,13.65,49.48,97.9,14.184,798.484,False,True,-0.00956942859238552
2026-08-03 18:00:00,AST_0012,SITE_A,SITE_A_B2,15.44,53.17,98.31,15.394,831.643,False,True,-0.006358880904577147
2026-08-03 18:00:00,AST_0033,SITE_B,SITE_B_B1,29.04,52.02,99.04,47.29242327886477,2.361656471459836,True,False,0.11959211310732853
2026-08-03 18:00:00,AST_0001,SITE_A,SITE_A_B1,14.01,57.44,98.17,13.868,753.015,False,True,-0.013099517428075247
2026-08-03 18:15:00,AST_0012,SITE_A,SITE_A_B2,15.5,46.13,96.91,15.412,831.091,False,True,-0.022535741167385326
2026-08-03 18:30:00,AST_0012,SITE_A,SITE_A_B2,15.59,50.63,97.81,15.791,830.408,False,True,-0.013566343943784198
2026-08-03 18:45:00,AST_0012,SITE_A,SITE_A_B2,15.77,53.85,97.69,15.647,823.686,False,True,-0.010572852244035369
2026-08-03 19:00:00,AST_0012,SITE_A,SITE_A_B2,15.33,52.26,98.37,15.507,771.525,False,True,-0.0004150846998044466
2026-08-03 19:00:00,AST_0034,SITE_B,SITE_B_B2,12.39,52.35,98.65,12.081,612.165,False,True,-0.003994564269854117
2026-08-03 19:15:00,AST_0012,SITE_A,SITE_A_B2,15.77,51.48,97.79,15.409,774.696,False,True,-0.007036871595340499
2026-08-03 19:30:00,AST_0001,SITE_A,SITE_A_B1,14.1,59.33,98.07,14.139,690.126,False,True,-0.01109995403946773
2026-08-03 19:30:00,AST_0012,SITE_A,SITE_A_B2,15.2,53.87,98.29,15.512,775.133,False,True,-0.0032298285743200816
2026-08-03 19:45:00,AST_0001,SITE_A,SITE_A_B1,14.5,58.8,98.45,13.722,697.981,False,True,-0.006383295243992726
2026-08-03 19:45:00,AST_0012,SITE_A,SITE_A_B2,14.78,52.44,97.64,15.44,770.401,False,True,-0.015608693442545563
2026-08-04 01:00:00,AST_0022,SITE_A,SITE_A_B2,28.1,53.09,98.97,40.43954834111888,0.6174559858587739,True,False,0.15719347835240138
2026-08-04 04:30:00,AST_0038,SITE_B,SITE_B_B2,26.88,58.58,101.57,4.742,5.089,True,False,0.20582225483579464
2026-08-04 05:45:00,AST_0038,SITE_B,SITE_B_B2,27.12,52.57,101.34,5.056,5.394,True,False,0.2569892357711624
2026-08-04 06:45:00,AST_0038,SITE_B,SITE_B_B2,26.72,57.45,100.95,5.259,6.007,True,False,0.2509584819965809
2026-08-04 07:00:00,AST_0005,SITE_A,SITE_A_B1,26.95,50.48,100.68,31.897477662260727,26.25314684399532,True,False,0.14042575894283282
2026-08-04 08:00:00,AST_0001,SITE_A,SITE_A_B1,15.15,53.29,98.12,14.252,652.567,False,True,-0.001065272729731448
2026-08-04 08:30:00,AST_0012,SITE_A,SITE_A_B2,14.11,50.02,97.85,15.574,708.654,False,True,-0.004859698300677562
2026-08-04 08:30:00,AST_0025,SITE_B,SITE_B_B1,20.03,54.11,99.5,30.825293539159524,173.1941505443866,True,False,0.052384603301025345
2026-08-04 09:00:00,AST_0012,SITE_A,SITE_A_B2,14.21,53.1,97.57,15.474,773.246,False,True,-0.016472862745911865
2026-08-04 09:15:00,AST_0012,SITE_A,SITE_A_B2,14.25,49.5,98.14,15.531,779.206,False,True,-0.004459201856287565
2026-08-04 09:30:00,AST_0012,SITE_A,SITE_A_B2,15.44,48.2,97.95,15.742,782.558,False,True,-0.03426119047788345
2026-08-04 09:45:00,AST_0012,SITE_A,SITE_A_B2,15.13,51.55,97.99,15.692,785.584,False,True,-0.008032329273518712
2026-08-04 10:00:00,AST_0012,SITE_A,SITE_A_B2,14.17,48.33,98.33,15.624,837.524,False,True,-0.006073710712070857
2026-08-04 10:00:00,AST_0001,SITE_A,SITE_A_B1,14.35,55.56,98.13,14.203,755.055,False,True,-0.016226101987424912
2026-08-04 10:15:00,AST_0001,SITE_A,SITE_A_B1,14.79,47.94,98.24,14.27,765.569,False,True,-0.023989219557217223
2026-08-04 10:15:00,AST_0012,SITE_A,SITE_A_B2,14.59,49.55,98.48,15.639,847.993,False,True,-0.0030138521535508778
2026-08-04 10:30:00,AST_0001,SITE_A,SITE_A_B1,13.98,54.94,98.03,14.084,768.374,False,True,-0.01348450790427913
2026-08-04 10:30:00,AST_0012,SITE_A,SITE_A_B2,15.04,52.41,97.98,15.438,841.633,False,True,-0.011917447292598249
2026-08-04 10:30:00,AST_0032,SITE_B,SITE_B_B1,31.04,50.71,98.15,68.8018528805129,3.254038115255728,True,False,0.09253881344606152
2026-08-04 10:45:00,AST_0001,SITE_A,SITE_A_B1,13.46,52.9,98.36,14.085,783.1203333333334,False,True,-0.0021151857200004676
2026-08-04 10:45:00,AST_0012,SITE_A,SITE_A_B2,15.44,57.05,97.9,15.81,837.379,False,True,-0.02148949797962263
2026-08-04 11:00:00,AST_0050,SITE_C,SITE_C_B1,29.52,51.56,99.58,52.63311400525565,169.45786578324115,True,False,0.05560846481836712
2026-08-04 11:00:00,AST_0001,SITE_A,SITE_A_B1,14.24,51.34,98.32,14.277,797.8666666666667,False,True,-0.011051057390895402
2026-08-04 11:00:00,AST_0017,SITE_A,SITE_A_B2,26.08,54.25,100.44,24.11402782521946,72.4226294654353,True,False,0.10299599932613335
2026-08-04 11:00:00,AST_0012,SITE_A,SITE_A_B2,15.84,54.54,98.3,15.69,887.354,False,True,-0.016287511303365698
2026-08-04 11:15:00,AST_0001,SITE_A,SITE_A_B1,14.19,57.38,98.14,13.978,812.613,False,True,-0.015531064951243012
2026-08-04 11:15:00,AST_0012,SITE_A,SITE_A_B2,14.55,50.95,98.2,15.563,889.205,False,True,-0.015119141372258782
2026-08-04 11:30:00,AST_0001,SITE_A,SITE_A_B1,14.51,59.13,98.29,14.379,804.597,False,True,-0.02079179581754753
2026-08-04 11:30:00,AST_0012,SITE_A,SITE_A_B2,14.04,53.73,97.84,15.741,871.361,False,True,-0.012643818229882475
2026-08-04 11:45:00,AST_0001,SITE_A,SITE_A_B1,14.83,54.42,97.07,14.215,804.452,False,True,-0.027134399129731812
2026-08-04 11:45:00,AST_0012,SITE_A,SITE_A_B2,16.35,55.91,98.23,16.071,889.624,False,True,-0.02367794661834932
2026-08-04 12:00:00,AST_0056,SITE_C,SITE_C_B2,13.41,57.63,98.81,13.052,765.2,False,True,-0.00032962526677693393
2026-08-04 12:00:00,AST_0064,SITE_C,SITE_C_B2,23.02,48.08,100.43,5.082759640173145,0.8833676877979539,True,False,0.25117872996994156
2026-08-04 12:00:00,AST_0012,SITE_A,SITE_A_B2,15.68,49.71,98.62,15.746,927.736,False,True,-0.011640856460253812
2026-08-04 12:15:00,AST_0012,SITE_A,SITE_A_B2,14.98,46.11,97.58,15.483,924.262,False,True,-0.0194379959302996
2026-08-04 12:15:00,AST_0029,SITE_B,SITE_B_B1,29.88,41.4,98.86,11.306,0.0,True,False,0.21536407427380727
2026-08-04 12:15:00,AST_0001,SITE_A,SITE_A_B1,14.17,52.76,98.24000000000001,13.972,841.354,False,True,-0.005216721180129724
2026-08-04 12:30:00,AST_0001,SITE_A,SITE_A_B1,13.75,53.35,97.5,14.223,846.572,False,True,-0.015815998917434015
2026-08-04 12:30:00,AST_0012,SITE_A,SITE_A_B2,15.27,50.99,97.61,15.765,932.407,False,True,-0.029759857974258508
2026-08-04 12:45:00,AST_0012,SITE_A,SITE_A_B2,15.84,51.37,98.24,15.848,928.122,False,True,-0.012677969832767255
2026-08-04 13:00:00,AST_0001,SITE_A,SITE_A_B1,14.26,49.09,97.76,14.357,870.237,False,True,-0.03456138199766445
2026-08-04 13:00:00,AST_0034,SITE_B,SITE_B_B2,12.96,51.95,97.76,12.714,750.498,False,True,-0.0014711764808569283
2026-08-04 13:00:00,AST_0012,SITE_A,SITE_A_B2,15.28,49.94,97.62,15.664,962.314,False,True,-0.019367851332648733
2026-08-04 13:15:00,AST_0012,SITE_A,SITE_A_B2,15.03,48.51,98.2,15.56,945.072,False,True,-0.01400382614258644
2026-08-04 13:30:00,AST_0001,SITE_A,SITE_A_B1,14.48,51.77,98.41,14.29,862.332,False,True,-0.008972868713893134
2026-08-04 13:30:00,AST_0012,SITE_A,SITE_A_B2,15.68,53.54,98.53,15.891,951.902,False,True,-0.010819578465737556
2026-08-04 13:45:00,AST_0001,SITE_A,SITE_A_B1,14.58,50.92,98.43,14.192,867.169,False,True,-0.00660190394262028
2026-08-04 13:45:00,AST_0012,SITE_A,SITE_A_B2,14.65,49.76,98.61,15.882,965.761,False,True,-0.008812208418885525
2026-08-04 14:00:00,AST_0012,SITE_A,SITE_A_B2,15.92,49.69,97.89,15.747,967.083,False,True,-0.012756499166548974
2026-08-04 14:15:00,AST_0012,SITE_A,SITE_A_B2,15.95,54.5,98.46,15.584,964.289,False,True,-0.014622874341836511
2026-08-04 14:15:00,AST_0056,SITE_C,SITE_C_B2,14.03,56.17,98.4,13.069,794.015,False,True,-0.023085021337534095
2026-08-04 14:15:00,AST_0001,SITE_A,SITE_A_B1,14.34,50.39,98.38,14.197,893.734,False,True,-0.005819031156415577
2026-08-04 14:30:00,AST_0012,SITE_A,SITE_A_B2,14.96,51.31,97.89,15.723,966.81,False,True,-0.017078816097658267
2026-08-04 14:30:00,AST_0001,SITE_A,SITE_A_B1,15.12,55.8,98.8,14.191,875.198,False,True,-0.011072319555694987
2026-08-04 14:45:00,AST_0034,SITE_B,SITE_B_B2,13.04,56.73,99.61,12.657,763.023,False,True,-0.001458920349237225
2026-08-04 14:45:00,AST_0012,SITE_A,SITE_A_B2,15.39,50.3,97.44,15.804,956.406,False,True,-0.02325956052989786
2026-08-04 14:45:00,AST_0001,SITE_A,SITE_A_B1,14.37,54.15,99.08,14.364,882.712,False,True,-0.009181629889051135
2026-08-04 15:00:00,AST_0034,SITE_B,SITE_B_B2,13.315,59.04,98.66,12.694,764.605,False,True,-0.014692799524449573
2026-08-04 15:00:00,AST_0012,SITE_A,SITE_A_B2,15.15,51.5,98.68,15.496,952.159,False,True,-0.0074945555534976505
2026-08-04 15:00:00,AST_0001,SITE_A,SITE_A_B1,14.36,55.33,98.68,14.319,859.44,False,True,-0.007120936211433171
2026-08-04 15:15:00,AST_0001,SITE_A,SITE_A_B1,14.77,52.84,98.55,14.458,866.015,False,True,-0.0024349967507290016
2026-08-04 15:15:00,AST_0012,SITE_A,SITE_A_B2,14.26,50.3,97.34,15.507,957.44,False,True,-0.03280550595732823
2026-08-04 15:30:00,AST_0001,SITE_A,SITE_A_B1,13.98,52.16,98.13,14.209,871.159,False,True,-0.01327091391938895
2026-08-04 15:30:00,AST_0012,SITE_A,SITE_A_B2,14.85,55.65,98.56,15.661,964.202,False,True,-0.018782353389321993
2026-08-04 15:30:00,AST_0056,SITE_C,SITE_C_B2,13.2,56.74,98.15,12.987,793.248,False,True,-0.009903960498597097
2026-08-04 15:45:00,AST_0001,SITE_A,SITE_A_B1,13.33,52.98,98.24,14.1625,862.416,False,True,-0.006070314462058191
2026-08-04 15:45:00,AST_0012,SITE_A,SITE_A_B2,15.22,53.57,98.04,15.549,967.437,False,True,-0.01790081732374993
2026-08-04 16:00:00,AST_0056,SITE_C,SITE_C_B2,13.64,54.97,98.0,12.886,769.339,False,True,-0.009124186139955248
2026-08-04 16:00:00,AST_0012,SITE_A,SITE_A_B2,16.33,55.96,98.12,15.688,934.547,False,True,-0.023558898330358624
2026-08-04 16:00:00,AST_0034,SITE_B,SITE_B_B2,13.59,44.35,99.2,12.37,734.839,False,True,-0.001838671484044041
2026-08-04 16:00:00,AST_0001,SITE_A,SITE_A_B1,15.12,46.6,97.97,14.116,848.191,False,True,-0.0036549350365682187
2026-08-04 16:15:00,AST_0012,SITE_A,SITE_A_B2,15.29,58.45,98.2,15.768,933.256,False,True,-0.02441041874501937
2026-08-04 16:15:00,AST_0001,SITE_A,SITE_A_B1,13.7,50.55,98.03,14.35,844.094,False,True,-0.027113144946718792
2026-08-04 16:30:00,AST_0012,SITE_A,SITE_A_B2,15.17,50.79,97.42,15.848,929.129,False,True,-0.03343771922787697
2026-08-04 16:30:00,AST_0034,SITE_B,SITE_B_B2,13.09,53.815,98.08,12.58,728.829,False,True,-0.026881850649845274
2026-08-04 16:45:00,AST_0001,SITE_A,SITE_A_B1,14.18,53.45,98.28,14.428,852.357,False,True,-0.0019353748780189806
2026-08-04 16:45:00,AST_0012,SITE_A,SITE_A_B2,14.64,52.51,98.44,15.6,943.433,False,True,-0.01019973542242536
2026-08-04 17:00:00,AST_0012,SITE_A,SITE_A_B2,15.28,52.81,97.61,16.033,890.872,False,True,-0.04006522947626301
2026-08-04 17:00:00,AST_0001,SITE_A,SITE_A_B1,13.21,56.09,97.98,14.058,811.889,False,True,-0.011871920355695176
2026-08-04 17:15:00,AST_0012,SITE_A,SITE_A_B2,15.32,57.05,97.45,15.758,891.858,False,True,-0.03335944296409177
2026-08-04 17:30:00,AST_0012,SITE_A,SITE_A_B2,15.03,53.11,97.63,15.634,892.936,False,True,-0.029561405848871236
2026-08-04 17:30:00,AST_0001,SITE_A,SITE_A_B1,14.05,57.75,98.25,14.312,820.541,False,True,-0.013180503239260233
2026-08-04 17:45:00,AST_0012,SITE_A,SITE_A_B2,15.34,45.72,98.34,15.65,898.173,False,True,-0.008704449857492302
2026-08-04 18:00:00,AST_0040,SITE_B,SITE_B_B2,22.78,54.53,101.15,5.022069972827794,0.0,True,False,0.2214003500228297
2026-08-04 18:00:00,AST_0001,SITE_A,SITE_A_B1,13.99,55.68,98.12,14.563,759.411,False,True,-0.012250253534970112
2026-08-04 18:15:00,AST_0001,SITE_A,SITE_A_B1,15.3,54.17,97.92,14.308,764.704,False,True,-0.03208577879923824
2026-08-04 18:15:00,AST_0012,SITE_A,SITE_A_B2,14.98,51.97,97.81,15.727,853.032,False,True,-0.013942656901745565
2026-08-04 18:30:00,AST_0032,SITE_B,SITE_B_B1,32.13,49.31,98.43,69.7526576689234,3.3576986092320187,True,False,0.09990648378496991
2026-08-04 18:30:00,AST_0001,SITE_A,SITE_A_B1,13.91,47.83,97.7,14.555,761.772,False,True,-0.013594184998903969
2026-08-04 18:30:00,AST_0012,SITE_A,SITE_A_B2,15.3,48.27,98.0,15.845,843.982,False,True,-0.0009340132363372389
2026-08-04 18:30:00,AST_0030,SITE_B,SITE_B_B1,30.58,52.13,98.04,62.469897587481285,2.9610845453227337,True,False,0.0486121482619839
2026-08-04 18:45:00,AST_0012,SITE_A,SITE_A_B2,15.48,53.68,98.34,15.738,836.505,False,True,-0.007234071918194029
2026-08-04 19:00:00,AST_0001,SITE_A,SITE_A_B1,15.3,49.67,97.95,71.50254307738102,3179.7090340967293,True,True,-0.04654996816899892
2026-08-04 19:00:00,AST_0012,SITE_A,SITE_A_B2,15.18,54.77,98.01,15.667,801.635,False,True,-0.015947340540691912
2026-08-04 19:15:00,AST_0012,SITE_A,SITE_A_B2,15.34,53.16,98.08,15.744,773.787,False,True,-0.03493542191151566
2026-08-04 19:30:00,AST_0012,SITE_A,SITE_A_B2,15.33,53.51,98.59,15.437,790.812,False,True,-0.01060168057612021
2026-08-04 19:45:00,AST_0012,SITE_A,SITE_A_B2,14.89,53.46,97.66,15.843,774.619,False,True,-0.02407094887390293
2026-08-04 20:45:00,AST_0026,SITE_B,SITE_B_B1,20.09,56.19,100.2,33.662535487554685,14.9235,True,False,0.14375255359432293
2026-08-04 21:15:00,AST_0041,SITE_B,SITE_B_B2,29.94,53.18,98.18,47.81334292357902,0.6850606558433112,True,False,0.13328650456021307
2026-08-04 21:45:00,AST_0040,SITE_B,SITE_B_B2,22.33,48.38,100.46,3.691954763508852,0.0,True,False,0.29368098670896003
2026-08-04 23:00:00,AST_0044,SITE_B,SITE_B_B2,25.17,46.55,99.98,13.629887791310075,0.082,True,False,0.2261486109470109
2026-08-05 01:30:00,AST_0029,SITE_B,SITE_B_B1,29.62,49.24,98.41,59.14208082804454,0.0270418679938149,True,False,0.1443973239869959
2026-08-05 01:30:00,AST_0064,SITE_C,SITE_C_B2,23.86,53.46,101.15,5.462070061081589,0.207320987952581,True,False,0.27387370499762664
2026-08-05 02:15:00,AST_0025,SITE_B,SITE_B_B1,20.1,52.96,100.06,30.79494870548685,65.14385999710014,True,False,0.11639655349339983
2026-08-05 03:00:00,AST_0044,SITE_B,SITE_B_B2,25.61,55.93,100.96,14.28735918755138,0.207320987952581,True,False,0.17904933107675663
2026-08-05 03:15:00,AST_0045,SITE_C,SITE_C_B1,8.85,54.35,101.14,23.218855231875533,333.8634092296379,True,False,0.01550819297217143
2026-08-05 04:00:00,AST_0043,SITE_B,SITE_B_B2,29.26,52.31,98.95,46.3567909072906,0.6760466998453729,True,False,0.1504143403556133
2026-08-05 05:00:00,AST_0017,SITE_A,SITE_A_B2,26.83,50.2,101.2,23.997705962807537,20.231824237372525,True,False,0.14013714676745603
2026-08-05 06:30:00,AST_0021,SITE_A,SITE_A_B2,27.02,49.61,98.97,42.1641463881826,0.6399908758536196,True,False,0.16389750123181612
2026-08-05 07:15:00,AST_0018,SITE_A,SITE_A_B2,22.05,49.0,101.62,0.625,0.027,True,False,0.24997985204348083
2026-08-05 08:00:00,AST_0012,SITE_A,SITE_A_B2,14.97,50.26,98.08,16.11,715.305,False,True,-0.0036429006998172087
2026-08-05 08:15:00,AST_0001,SITE_A,SITE_A_B1,15.21,48.84,98.29,14.203,655.134,False,True,-0.0087227166105589
2026-08-05 08:30:00,AST_0052,SITE_C,SITE_C_B1,28.18,48.81,99.62,38.34575481770427,1.7171586176072473,True,False,0.14425016946577485
2026-08-05 08:30:00,AST_0012,SITE_A,SITE_A_B2,16.39,50.11,98.03,15.921,729.532,False,True,-0.0024996091931653863
2026-08-05 08:45:00,AST_0012,SITE_A,SITE_A_B2,16.05,52.49,97.85,15.794,719.558,False,True,-0.014116762124058324
2026-08-05 08:45:00,AST_0018,SITE_A,SITE_A_B2,20.99,52.29,101.02,0.502,0.031,True,False,0.2281597280978898
2026-08-05 09:00:00,AST_0012,SITE_A,SITE_A_B2,15.92,51.14,97.79,16.075,782.419,False,True,-0.009261783968114834
2026-08-05 09:00:00,AST_0001,SITE_A,SITE_A_B1,14.33,51.7,98.26,14.456,711.957,False,True,-0.00396581660787243
2026-08-05 09:15:00,AST_0012,SITE_A,SITE_A_B2,16.18,49.79,97.2,16.172,786.305,False,True,-0.02223320812875018
2026-08-05 09:30:00,AST_0012,SITE_A,SITE_A_B2,15.6,51.3,98.55,16.059,790.041,False,True,-0.0022768926092272546
2026-08-05 09:30:00,AST_0054,SITE_C,SITE_C_B1,28.73,51.9,98.51,48.40506718019619,2.190391307499008,True,False,0.10944455981086798
2026-08-05 09:45:00,AST_0012,SITE_A,SITE_A_B2,15.37,50.67,97.08,16.009,788.732,False,True,-0.027664089625986432
2026-08-05 10:00:00,AST_0012,SITE_A,SITE_A_B2,15.79,51.68,98.71,15.707,859.643,False,True,-0.0001659437802854491
2026-08-05 10:00:00,AST_0001,SITE_A,SITE_A_B1,14.61,50.89,97.87,14.478,768.846,False,True,-0.004096223762284468
2026-08-05 10:15:00,AST_0012,SITE_A,SITE_A_B2,15.03,49.81,98.03,15.898,851.621,False,True,-0.023213090450404206
2026-08-05 10:15:00,AST_0001,SITE_A,SITE_A_B1,14.16,48.66,98.72,74.51173908325468,3509.926298125201,True,True,-0.034921177625186095
2026-08-05 10:30:00,AST_0012,SITE_A,SITE_A_B2,15.415,55.59,98.16,15.989,853.798,False,True,-0.030807152020437267
2026-08-05 10:30:00,AST_0056,SITE_C,SITE_C_B2,14.65,46.91,98.99,65.68644995678488,3186.1585196132537,True,True,-0.050707692581918984
2026-08-05 10:30:00,AST_0001,SITE_A,SITE_A_B1,14.42,46.43,97.98,14.765,767.88,False,True,-0.00900215835704532
2026-08-05 10:45:00,AST_0012,SITE_A,SITE_A_B2,15.8,53.01,97.76,15.852,855.092,False,True,-0.025731797025436487
2026-08-05 11:00:00,AST_0056,SITE_C,SITE_C_B2,13.31,49.88,99.03,13.234,744.028,False,True,-0.0014947548353353435
2026-08-05 11:00:00,AST_0012,SITE_A,SITE_A_B2,15.14,44.13,98.22,15.964,900.293,False,True,-0.014321703604373015
2026-08-05 11:00:00,AST_0001,SITE_A,SITE_A_B1,14.38,51.54,98.02,14.514,796.7845,False,True,-0.0029223455331509607
2026-08-05 11:15:00,AST_0001,SITE_A,SITE_A_B1,14.42,51.98,98.21,14.242,821.957,False,True,-0.001994984566083713
2026-08-05 11:15:00,AST_0012,SITE_A,SITE_A_B2,15.9,51.35,97.93,15.825,914.006,False,True,-0.015261592768704757
2026-08-05 11:15:00,AST_0056,SITE_C,SITE_C_B2,14.43,56.42,99.28,13.549,749.55,False,True,-0.0005680805240265707
2026-08-05 11:30:00,AST_0012,SITE_A,SITE_A_B2,15.24,48.12,98.13,16.065,913.705,False,True,-0.014527756103220879
2026-08-05 11:45:00,AST_0001,SITE_A,SITE_A_B1,14.31,50.48,98.12,14.897,827.047,False,True,-0.0030522343320007472
2026-08-05 11:45:00,AST_0037,SITE_B,SITE_B_B2,19.05,53.07,100.69,23.92184387862585,175.64143959782683,True,False,0.0749574554021879
2026-08-05 11:45:00,AST_0012,SITE_A,SITE_A_B2,16.0,48.32,98.23,15.719,910.034,False,True,-0.009691494486177454
2026-08-05 11:45:00,AST_0008,SITE_A,SITE_A_B1,30.84,52.28,98.77,14.177,0.748,True,False,0.17625326697626797
2026-08-05 12:00:00,AST_0001,SITE_A,SITE_A_B1,14.65,50.78,98.23,14.451,852.043,False,True,-0.012652077541319029
2026-08-05 12:00:00,AST_0012,SITE_A,SITE_A_B2,15.26,50.88,98.04,16.166,955.105,False,True,-0.030687073119099906
2026-08-05 12:15:00,AST_0034,SITE_B,SITE_B_B2,12.89,48.69,98.58,12.644,752.107,False,True,-0.01074227729247923
2026-08-05 12:15:00,AST_0056,SITE_C,SITE_C_B2,13.68,49.25,97.6,13.155,773.964,False,True,-0.0019656209993554885
2026-08-05 12:15:00,AST_0001,SITE_A,SITE_A_B1,14.38,53.22,97.95,14.326,864.199,False,True,-0.010378202039068585
2026-08-05 12:15:00,AST_0012,SITE_A,SITE_A_B2,15.41,51.62,98.33,16.068,950.999,False,True,-0.01458241053836229
2026-08-05 12:30:00,AST_0012,SITE_A,SITE_A_B2,15.09,53.94,97.95,16.203,945.255,False,True,-0.024803499354198122
2026-08-05 12:45:00,AST_0001,SITE_A,SITE_A_B1,14.62,54.67,98.77,14.467,866.43,False,True,-0.017633844420874123
2026-08-05 12:45:00,AST_0056,SITE_C,SITE_C_B2,12.85,53.06,98.21,13.138,780.776,False,True,-0.001237594448681989
2026-08-05 12:45:00,AST_0012,SITE_A,SITE_A_B2,14.82,47.43,97.48,16.01,941.649,False,True,-0.024855144563039167
2026-08-05 13:00:00,AST_0001,SITE_A,SITE_A_B1,13.78,54.47,98.18,14.136,886.346,False,True,-0.01785203834826865
2026-08-05 13:00:00,AST_0012,SITE_A,SITE_A_B2,16.28,51.82,97.43,15.948,976.141,False,True,-0.027679941920936146
2026-08-05 13:15:00,AST_0001,SITE_A,SITE_A_B1,14.36,49.51,99.39,14.751,887.454,False,True,-0.0006544304225809539
2026-08-05 13:15:00,AST_0012,SITE_A,SITE_A_B2,15.68,51.15,97.61,16.0,981.725,False,True,-0.022541647438876655
2026-08-05 13:15:00,AST_0034,SITE_B,SITE_B_B2,11.95,51.06,98.5,12.314,771.48,False,True,-0.002576074639575876
2026-08-05 13:30:00,AST_0001,SITE_A,SITE_A_B1,15.07,49.24,98.32,14.358,878.223,False,True,-0.023939911600266095
2026-08-05 13:30:00,AST_0012,SITE_A,SITE_A_B2,15.17,49.18,98.46,15.98,972.88,False,True,-0.007453501252115635
2026-08-05 13:45:00,AST_0012,SITE_A,SITE_A_B2,15.08,52.43,97.08,16.156,983.494,False,True,-0.03627492550254363
2026-08-05 13:45:00,AST_0001,SITE_A,SITE_A_B1,14.94,53.74,97.86,14.573,883.574,False,True,-0.014405131503964275
2026-08-05 14:00:00,AST_0012,SITE_A,SITE_A_B2,14.65,53.74,98.52,15.948,982.139,False,True,-0.012732267521166074
2026-08-05 14:00:00,AST_0034,SITE_B,SITE_B_B2,12.92,50.58,98.78,12.517,776.884,False,True,-0.014142065332213294
2026-08-05 14:00:00,AST_0056,SITE_C,SITE_C_B2,12.87,52.92,98.48,13.218,806.244,False,True,-0.016321708285039316
2026-08-05 14:00:00,AST_0001,SITE_A,SITE_A_B1,14.08,50.48,98.37,14.257,888.545,False,True,-0.007301789828436878
2026-08-05 14:15:00,AST_0012,SITE_A,SITE_A_B2,16.29,47.86,97.5,16.356,986.646,False,True,-0.028618709038016665
2026-08-05 14:15:00,AST_0056,SITE_C,SITE_C_B2,13.98,51.4,98.41,13.598,818.644,False,True,-0.013663612605779751
2026-08-05 14:15:00,AST_0001,SITE_A,SITE_A_B1,14.0,51.92,98.07,14.446,886.51,False,True,-0.025934583841808245
2026-08-05 14:30:00,AST_0001,SITE_A,SITE_A_B1,13.96,51.06,98.3,14.505,893.475,False,True,-0.014725805388207891
2026-08-05 14:30:00,AST_0012,SITE_A,SITE_A_B2,15.76,55.53,97.53,16.198,982.507,False,True,-0.0320488823749302
2026-08-05 14:45:00,AST_0012,SITE_A,SITE_A_B2,14.5,52.04,98.02,16.372,968.828,False,True,-0.020824198684661233
2026-08-05 14:45:00,AST_0001,SITE_A,SITE_A_B1,14.87,54.09,98.63,14.313,891.414,False,True,-0.013363122697572227
2026-08-05 15:00:00,AST_0012,SITE_A,SITE_A_B2,14.82,55.94,98.14,15.983,980.137,False,True,-0.03514725426276444
2026-08-05 15:00:00,AST_0001,SITE_A,SITE_A_B1,14.62,45.48,98.05,14.531,875.827,False,True,-0.0028769035455623593
2026-08-05 15:15:00,AST_0050,SITE_C,SITE_C_B1,29.31,49.33,99.36,52.05150469319603,180.43235721073103,True,False,0.05575200818248405
2026-08-05 15:15:00,AST_0012,SITE_A,SITE_A_B2,15.67,54.34,97.83,16.038,976.998,False,True,-0.024919218015390765
2026-08-05 15:30:00,AST_0001,SITE_A,SITE_A_B1,15.55,55.72,98.12,14.667,887.281,False,True,-0.01826936996933426
2026-08-05 15:30:00,AST_0012,SITE_A,SITE_A_B2,16.29,56.53,98.35,15.693,973.868,False,True,-0.02276317711077469
2026-08-05 15:30:00,AST_0056,SITE_C,SITE_C_B2,13.01,52.96,98.85,13.385,801.983,False,True,-0.007972351671032274
2026-08-05 15:45:00,AST_0001,SITE_A,SITE_A_B1,14.6,45.87,97.95,14.426,886.201,False,True,-0.036473888950740885
2026-08-05 15:45:00,AST_0012,SITE_A,SITE_A_B2,13.84,51.8,97.82,15.983,965.951,False,True,-0.022424677604544807
2026-08-05 16:00:00,AST_0012,SITE_A,SITE_A_B2,14.58,48.11,97.44,15.979,949.442,False,True,-0.03697276330185739
2026-08-05 16:15:00,AST_0034,SITE_B,SITE_B_B2,14.34,54.14,98.86,12.761,747.938,False,True,-0.00026266381630024593
2026-08-05 16:15:00,AST_0051,SITE_C,SITE_C_B1,30.69,51.29,97.76,13.27,0.027,True,False,0.15274018877008577
2026-08-05 16:15:00,AST_0012,SITE_A,SITE_A_B2,16.48,49.04,98.14,16.063,944.811,False,True,-0.014885562206055636
2026-08-05 16:15:00,AST_0001,SITE_A,SITE_A_B1,14.11,49.58,98.07,14.617,864.87,False,True,-0.005849283571861652
2026-08-05 16:30:00,AST_0012,SITE_A,SITE_A_B2,14.93,50.74,97.31,15.929,943.818,False,True,-0.031248314376206898
2026-08-05 16:45:00,AST_0012,SITE_A,SITE_A_B2,15.64,49.12,97.8,16.121,949.802,False,True,-0.018888838982909717
2026-08-05 17:00:00,AST_0012,SITE_A,SITE_A_B2,15.37,50.73,97.36,16.013,905.226,False,True,-0.029391741492021062
2026-08-05 17:00:00,AST_0037,SITE_B,SITE_B_B2,19.740000000000002,53.22,100.75,23.739774876589795,174.3659648241186,True,False,0.07063588291793799
2026-08-05 17:15:00,AST_0001,SITE_A,SITE_A_B1,14.5,52.89,98.02,15.006,832.741,False,True,-0.013225785388971678
2026-08-05 17:15:00,AST_0012,SITE_A,SITE_A_B2,16.08,53.74,98.51,16.105,910.133,False,True,-0.01258879595344009
2026-08-05 17:30:00,AST_0056,SITE_C,SITE_C_B2,12.52,52.77,98.33,13.255,749.178,False,True,-0.0012067946979310573
2026-08-05 17:30:00,AST_0012,SITE_A,SITE_A_B2,15.26,47.22,97.05,16.191,908.609,False,True,-0.033287154625104676
2026-08-05 17:45:00,AST_0001,SITE_A,SITE_A_B1,14.13,47.82,97.73,14.652,822.156,False,True,-0.004490771839347318
2026-08-05 17:45:00,AST_0056,SITE_C,SITE_C_B2,13.11,49.95,98.29,13.034,755.861,False,True,-0.0053423742815970066
2026-08-05 17:45:00,AST_0012,SITE_A,SITE_A_B2,15.12,55.33,97.87,16.167,916.25,False,True,-0.027436511201188285
2026-08-05 18:00:00,AST_0012,SITE_A,SITE_A_B2,15.34,47.99,97.81,16.324,862.712,False,True,-0.011595586380195755
2026-08-05 18:15:00,AST_0012,SITE_A,SITE_A_B2,14.93,46.04,97.39,15.969,855.345,False,True,-0.021964284457675176
2026-08-05 18:30:00,AST_0012,SITE_A,SITE_A_B2,15.09,48.68,97.87,16.114,865.574,False,True,-0.013065632162240881
2026-08-05 18:45:00,AST_0012,SITE_A,SITE_A_B2,14.91,47.43,98.26,16.175,853.638,False,True,-0.006422294384017313
2026-08-05 19:00:00,AST_0012,SITE_A,SITE_A_B2,15.47,45.54,97.48,16.148,790.586,False,True,-0.012644907296675223
2026-08-05 19:00:00,AST_0001,SITE_A,SITE_A_B1,15.79,49.26,97.28,14.443,712.047,False,True,-0.005036412485463937
2026-08-05 19:00:00,AST_0003,SITE_A,SITE_A_B1,18.23,48.85,101.07,10.78253089835736,87.46241504799538,True,False,0.1518799615563825
2026-08-05 19:15:00,AST_0012,SITE_A,SITE_A_B2,15.29,54.61,98.35,15.887,795.57,False,True,-0.011393617296225234
2026-08-05 19:15:00,AST_0006,SITE_A,SITE_A_B1,26.62,45.63,100.51,31.00736254119558,84.3300653387118,True,False,0.10205966524164944
2026-08-05 19:45:00,AST_0001,SITE_A,SITE_A_B1,15.09,51.82,97.64,14.744,721.797,False,True,-0.0049101685608407
2026-08-05 20:15:00,AST_0005,SITE_A,SITE_A_B1,27.28,48.86,101.23,32.79265025560465,27.25820293776544,True,False,0.1309305521399654
2026-08-06 01:15:00,AST_0018,SITE_A,SITE_A_B2,22.13,51.49,101.59,0.301,0.042,True,False,0.2400083894960267
2026-08-06 01:15:00,AST_0024,SITE_B,SITE_B_B1,27.38,51.39,98.48,73.07541695608137,140.65376939182931,True,False,0.06627995609852955
2026-08-06 03:15:00,AST_0033,SITE_B,SITE_B_B1,28.35,51.73,98.83,48.890584518959,0.6760466998453729,True,False,0.14857662805213678
2026-08-06 03:15:00,AST_0030,SITE_B,SITE_B_B1,31.56,48.7,98.33,63.51173687690981,0.910409555791769,True,False,0.12364050828718953
2026-08-06 03:30:00,AST_0033,SITE_B,SITE_B_B1,29.15,50.22,99.04,29.3187922594795,0.163,True,False,0.16877369067571435
2026-08-06 06:30:00,AST_0066,SITE_C,SITE_C_B2,23.07,46.52,101.14,1.1885059855131237,0.2749256579371183,True,False,0.2743948726792986
2026-08-06 06:45:00,AST_0017,SITE_A,SITE_A_B2,25.93,48.86,100.2,23.61839554189909,4.648,True,False,0.17734057855832752
2026-08-06 08:00:00,AST_0012,SITE_A,SITE_A_B2,16.53,52.29,97.82,16.386,724.038,False,True,-0.006242311849218973
2026-08-06 08:00:00,AST_0056,SITE_C,SITE_C_B2,14.22,52.28,98.58,13.343499999999999,2721.3899344035567,True,True,-0.005177242608935373
2026-08-06 08:15:00,AST_0012,SITE_A,SITE_A_B2,15.13,48.68,97.86,16.085,740.809,False,True,-0.007762094990433566
2026-08-06 08:45:00,AST_0012,SITE_A,SITE_A_B2,14.7,49.67,97.61,16.172,732.817,False,True,-0.010951037625458238
2026-08-06 09:00:00,AST_0034,SITE_B,SITE_B_B2,12.79,52.48,98.04,12.734,637.82,False,True,-0.003149062434589678
2026-08-06 09:00:00,AST_0012,SITE_A,SITE_A_B2,16.13,49.47,98.09,16.336,798.087,False,True,-0.005568747696604204
2026-08-06 09:15:00,AST_0041,SITE_B,SITE_B_B2,28.93,46.78,99.11,48.54161893172324,2.271516911480453,True,False,0.12812339281092588
2026-08-06 09:15:00,AST_0012,SITE_A,SITE_A_B2,16.34,50.0,98.0,16.329,795.878,False,True,-0.02054520065609966
2026-08-06 09:15:00,AST_0056,SITE_C,SITE_C_B2,13.75,50.49,99.24,13.415,665.194,False,True,-0.0014428312704909407
2026-08-06 09:30:00,AST_0012,SITE_A,SITE_A_B2,15.23,51.91,98.05,16.249,806.982,False,True,-0.00894156750248587
2026-08-06 09:45:00,AST_0012,SITE_A,SITE_A_B2,15.26,49.07,98.13,15.897,792.175,False,True,-0.002085416134120388
2026-08-06 10:00:00,AST_0012,SITE_A,SITE_A_B2,16.56,44.38,97.64,16.349,870.034,False,True,-0.015622179347721366
2026-08-06 10:00:00,AST_0001,SITE_A,SITE_A_B1,14.66,51.38,97.06,14.874,779.31,False,True,-0.01975016746646885
2026-08-06 10:15:00,AST_0012,SITE_A,SITE_A_B2,15.86,52.53,97.43,16.075,867.766,False,True,-0.021577275799677054
2026-08-06 10:30:00,AST_0012,SITE_A,SITE_A_B2,15.75,49.08,98.08,16.5,865.988,False,True,-0.010046768334645129
2026-08-06 10:45:00,AST_0012,SITE_A,SITE_A_B2,15.2,51.03,97.99,16.619,867.548,False,True,-0.04251631715714044
2026-08-06 11:00:00,AST_0001,SITE_A,SITE_A_B1,14.18,43.96,98.42,14.743,845.072,False,True,-0.015249454792067074
2026-08-06 11:00:00,AST_0012,SITE_A,SITE_A_B2,15.51,43.88,98.24,16.342,925.033,False,True,-0.038585768487917615
2026-08-06 11:00:00,AST_0034,SITE_B,SITE_B_B2,12.63,50.65,98.46,65.81288676375436,3292.6268608829023,True,True,-0.03959284446822098
2026-08-06 11:15:00,AST_0012,SITE_A,SITE_A_B2,14.78,51.05,97.3,16.422,909.568,False,True,-0.037303479829147945
2026-08-06 11:30:00,AST_0012,SITE_A,SITE_A_B2,15.72,49.03,97.82,16.152,922.244,False,True,-0.017970583409326668
2026-08-06 11:30:00,AST_0001,SITE_A,SITE_A_B1,15.02,55.38,98.33,14.747,838.213,False,True,-0.01399457789096925
2026-08-06 11:45:00,AST_0001,SITE_A,SITE_A_B1,14.54,52.37,98.66,15.071,837.034,False,True,-0.0052115527974468945
2026-08-06 11:45:00,AST_0012,SITE_A,SITE_A_B2,16.66,49.58,97.7,16.1,928.343,False,True,-0.019084541729394777
2026-08-06 12:00:00,AST_0001,SITE_A,SITE_A_B1,14.78,52.31,97.59,14.818,886.656,False,True,-0.01884328133746438
2026-08-06 12:00:00,AST_0012,SITE_A,SITE_A_B2,16.24,43.41,98.16,16.071,971.96,False,True,-0.015417501919592125
2026-08-06 12:15:00,AST_0001,SITE_A,SITE_A_B1,14.21,46.68,97.78,14.894,883.646,False,True,-0.01880178257124354
2026-08-06 12:15:00,AST_0012,SITE_A,SITE_A_B2,16.08,49.74,97.37,16.372,962.824,False,True,-0.032560718856171844
2026-08-06 12:30:00,AST_0001,SITE_A,SITE_A_B1,14.84,50.59,97.39,14.802,872.422,False,True,-0.019788817491363075
2026-08-06 12:30:00,AST_0012,SITE_A,SITE_A_B2,16.23,46.81,98.2,15.995,961.796,False,True,-0.021325616672173697
2026-08-06 12:30:00,AST_0013,SITE_A,SITE_A_B2,20.37,52.82,100.36,28.20046542647309,214.924259836842,True,False,0.07201137759055376
2026-08-06 12:30:00,AST_0056,SITE_C,SITE_C_B2,14.65,54.99,98.38,13.404,791.342,False,True,-0.006419708240200106
2026-08-06 12:45:00,AST_0012,SITE_A,SITE_A_B2,16.08,49.36,97.56,16.296,952.062,False,True,-0.022216992532705815
2026-08-06 12:45:00,AST_0001,SITE_A,SITE_A_B1,14.23,45.64,97.94,14.54,868.196,False,True,-0.004690045485469252
2026-08-06 12:45:00,AST_0024,SITE_B,SITE_B_B1,25.35,50.89,98.08,74.8961069764419,514.9763201182134,True,True,-0.0017890911638571705
2026-08-06 13:00:00,AST_0012,SITE_A,SITE_A_B2,15.18,46.59,98.26,16.136,989.325,False,True,-0.014080974762359366
2026-08-06 13:00:00,AST_0001,SITE_A,SITE_A_B1,13.54,47.64,97.79,14.979,899.583,False,True,-0.013047704619685407
2026-08-06 13:15:00,AST_0056,SITE_C,SITE_C_B2,13.11,49.39,97.69,13.481,817.976,False,True,-0.0034709933979623075
2026-08-06 13:15:00,AST_0001,SITE_A,SITE_A_B1,14.72,48.11,98.86,14.616,905.169,False,True,-0.0016813883780120165
2026-08-06 13:15:00,AST_0012,SITE_A,SITE_A_B2,15.34,53.18,97.69,16.304,992.329,False,True,-0.030035183942740407
2026-08-06 13:30:00,AST_0005,SITE_A,SITE_A_B1,27.07,43.61,101.13,32.40322489013865,108.16296499726069,True,False,0.053690606834664756
2026-08-06 13:30:00,AST_0001,SITE_A,SITE_A_B1,14.67,46.56,97.96,14.7,887.688,False,True,-0.02422745657612213
2026-08-06 13:30:00,AST_0012,SITE_A,SITE_A_B2,15.0,50.63,97.39,16.31,998.495,False,True,-0.03257666169956441
2026-08-06 13:45:00,AST_0012,SITE_A,SITE_A_B2,15.84,49.44,97.62,16.283,1003.719,False,True,-0.028352868628469308
2026-08-06 13:45:00,AST_0034,SITE_B,SITE_B_B2,13.73,52.17,99.02,12.978,796.296,False,True,-0.005725833204122677
2026-08-06 13:45:00,AST_0001,SITE_A,SITE_A_B1,13.77,50.77,98.82,14.668,894.558,False,True,-0.00020580437546102726
2026-08-06 14:00:00,AST_0001,SITE_A,SITE_A_B1,14.59,51.22,98.34,14.985,907.354,False,True,-0.021913906969239227
2026-08-06 14:00:00,AST_0012,SITE_A,SITE_A_B2,15.56,51.55,97.41,16.422,997.338,False,True,-0.040851948367668034
2026-08-06 14:15:00,AST_0001,SITE_A,SITE_A_B1,13.2,52.16,98.03,14.849,917.621,False,True,-0.015690756577967813
2026-08-06 14:15:00,AST_0012,SITE_A,SITE_A_B2,16.51,42.19,97.01,16.542,1004.346,False,True,-0.0345280585147586
2026-08-06 14:30:00,AST_0001,SITE_A,SITE_A_B1,14.64,44.38,99.11,14.77,917.675,False,True,-0.0010593177685309652
2026-08-06 14:30:00,AST_0012,SITE_A,SITE_A_B2,16.1,47.98,98.33,16.379,996.147,False,True,-0.0131248073048571
2026-08-06 14:30:00,AST_0034,SITE_B,SITE_B_B2,12.93,50.73,97.81,12.759,794.299,False,True,-0.0007059178875490346
2026-08-06 14:45:00,AST_0012,SITE_A,SITE_A_B2,16.48,49.71,97.94,16.224,1012.948,False,True,-0.018982052857366427
2026-08-06 14:45:00,AST_0056,SITE_C,SITE_C_B2,13.97,55.57,98.45,13.44,822.118,False,True,-0.007782729900650098
2026-08-06 14:45:00,AST_0001,SITE_A,SITE_A_B1,15.24,45.41,98.19,14.915,906.67,False,True,-0.008270952886771488
2026-08-06 15:00:00,AST_0001,SITE_A,SITE_A_B1,15.52,53.38,97.96,14.695,897.258,False,True,-0.016559611417668707
2026-08-06 15:00:00,AST_0012,SITE_A,SITE_A_B2,14.81,45.03,98.0,16.202,1003.866,False,True,-0.029836743303949143
2026-08-06 15:15:00,AST_0001,SITE_A,SITE_A_B1,13.99,46.54,97.85,14.917,905.166,False,True,-0.012627287677130172
2026-08-06 15:15:00,AST_0012,SITE_A,SITE_A_B2,15.33,48.21,97.86,16.34,996.98,False,True,-0.017632608277762807
2026-08-06 15:30:00,AST_0012,SITE_A,SITE_A_B2,15.42,46.94,97.07,16.08,990.03,False,True,-0.02779674540447119
2026-08-06 15:30:00,AST_0001,SITE_A,SITE_A_B1,13.16,47.29,98.73,14.71,893.853,False,True,-0.007282347841924053
2026-08-06 15:45:00,AST_0001,SITE_A,SITE_A_B1,16.41,48.31,98.73,14.54,890.288,False,True,-0.00863100688506735
2026-08-06 15:45:00,AST_0012,SITE_A,SITE_A_B2,16.61,48.77,97.04,16.346,988.114,False,True,-0.034550251561893175
2026-08-06 16:00:00,AST_0056,SITE_C,SITE_C_B2,13.15,42.73,97.55,13.031,804.113,False,True,-0.0020411939676254764
2026-08-06 16:00:00,AST_0001,SITE_A,SITE_A_B1,14.68,48.06,97.71,14.773,873.341,False,True,-0.00818731442736087
2026-08-06 16:00:00,AST_0012,SITE_A,SITE_A_B2,16.16,48.94,98.15,16.239,965.944,False,True,-0.017555772638866762
2026-08-06 16:15:00,AST_0012,SITE_A,SITE_A_B2,15.44,46.93,97.3,16.086,980.551,False,True,-0.028011836106280774
2026-08-06 16:15:00,AST_0034,SITE_B,SITE_B_B2,12.84,54.03,98.08,13.16,763.868,False,True,-0.0044711209387067186
2026-08-06 16:30:00,AST_0001,SITE_A,SITE_A_B1,13.82,48.79,97.7,14.811,875.972,False,True,-0.008908183513561041
2026-08-06 16:30:00,AST_0012,SITE_A,SITE_A_B2,14.65,52.52,97.87,16.234,970.548,False,True,-0.020347461857189053
2026-08-06 16:45:00,AST_0001,SITE_A,SITE_A_B1,14.67,51.11,98.55,14.964,875.305,False,True,-0.0038163493351675015
2026-08-06 16:45:00,AST_0012,SITE_A,SITE_A_B2,15.71,47.32,98.44,16.237,962.61,False,True,-0.008786098568703049
2026-08-06 16:45:00,AST_0036,SITE_B,SITE_B_B2,25.93,51.74,98.06,74.85058972593289,511.22200744507205,True,True,-0.005679590517194133
2026-08-06 17:00:00,AST_0012,SITE_A,SITE_A_B2,16.32,41.56,97.09,16.213,931.854,False,True,-0.028377703911157348
2026-08-06 17:00:00,AST_0001,SITE_A,SITE_A_B1,14.61,52.73,98.55,14.872,837.94,False,True,-0.0016180570055256416
2026-08-06 17:15:00,AST_0001,SITE_A,SITE_A_B1,14.88,50.51,98.74,14.78,841.03,False,True,-0.020030645841420558
2026-08-06 17:15:00,AST_0056,SITE_C,SITE_C_B2,14.34,54.87,98.58,13.409,753.754,False,True,-0.00153204151865316
2026-08-06 17:15:00,AST_0012,SITE_A,SITE_A_B2,14.89,45.83,97.58,16.303,931.828,False,True,-0.022709377063141467
2026-08-06 17:30:00,AST_0012,SITE_A,SITE_A_B2,15.99,48.97,98.0,16.285,926.683,False,True,-0.013627622041336496
2026-08-06 17:45:00,AST_0012,SITE_A,SITE_A_B2,15.7,49.75,97.57,16.23,929.518,False,True,-0.021643102407651438
2026-08-06 18:00:00,AST_0012,SITE_A,SITE_A_B2,15.57,47.12,98.38,16.175,868.11,False,True,-0.00263750956387121
2026-08-06 18:15:00,AST_0001,SITE_A,SITE_A_B1,14.14,50.53,98.2,14.819,790.782,False,True,-0.0016968250615145841
2026-08-06 18:15:00,AST_0012,SITE_A,SITE_A_B2,15.96,47.23,98.2,16.219,880.342,False,True,-0.00931570771073531
2026-08-06 18:30:00,AST_0001,SITE_A,SITE_A_B1,14.31,51.61,98.55,15.021,792.05,False,True,-0.01817336781379264
2026-08-06 18:30:00,AST_0012,SITE_A,SITE_A_B2,15.77,51.86,97.4,16.053,882.915,False,True,-0.02811094109602552
2026-08-06 18:45:00,AST_0012,SITE_A,SITE_A_B2,16.21,47.37,98.4,16.421,883.397,False,True,-0.009640551939231301
2026-08-06 19:00:00,AST_0012,SITE_A,SITE_A_B2,15.01,51.19,98.02,16.328,801.487,False,True,-0.011276143927564375
2026-08-06 19:15:00,AST_0001,SITE_A,SITE_A_B1,14.92,49.555,97.73,15.094,733.827,False,True,-0.0015497599400088324
2026-08-06 19:15:00,AST_0012,SITE_A,SITE_A_B2,14.73,48.59,97.7,16.601,802.62,False,True,-0.013659103804605555
2026-08-06 19:30:00,AST_0012,SITE_A,SITE_A_B2,15.52,42.47,97.63,16.32,825.147,False,True,-0.008731566981491468
2026-08-06 19:30:00,AST_0007,SITE_A,SITE_A_B1,25.16,52.13,100.39,4.676,0.034,True,False,0.27138249959696564
2026-08-06 19:45:00,AST_0012,SITE_A,SITE_A_B2,15.19,49.58,97.54,16.463,808.027,False,True,-0.015945686427099037
2026-08-06 21:15:00,AST_0058,SITE_C,SITE_C_B2,24.59,47.73,98.8,65.0239210882648,122.143610750063,True,False,0.08572341761658764
2026-08-06 21:45:00,AST_0062,SITE_C,SITE_C_B2,22.58,50.14,101.62,5.962759816680735,0.0135209339969074,True,False,0.23695726122606448
2026-08-06 21:45:00,AST_0042,SITE_B,SITE_B_B2,31.46,46.21,97.2,71.34576143673887,0.8382979078082624,True,False,0.07934017582031028
2026-08-06 21:45:00,AST_0001,SITE_A,SITE_A_B1,14.85,50.61,98.03,75.3816243152047,1099.5133386725165,True,True,-0.037932609523529504
2026-08-06 23:30:00,AST_0015,SITE_A,SITE_A_B2,20.92,51.38,100.18,34.67402994331053,65.69371131297437,True,False,0.11553291612064043
2026-08-07 00:15:00,AST_0062,SITE_C,SITE_C_B2,22.21,38.78,100.45,1.283,0.026,True,False,0.2814868719930967
2026-08-07 02:15:00,AST_0020,SITE_A,SITE_A_B2,23.66,48.46,100.52,4.147127268598984,0.3290093939247481,True,False,0.30080465052096733
2026-08-07 06:00:00,AST_0018,SITE_A,SITE_A_B2,22.47,49.74,101.43,0.448,0.039,True,False,0.27080176806206946
2026-08-07 06:00:00,AST_0030,SITE_B,SITE_B_B1,31.65,50.03,98.85,64.4675991375991,0.9554793357814604,True,False,0.13209378912271386
2026-08-07 08:00:00,AST_0012,SITE_A,SITE_A_B2,16.14,48.2,98.02,16.716,759.559,False,True,-0.006847738011271254
2026-08-07 08:15:00,AST_0012,SITE_A,SITE_A_B2,15.12,43.27,97.31,16.572,750.996,False,True,-0.01762526190355307
2026-08-07 08:30:00,AST_0025,SITE_B,SITE_B_B1,21.0,50.97,99.805,31.245063738298203,180.67573402267536,True,False,0.05556268523987218
2026-08-07 08:30:00,AST_0012,SITE_A,SITE_A_B2,15.68,45.96,97.71,16.506,753.45,False,True,-0.015825003089314005
2026-08-07 08:30:00,AST_0034,SITE_B,SITE_B_B2,14.13,51.56,98.27,12.9485,593.904,False,True,-0.004550574655023176
2026-08-07 08:45:00,AST_0012,SITE_A,SITE_A_B2,14.79,47.23,97.39,16.807,744.706,False,True,-0.017161779920071507
2026-08-07 09:00:00,AST_0012,SITE_A,SITE_A_B2,14.76,54.22,98.35,16.621,816.297,False,True,-0.009917571961683747
2026-08-07 09:15:00,AST_0051,SITE_C,SITE_C_B1,30.95,42.91,98.51,69.45426680447544,0.0,True,False,0.10564450697018246
2026-08-07 09:15:00,AST_0012,SITE_A,SITE_A_B2,15.33,47.21,98.24,16.707,827.394,False,True,-0.008435534661917932
2026-08-07 09:30:00,AST_0012,SITE_A,SITE_A_B2,16.33,48.17,98.56,16.411,817.394,False,True,-0.019850183296860613
2026-08-07 09:45:00,AST_0012,SITE_A,SITE_A_B2,15.33,49.92,98.23,16.654,823.013,False,True,-0.008008290494687542
2026-08-07 09:45:00,AST_0001,SITE_A,SITE_A_B1,14.64,45.370000000000005,97.34,14.953,739.389,False,True,-0.010099246393140193
2026-08-07 10:00:00,AST_0012,SITE_A,SITE_A_B2,15.55,43.34,97.03,16.735,887.013,False,True,-0.030878718562547203
2026-08-07 10:15:00,AST_0012,SITE_A,SITE_A_B2,15.82,46.25,97.16,16.689,886.749,False,True,-0.029799482834422464
2026-08-07 10:30:00,AST_0012,SITE_A,SITE_A_B2,16.62,53.84,98.08,16.54,883.228,False,True,-0.01982691758640387
2026-08-07 10:30:00,AST_0001,SITE_A,SITE_A_B1,14.33,50.5,97.88,14.925,797.602,False,True,-0.003710364714413994
2026-08-07 10:45:00,AST_0001,SITE_A,SITE_A_B1,15.88,51.61,97.95,15.15,802.521,False,True,-0.006996005771081504
2026-08-07 10:45:00,AST_0012,SITE_A,SITE_A_B2,15.22,49.35,97.7,16.84,889.659,False,True,-0.04523271991801214
2026-08-07 10:45:00,AST_0052,SITE_C,SITE_C_B1,27.29,48.885,99.11,40.19678967173748,2.0732098795258103,True,False,0.1374688931585456
2026-08-07 11:00:00,AST_0001,SITE_A,SITE_A_B1,14.93,42.0,97.97,15.336,854.165,False,True,-0.006511073949567847
2026-08-07 11:00:00,AST_0056,SITE_C,SITE_C_B2,13.83,48.5,98.04,13.617,763.373,False,True,-0.0020707362640459692
2026-08-07 11:00:00,AST_0034,SITE_B,SITE_B_B2,13.37,47.16,97.96,13.201,747.71,False,True,-0.00581339211011489
2026-08-07 11:00:00,AST_0012,SITE_A,SITE_A_B2,17.28,46.27,97.56,16.579,941.574,False,True,-0.023743227411075374
2026-08-07 11:15:00,AST_0001,SITE_A,SITE_A_B1,15.08,45.58,97.89,14.919,835.094,False,True,-0.0015423306511247459
2026-08-07 11:15:00,AST_0056,SITE_C,SITE_C_B2,14.32,47.46,98.74,13.673,771.308,False,True,-0.01779405518845545
2026-08-07 11:15:00,AST_0012,SITE_A,SITE_A_B2,15.25,46.54,97.58,16.714,949.355,False,True,-0.022696465760843942
2026-08-07 11:30:00,AST_0012,SITE_A,SITE_A_B2,15.14,51.37,98.19,16.585,945.733,False,True,-0.04178460459547262
2026-08-07 11:30:00,AST_0060,SITE_C,SITE_C_B2,34.1,45.54,96.3,84.78346528145534,277.76956105446783,True,True,-0.019036936974713647
2026-08-07 11:30:00,AST_0001,SITE_A,SITE_A_B1,15.13,49.79,97.69,14.885,856.182,False,True,-0.021604453335913987
2026-08-07 11:45:00,AST_0012,SITE_A,SITE_A_B2,16.1,47.37,98.61,16.541,944.265,False,True,-0.0087219056879968
2026-08-07 11:45:00,AST_0001,SITE_A,SITE_A_B1,15.6,54.36,98.06,15.244,846.28,False,True,-0.012613134513694169
2026-08-07 11:45:00,AST_0030,SITE_B,SITE_B_B1,30.68,46.89,98.45,67.35035833650326,3.3982614112227414,True,False,0.11023872396498602
2026-08-07 12:00:00,AST_0012,SITE_A,SITE_A_B2,14.88,46.2,98.03,16.644,992.508,False,True,-0.03530336999287831
2026-08-07 12:00:00,AST_0001,SITE_A,SITE_A_B1,15.14,50.06,97.63,14.849,890.643,False,True,-0.016742666684617102
2026-08-07 12:15:00,AST_0012,SITE_A,SITE_A_B2,16.06,50.57,97.66,16.522,981.928,False,True,-0.049084424962712814
2026-08-07 12:15:00,AST_0001,SITE_A,SITE_A_B1,14.25,51.69,98.07,14.971,889.122,False,True,-0.017532390766673123
2026-08-07 12:30:00,AST_0012,SITE_A,SITE_A_B2,16.13,48.31,97.88,16.801,983.479,False,True,-0.019764932423912862
2026-08-07 12:30:00,AST_0001,SITE_A,SITE_A_B1,14.66,48.42,97.61,15.103,897.361,False,True,-0.020716424546887824
2026-08-07 12:45:00,AST_0049,SITE_C,SITE_C_B1,26.79,42.42,100.055,33.045523869543615,107.58607181339264,True,False,0.08598332558439659
2026-08-07 12:45:00,AST_0034,SITE_B,SITE_B_B2,13.98,47.5,98.93,13.01,781.834,False,True,-0.002954645719468685
2026-08-07 12:45:00,AST_0012,SITE_A,SITE_A_B2,15.63,44.48,97.78,16.565,980.509,False,True,-0.026173917592285822
2026-08-07 12:45:00,AST_0001,SITE_A,SITE_A_B1,13.74,48.98,98.56,14.913,889.988,False,True,-0.034358141949619836
2026-08-07 13:00:00,AST_0012,SITE_A,SITE_A_B2,16.51,44.11,96.74,16.604,1001.933,False,True,-0.032486159152794514
2026-08-07 13:00:00,AST_0001,SITE_A,SITE_A_B1,14.67,49.69,98.3,15.051,922.477,False,True,-0.011486521280897
2026-08-07 13:15:00,AST_0014,SITE_A,SITE_A_B2,22.55,47.04,99.29,33.601845820209334,257.0104203912159,True,False,0.06313311586381887
2026-08-07 13:15:00,AST_0012,SITE_A,SITE_A_B2,16.37,45.14,97.81,16.532,1012.523,False,True,-0.020840534243093067
2026-08-07 13:15:00,AST_0056,SITE_C,SITE_C_B2,13.61,49.2,98.41,13.615,840.929,False,True,-0.013513343383886212
2026-08-07 13:15:00,AST_0050,SITE_C,SITE_C_B1,29.84,46.72,99.97,55.09104553274236,190.88403919034053,True,False,0.04543565425001017
2026-08-07 13:30:00,AST_0001,SITE_A,SITE_A_B1,15.25,47.13,97.9,14.949,914.735,False,True,-0.011264930056221423
2026-08-07 13:30:00,AST_0012,SITE_A,SITE_A_B2,15.71,46.58,98.34,16.55,1010.544,False,True,-0.01853192897349032
2026-08-07 13:30:00,AST_0034,SITE_B,SITE_B_B2,14.63,46.41,98.17,13.473,805.264,False,True,-0.005092096236421262
2026-08-07 13:45:00,AST_0012,SITE_A,SITE_A_B2,16.49,42.85,97.88,16.7275,1009.811,False,True,-0.04570976400839477
2026-08-07 13:45:00,AST_0001,SITE_A,SITE_A_B1,15.44,46.73,98.28,14.99,922.518,False,True,-0.008896834977034751
2026-08-07 14:00:00,AST_0001,SITE_A,SITE_A_B1,14.99,53.44,98.56,15.339,920.507,False,True,-0.012762930017297114
2026-08-07 14:00:00,AST_0012,SITE_A,SITE_A_B2,16.15,49.2,97.72,16.905,1014.456,False,True,-0.03610018388515002
2026-08-07 14:15:00,AST_0001,SITE_A,SITE_A_B1,14.74,41.09,98.84,14.971,930.899,False,True,-0.0007814672204484729
2026-08-07 14:15:00,AST_0012,SITE_A,SITE_A_B2,15.6,47.44,97.4,16.702,1019.101,False,True,-0.02777434909844667
2026-08-07 14:30:00,AST_0001,SITE_A,SITE_A_B1,14.67,48.42,98.44,15.015,916.928,False,True,-0.00842738074526661
2026-08-07 14:30:00,AST_0034,SITE_B,SITE_B_B2,13.89,48.11,99.48,13.291,811.826,False,True,-0.01939809914585211
2026-08-07 14:30:00,AST_0012,SITE_A,SITE_A_B2,16.03,45.38,98.01,16.754,1016.958,False,True,-0.04186987186585622
2026-08-07 14:45:00,AST_0001,SITE_A,SITE_A_B1,14.85,51.65,98.53,14.917,934.824,False,True,-0.009089735679392308
2026-08-07 14:45:00,AST_0012,SITE_A,SITE_A_B2,16.96,44.2,98.23,16.83,1024.459,False,True,-0.016212883448996185
2026-08-07 15:00:00,AST_0012,SITE_A,SITE_A_B2,15.73,52.4,98.95,16.863,1011.208,False,True,-0.01117768046376777
2026-08-07 15:00:00,AST_0034,SITE_B,SITE_B_B2,13.45,47.55,98.4,13.098,798.794,False,True,-0.02118271595907506
2026-08-07 15:00:00,AST_0001,SITE_A,SITE_A_B1,14.28,45.5,98.58,14.911,916.12,False,True,-0.004412775196535712
2026-08-07 15:15:00,AST_0001,SITE_A,SITE_A_B1,16.56,48.21,98.42,14.913,924.785,False,True,-0.006614384682522068
2026-08-07 15:15:00,AST_0012,SITE_A,SITE_A_B2,15.69,43.83,97.47,16.634,1015.897,False,True,-0.024864069332996563
2026-08-07 15:30:00,AST_0012,SITE_A,SITE_A_B2,15.19,42.92,97.25,16.45,1001.183,False,True,-0.02686627157906052
2026-08-07 15:30:00,AST_0001,SITE_A,SITE_A_B1,15.21,48.71,98.4,15.132,917.819,False,True,-0.0066744396794262695
2026-08-07 15:45:00,AST_0012,SITE_A,SITE_A_B2,14.69,47.15,98.16,16.801,1008.921,False,True,-0.017924751150389273
2026-08-07 15:45:00,AST_0043,SITE_B,SITE_B_B2,28.69,44.21,99.05,49.76046975090904,2.686158887385615,True,False,0.1253283613354952
2026-08-07 15:45:00,AST_0001,SITE_A,SITE_A_B1,14.7,51.2,98.23,15.002,922.499,False,True,-0.014617375878716254
2026-08-07 16:00:00,AST_0012,SITE_A,SITE_A_B2,15.44,48.22,97.52,16.583,979.706,False,True,-0.030087242001557213
2026-08-07 16:15:00,AST_0056,SITE_C,SITE_C_B2,13.65,46.15,98.43,13.776,811.851,False,True,-0.0051810992839699255
2026-08-07 16:15:00,AST_0034,SITE_B,SITE_B_B2,14.39,49.45,98.48,13.425,791.027,False,True,-0.008749914170180007
2026-08-07 16:15:00,AST_0012,SITE_A,SITE_A_B2,16.67,48.47,98.24,16.769,991.065,False,True,-0.017400038247481153
2026-08-07 16:30:00,AST_0001,SITE_A,SITE_A_B1,15.06,47.77,98.58,15.152,895.175,False,True,-0.003089619363049856
2026-08-07 16:30:00,AST_0012,SITE_A,SITE_A_B2,16.22,47.67,97.73,16.413,986.334,False,True,-0.0216706782169217
2026-08-07 16:30:00,AST_0056,SITE_C,SITE_C_B2,14.15,52.7,98.05,13.705,821.727,False,True,-0.0056328751189542725
2026-08-07 16:45:00,AST_0012,SITE_A,SITE_A_B2,15.05,47.7,97.97,16.655,995.165,False,True,-0.02000033164514048
2026-08-07 16:45:00,AST_0001,SITE_A,SITE_A_B1,14.4,42.56,98.38,15.123,901.299,False,True,-0.004049846391481315
2026-08-07 17:00:00,AST_0012,SITE_A,SITE_A_B2,16.1,46.39,98.14,16.499,946.372,False,True,-0.014569496983346752
2026-08-07 17:00:00,AST_0001,SITE_A,SITE_A_B1,14.61,39.66,98.29,15.022,854.215,False,True,-0.017252020552003366
2026-08-07 17:15:00,AST_0012,SITE_A,SITE_A_B2,14.88,49.03,98.26,16.71,938.357,False,True,-0.018123723749783882
2026-08-07 17:30:00,AST_0012,SITE_A,SITE_A_B2,17.99,41.72,96.82,16.607,937.434,False,True,-0.02909716160194553
2026-08-07 17:30:00,AST_0001,SITE_A,SITE_A_B1,14.53,45.01,98.06,14.948,851.505,False,True,-0.007931650692662884
2026-08-07 17:45:00,AST_0012,SITE_A,SITE_A_B2,17.08,42.21,98.63,16.789,946.49,False,True,-0.010407313256500905
2026-08-07 17:45:00,AST_0001,SITE_A,SITE_A_B1,14.64,49.71,98.3,14.821,855.32,False,True,-0.005715355140271883
2026-08-07 18:00:00,AST_0012,SITE_A,SITE_A_B2,16.17,44.32,98.02,16.73,895.329,False,True,-0.01974885696170603
2026-08-07 18:00:00,AST_0056,SITE_C,SITE_C_B2,13.75,43.78,98.52,13.615,737.724,False,True,-0.0032148761190251562
2026-08-07 18:15:00,AST_0056,SITE_C,SITE_C_B2,14.34,52.43,97.78,13.562,736.234,False,True,-5.786856407730134e-06
2026-08-07 18:15:00,AST_0001,SITE_A,SITE_A_B1,14.42,45.34,98.46,15.212,806.998,False,True,-0.020295984890847496
2026-08-07 18:15:00,AST_0012,SITE_A,SITE_A_B2,16.6,48.4,97.65,16.614,889.387,False,True,-0.023201508004510596
2026-08-07 18:30:00,AST_0012,SITE_A,SITE_A_B2,15.0,49.45,97.44,16.695,891.038,False,True,-0.030606511812545922
2026-08-07 18:45:00,AST_0001,SITE_A,SITE_A_B1,13.69,52.05,98.01,15.017,813.684,False,True,-0.01839525465476921
2026-08-07 18:45:00,AST_0012,SITE_A,SITE_A_B2,16.35,45.63,98.09,16.522,898.719,False,True,-0.02798233099245151
2026-08-07 19:00:00,AST_0012,SITE_A,SITE_A_B2,15.12,45.76,97.6,16.642,833.726,False,True,-0.014818634842104106
2026-08-07 19:15:00,AST_0065,SITE_C,SITE_C_B2,32.87,48.13,97.32,72.16001447362233,3.267559049252636,True,False,0.055153318403002416
2026-08-07 19:15:00,AST_0012,SITE_A,SITE_A_B2,14.25,48.99,97.99,16.686,824.386,False,True,-0.010976029972428969
2026-08-07 19:15:00,AST_0001,SITE_A,SITE_A_B1,14.81,43.6,97.73,15.167,752.088,False,True,-0.00031440799434301336
2026-08-07 19:30:00,AST_0012,SITE_A,SITE_A_B2,16.08,51.29,97.55,16.592,819.358,False,True,-0.015119778883131652
2026-08-07 19:30:00,AST_0056,SITE_C,SITE_C_B2,14.39,50.06,98.0,13.701,675.463,False,True,-0.018803183358821696
2026-08-07 19:45:00,AST_0054,SITE_C,SITE_C_B1,29.23,49.3,98.41,51.93518283078411,2.44728905344025,True,False,0.1137368718094901
2026-08-07 19:45:00,AST_0012,SITE_A,SITE_A_B2,15.93,49.42,98.61,16.355,822.344,False,True,-0.0034105187444708474
2026-08-07 23:15:00,AST_0017,SITE_A,SITE_A_B2,26.92,46.65,100.83,24.427591106503773,21.6965920870375,True,False,0.14397605512376432
2026-08-08 00:00:00,AST_0056,SITE_C,SITE_C_B2,14.1,44.32,98.66,68.72093332405244,962.1136073959432,True,True,-0.02495351135529167
2026-08-08 00:45:00,AST_0049,SITE_C,SITE_C_B1,26.56,51.43,99.61,33.58667340337299,26.25314684399532,True,False,0.15466169616602177
2026-08-08 00:45:00,AST_0050,SITE_C,SITE_C_B1,30.57,46.9,100.04,56.70943666195172,49.77957199861429,True,False,0.10157064023653051
2026-08-08 04:15:00,AST_0039,SITE_B,SITE_B_B2,25.54,50.84,100.72,23.46161390125694,19.010433199651885,True,False,0.15987511989135195
2026-08-08 04:45:00,AST_0065,SITE_C,SITE_C_B2,33.67,43.46,97.94,43.23873712592628,0.23,True,False,0.09779800258098492
2026-08-08 05:00:00,AST_0065,SITE_C,SITE_C_B2,32.42,46.24,98.17,72.20047425185255,0.9013955997938304,True,False,0.11331956202486804
2026-08-08 07:00:00,AST_0027,SITE_B,SITE_B_B1,26.3,42.99,100.80000000000001,23.274487426942105,19.06451693563952,True,False,0.15063195785290695
2026-08-08 08:00:00,AST_0051,SITE_C,SITE_C_B1,30.03,47.27,97.87,14.214,0.037,True,False,0.18425592115414585
2026-08-08 08:30:00,AST_0018,SITE_A,SITE_A_B2,21.85,45.82,101.47,0.535,0.028,True,False,0.2644204162501157
2026-08-08 09:15:00,AST_0009,SITE_A,SITE_A_B1,31.4,40.65,98.45,63.64828862843686,0.9374514237855838,True,False,0.13020211661360193
2026-08-08 11:30:00,AST_0030,SITE_B,SITE_B_B1,31.62,47.4,97.82,67.52231239398176,0.8923816437958922,True,False,0.10811646309260337
2026-08-08 17:30:00,AST_0009,SITE_A,SITE_A_B1,31.44,47.5,98.5,64.97840383775579,0.8428048858072316,True,False,0.12844495492948593
2026-08-08 18:00:00,AST_0014,SITE_A,SITE_A_B2,22.33,46.14,99.93,33.61196076476689,64.38218071527434,True,False,0.13159033639032602
2026-08-08 22:00:00,AST_0055,SITE_C,SITE_C_B1,29.5,43.93,100.28,8.508,0.124,True,False,0.26023234781636656
2026-08-09 00:00:00,AST_0038,SITE_B,SITE_B_B2,25.49,40.81,101.32,19.208279714803588,16.788493046160095,True,False,0.1470942781344945
2026-08-09 00:00:00,AST_0058,SITE_C,SITE_C_B2,24.35,42.13,99.06,68.13426653971405,124.41512766154348,True,False,0.09158210049424931
2026-08-09 02:45:00,AST_0023,SITE_B,SITE_B_B1,8.63,46.41,100.16,31.24000626601942,408.0212252246764,True,False,0.013634700123317578
2026-08-09 05:00:00,AST_0047,SITE_C,SITE_C_B1,23.99,49.26,99.35,51.388975824675946,21.775666666666666,True,False,0.15633672508603647
2026-08-09 05:00:00,AST_0016,SITE_A,SITE_A_B2,30.84,42.12,99.34,56.96231027589069,51.72207951617,True,False,0.10791224563882906
2026-08-09 05:30:00,AST_0052,SITE_C,SITE_C_B1,27.53,39.39,99.39,41.37518071269303,0.6535118098505271,True,False,0.1659184026708933
2026-08-09 07:00:00,AST_0016,SITE_A,SITE_A_B2,29.8,42.31,98.83,55.63725253885052,52.87135890590713,True,False,0.10577841597469095
2026-08-09 08:30:00,AST_0008,SITE_A,SITE_A_B1,33.04,48.67,97.92,74.51679655553346,0.946465379783522,True,False,0.10807946847375116
2026-08-09 11:30:00,AST_0024,SITE_B,SITE_B_B1,26.69,41.8,97.64,78.58806173995075,147.62606435623462,True,False,0.06046165138830362
2026-08-09 12:15:00,AST_0054,SITE_C,SITE_C_B1,30.71,44.68,97.88,11.333,0.198,True,False,0.20762800117492458
2026-08-09 12:30:00,AST_0028,SITE_B,SITE_B_B1,25.04,38.14,100.88,21.56506179671472,20.50224291731068,True,False,0.1550757044579283
2026-08-09 14:15:00,AST_0029,SITE_B,SITE_B_B1,31.11,40.32,98.75,65.76231204096658,0.0045069779989691,True,False,0.13549356271445057
2026-08-09 14:15:00,AST_0031,SITE_B,SITE_B_B1,30.87,41.93,98.52,55.88001120823192,0.739144391830941,True,False,0.1350633525834951
2026-08-09 16:45:00,AST_0059,SITE_C,SITE_C_B2,25.6,42.44,98.33,67.30484108599424,28.362000000000002,True,False,0.12389638227900546
2026-08-09 17:00:00,AST_0001,SITE_A,SITE_A_B1,15.13,48.66,98.28,77.19219939100768,1157.301810575299,True,True,-0.03642799675404307
2026-08-09 18:00:00,AST_0057,SITE_C,SITE_C_B2,26.49,45.09,97.86,16.589,34.013,True,False,0.15477571736430173
2026-08-09 19:00:00,AST_0029,SITE_B,SITE_B_B1,30.54,46.41,98.1,12.904,0.031,True,False,0.20487426712290158
2026-08-09 20:00:00,AST_0025,SITE_B,SITE_B_B1,20.93,42.51,100.51,7.177,14.668,True,False,0.27057588675478494
2026-08-09 23:30:00,AST_0002,SITE_A,SITE_A_B1,20.33,39.87,100.67,30.370121034069392,59.65436079435571,True,False,0.1229839067684797
2026-08-09 23:30:00,AST_0040,SITE_B,SITE_B_B2,22.02,42.7,101.32,5.7351735641356685,0.0,True,False,0.26134701688384687
2026-08-10 01:00:00,AST_0049,SITE_C,SITE_C_B1,27.6,38.87,99.86,33.62207570932445,27.375384365738636,True,False,0.15179108278195297
2026-08-10 01:30:00,AST_0052,SITE_C,SITE_C_B1,29.66,40.74,98.68,42.002307275261664,0.5768931838680516,True,False,0.1521989268655709
2026-08-10 02:00:00,AST_0006,SITE_A,SITE_A_B1,26.99,43.7,99.05,6.376,6.386,True,False,0.2587607808326298
2026-08-10 03:30:00,AST_0025,SITE_B,SITE_B_B1,20.59,39.44,99.9,32.32230533367818,61.7005288058877,True,False,0.12920015690914755
2026-08-10 03:45:00,AST_0051,SITE_C,SITE_C_B1,30.49,40.74,97.38,43.968386659755666,0.01,True,False,0.11108785608177696
2026-08-10 04:00:00,AST_0051,SITE_C,SITE_C_B1,30.93,40.38,97.65,73.28277331951132,0.0,True,False,0.10601757477149343
2026-08-10 06:00:00,AST_0058,SITE_C,SITE_C_B2,25.9,45.16,98.17,68.4124275150469,137.65662902251484,True,False,0.07059171191145952
2026-08-10 06:30:00,AST_0060,SITE_C,SITE_C_B2,34.08,45.05,97.64,88.98622474512088,82.63994858909838,True,False,0.03876905209280457
2026-08-10 07:00:00,AST_0013,SITE_A,SITE_A_B2,20.46,41.31,100.37,30.93150045701389,56.688769271034,True,False,0.13615936463758804
2026-08-10 08:00:00,AST_0048,SITE_C,SITE_C_B1,21.58,45.32,99.17,8.496,51.903,True,False,0.20827046793437354
2026-08-10 08:00:00,AST_0020,SITE_A,SITE_A_B2,23.1,41.05,100.84,0.575,0.145,True,False,0.21008888422055627
2026-08-10 08:00:00,AST_0032,SITE_B,SITE_B_B1,32.84,41.99,97.39,15.269,0.647,True,False,0.11623796135266062
2026-08-10 08:00:00,AST_0038,SITE_B,SITE_B_B2,25.73,38.45,101.11,3.75,10.741,True,False,0.24735762301526665
2026-08-10 08:00:00,AST_0009,SITE_A,SITE_A_B1,30.36,40.92,97.73,13.141,0.59,True,False,0.167873505269458
2026-08-10 08:00:00,AST_0039,SITE_B,SITE_B_B2,25.48,38.47,101.71,4.539,13.012,True,False,0.20591307190633612
2026-08-10 08:00:00,AST_0031,SITE_B,SITE_B_B1,29.56,42.88,98.89,11.704,0.534,True,False,0.22385879030034433
2026-08-10 08:00:00,AST_0037,SITE_B,SITE_B_B2,19.71,41.34,100.2,4.931,33.213,True,False,0.17118311350411242
2026-08-10 08:00:00,AST_0036,SITE_B,SITE_B_B2,27.54,37.61,97.47,15.582,91.189,True,False,0.08254684015083757
2026-08-10 08:00:00,AST_0014,SITE_A,SITE_A_B2,20.77,38.49,99.36,6.911,43.291,True,False,0.2165360071147464
2026-08-10 08:00:00,AST_0013,SITE_A,SITE_A_B2,20.12,40.87,99.98,5.824,37.222,True,False,0.21957966672180734
2026-08-10 08:00:00,AST_0033,SITE_B,SITE_B_B1,30.18,42.08,98.73,10.654,0.511,True,False,0.21971505738664449
2026-08-10 08:00:00,AST_0019,SITE_A,SITE_A_B2,28.89,45.58,99.39,9.63,0.503,True,False,0.2338718786430538
2026-08-10 08:00:00,AST_0030,SITE_B,SITE_B_B1,31.79,44.79,98.83,13.872,0.617,True,False,0.18243159360884842
2026-08-10 08:00:00,AST_0010,SITE_A,SITE_A_B1,24.84,41.33,100.1,3.637,0.249,True,False,0.2623913660554293
2026-08-10 08:00:00,AST_0006,SITE_A,SITE_A_B1,26.08,41.2,99.68,6.162,12.422,True,False,0.2560352587878071
2026-08-10 08:00:00,AST_0011,SITE_A,SITE_A_B1,24.65,49.62,100.0,4.527,0.276,True,False,0.2675308338750109
2026-08-10 08:00:00,AST_0008,SITE_A,SITE_A_B1,32.61,41.14,97.1,14.993,0.649,True,False,0.0939051478532219
2026-08-10 08:00:00,AST_0057,SITE_C,SITE_C_B2,26.47,39.29,97.34,16.415,96.836,True,False,0.07235564773207981
2026-08-10 08:00:00,AST_0044,SITE_B,SITE_B_B2,25.42,43.065,101.03,3.11,0.23,True,False,0.2593534578258799
2026-08-10 08:00:00,AST_0063,SITE_C,SITE_C_B2,31.02,36.82,98.32,13.889,0.612,True,False,0.1693245233603341
2026-08-10 08:00:00,AST_0049,SITE_C,SITE_C_B1,27.4,39.44,100.23,6.52,18.817,True,False,0.24670278537071239
2026-08-10 08:00:00,AST_0035,SITE_B,SITE_B_B2,21.78,40.1,98.78,7.964,49.995,True,False,0.19955079627053013
2026-08-10 08:00:00,AST_0012,SITE_A,SITE_A_B2,17.58,38.73,98.01,17.392,796.144,True,True,-0.032494961595009864
2026-08-10 08:00:00,AST_0025,SITE_B,SITE_B_B1,21.09,40.01,99.2,6.483,43.316,True,False,0.1721932488945469
2026-08-10 08:00:00,AST_0034,SITE_B,SITE_B_B2,14.52,43.63,98.32,13.835,632.516,True,True,-0.0014855673642641953
2026-08-10 08:00:00,AST_0061,SITE_C,SITE_C_B2,34.66,41.78,97.49,18.163,53.846,True,False,0.03859556850021195
2026-08-10 08:00:00,AST_0042,SITE_B,SITE_B_B2,32.06,43.78,96.95,15.038,0.698,True,False,0.11482342328618445
2026-08-10 08:00:00,AST_0027,SITE_B,SITE_B_B1,26.51,43.17,101.13,4.46,13.021,True,False,0.21108233236033042
2026-08-10 08:00:00,AST_0017,SITE_A,SITE_A_B2,26.5,45.06,100.4,4.988,13.702,True,False,0.19054969067327843
2026-08-10 08:00:00,AST_0004,SITE_A,SITE_A_B1,24.13,38.42,98.65,12.137,71.188,True,False,0.14556913783688918
2026-08-10 08:00:00,AST_0055,SITE_C,SITE_C_B1,28.29,45.73,99.16,8.29,0.389,True,False,0.24344272539094786
2026-08-10 08:00:00,AST_0028,SITE_B,SITE_B_B1,25.54,43.35,100.98,4.323,12.695,True,False,0.22191714850540728
2026-08-10 08:00:00,AST_0043,SITE_B,SITE_B_B2,30.6,40.53,98.92,10.145,0.489,True,False,0.22035789201677042
2026-08-10 08:00:00,AST_0060,SITE_C,SITE_C_B2,33.68,39.74,97.77,17.423,51.796,True,False,0.0809810357373918
2026-08-10 08:00:00,AST_0045,SITE_C,SITE_C_B1,9.26,38.12,100.38,4.938,231.887,True,False,0.10357773877184417
2026-08-10 08:00:00,AST_0003,SITE_A,SITE_A_B1,18.89,40.97,100.74,1.97,15.959,True,False,0.19760979159333925
2026-08-10 08:00:00,AST_0023,SITE_B,SITE_B_B1,9.05,44.75,100.52,5.717,303.33,True,False,0.0937254647706729
2026-08-10 08:00:00,AST_0056,SITE_C,SITE_C_B2,14.41,42.26,98.59,14.16,648.432,True,False,0.027585323868507317
2026-08-10 08:00:00,AST_0053,SITE_C,SITE_C_B1,30.66,41.16,98.55,12.824,0.581,True,False,0.19265260805268275
2026-08-10 08:00:00,AST_0052,SITE_C,SITE_C_B1,29.47,42.95,99.68,8.516,0.451,True,False,0.23042938804624297
2026-08-10 08:00:00,AST_0001,SITE_A,SITE_A_B1,15.19,40.68,97.7,15.736,708.384,True,False,0.0022915928293443244
2026-08-10 08:00:00,AST_0058,SITE_C,SITE_C_B2,25.65,47.46,98.35,13.578,81.281,True,False,0.13598818747450625
2026-08-10 08:00:00,AST_0002,SITE_A,SITE_A_B1,20.85,45.07,100.54,6.337,40.356,True,False,0.1898320317587534
2026-08-10 08:00:00,AST_0021,SITE_A,SITE_A_B2,29.73,35.03,99.23,9.007,0.444,True,False,0.20799093366836408
2026-08-10 08:00:00,AST_0054,SITE_C,SITE_C_B1,34.27,43.71,98.46,13.887,0.551,True,False,0.1408061188341122
2026-08-10 08:00:00,AST_0024,SITE_B,SITE_B_B1,26.4,44.14,97.71,15.432,92.224,True,False,0.09992350957512153
2026-08-10 08:00:00,AST_0015,SITE_A,SITE_A_B2,21.86,36.67,100.58,6.904,45.11,True,False,0.21713124043764082
2026-08-10 08:00:00,AST_0066,SITE_C,SITE_C_B2,23.54,35.7,101.79,0.329,0.129,True,False,0.18656444795335458
2026-08-10 08:00:00,AST_0016,SITE_A,SITE_A_B2,29.84,39.91,99.98,11.442,33.359,True,False,0.1557639483942571
2026-08-10 08:00:00,AST_0059,SITE_C,SITE_C_B2,25.65,41.19,98.81,13.391,81.274,True,False,0.16147554104747408
2026-08-10 08:00:00,AST_0022,SITE_A,SITE_A_B2,29.04,39.58,98.26,9.392,0.463,True,False,0.20365331625806132
2026-08-10 08:00:00,AST_0047,SITE_C,SITE_C_B1,23.64,46.62,99.29,10.399,64.262,True,False,0.1950371011912837
2026-08-10 08:00:00,AST_0050,SITE_C,SITE_C_B1,29.4,38.96,99.0,11.134,33.175,True,False,0.17592227259497673
2026-08-10 08:00:00,AST_0005,SITE_A,SITE_A_B1,26.65,38.45,99.77,6.741,18.049,True,False,0.244487034847985
2026-08-10 08:00:00,AST_0041,SITE_B,SITE_B_B2,29.2,35.73,98.24,10.746,0.495,True,False,0.18120956630007273
2026-08-10 08:00:00,AST_0026,SITE_B,SITE_B_B1,21.53,39.25,99.88,7.58,45.417,True,False,0.21917355713073883
2026-08-10 08:00:00,AST_0046,SITE_C,SITE_C_B1,23.79,44.67,98.58,11.752,71.579,True,False,0.16610295900415684
2026-08-10 08:00:00,AST_0065,SITE_C,SITE_C_B2,33.44,48.97,97.93,15.284,0.652,True,False,0.1281198370143033
2026-08-10 08:15:00,AST_0047,SITE_C,SITE_C_B1,24.33,45.33,99.12,10.724,63.286,True,False,0.19886761626592114
2026-08-10 08:15:00,AST_0011,SITE_A,SITE_A_B1,25.72,46.29,99.96,4.87,0.2815,True,False,0.2644602752834654
2026-08-10 08:15:00,AST_0063,SITE_C,SITE_C_B2,32.42,35.85,97.97,13.664,0.634,True,False,0.14220849184336226
2026-08-10 08:15:00,AST_0038,SITE_B,SITE_B_B2,26.29,40.29,101.44,3.869,10.84,True,False,0.15102731368301403
2026-08-10 08:15:00,AST_0027,SITE_B,SITE_B_B1,25.44,41.39,101.44,4.827,12.475,True,False,0.2324299205392772
2026-08-10 08:15:00,AST_0050,SITE_C,SITE_C_B1,30.72,44.08,99.35,11.293,32.118,True,False,0.18664497016643933
2026-08-10 08:15:00,AST_0053,SITE_C,SITE_C_B1,31.87,39.55,98.29,12.882,0.575,True,False,0.17934289805466846
2026-08-10 08:15:00,AST_0048,SITE_C,SITE_C_B1,22.17,39.26,100.07,8.192,53.444,True,False,0.22135881252348244
2026-08-10 08:15:00,AST_0045,SITE_C,SITE_C_B1,9.0,40.82,100.7,4.785,220.872,True,False,0.11017691672240981
2026-08-10 08:15:00,AST_0056,SITE_C,SITE_C_B2,14.27,44.61,98.12,14.328,648.534,True,False,0.0035762583449177043
2026-08-10 08:15:00,AST_0060,SITE_C,SITE_C_B2,33.29,37.22,97.55,17.919,52.042,True,False,0.06890099836884367
2026-08-10 08:15:00,AST_0016,SITE_A,SITE_A_B2,29.36,41.47,99.11,11.597,33.083,True,False,0.17866251750013484
2026-08-10 08:15:00,AST_0019,SITE_A,SITE_A_B2,28.81,43.6,98.98,9.447,0.455,True,False,0.22723792562468453
2026-08-10 08:15:00,AST_0030,SITE_B,SITE_B_B1,31.52,44.13,97.89,14.059,0.632,True,False,0.16217404800369073
2026-08-10 08:15:00,AST_0017,SITE_A,SITE_A_B2,27.29,40.35,100.81,4.878,13.917,True,False,0.24447387517970076
2026-08-10 08:15:00,AST_0024,SITE_B,SITE_B_B1,26.79,39.56,97.68,16.043,93.923,True,False,0.08577801499234483
2026-08-10 08:15:00,AST_0009,SITE_A,SITE_A_B1,30.13,44.2,97.93,12.881,0.577,True,False,0.1627079196149135
2026-08-10 08:15:00,AST_0010,SITE_A,SITE_A_B1,24.26,41.06,100.39,3.35,0.254,True,False,0.2609841165803967
2026-08-10 08:15:00,AST_0064,SITE_C,SITE_C_B2,23.62,46.77,100.35,0.941,0.165,True,False,0.21332565592890357
2026-08-10 08:15:00,AST_0057,SITE_C,SITE_C_B2,28.32,49.17,97.57,16.166,95.444,True,False,0.0849139382471581
2026-08-10 08:15:00,AST_0008,SITE_A,SITE_A_B1,32.53,43.24,97.29,15.244,0.655,True,False,0.10036919903980246
2026-08-10 08:15:00,AST_0046,SITE_C,SITE_C_B1,25.06,40.93,98.97,11.757,70.331,True,False,0.1645358711107313
2026-08-10 08:15:00,AST_0049,SITE_C,SITE_C_B1,28.03,42.18,100.45,6.725,19.585,True,False,0.23621745355902674
2026-08-10 08:15:00,AST_0065,SITE_C,SITE_C_B2,31.63,43.13,97.96,15.305,0.693,True,False,0.1368026167917441
2026-08-10 08:15:00,AST_0061,SITE_C,SITE_C_B2,35.27,40.32,97.48,17.822,53.253,True,False,0.06375440212836092
2026-08-10 08:15:00,AST_0055,SITE_C,SITE_C_B1,28.47,46.87,99.14,8.111,0.397,True,False,0.23909527868318514
2026-08-10 08:15:00,AST_0034,SITE_B,SITE_B_B2,14.03,48.07,98.48,13.666,627.947,True,False,0.03413074421126072
2026-08-10 08:15:00,AST_0013,SITE_A,SITE_A_B2,20.18,35.69,100.74,5.601,38.201,True,False,0.21772524156332757
2026-08-10 08:15:00,AST_0015,SITE_A,SITE_A_B2,21.25,42.87,100.32,7.27,44.706,True,False,0.199714442148354
2026-08-10 08:15:00,AST_0035,SITE_B,SITE_B_B2,22.5,40.41,100.13,8.255,50.167500000000004,True,False,0.1620780570270447
2026-08-10 08:15:00,AST_0005,SITE_A,SITE_A_B1,27.11,44.31,100.6,6.751,19.077,True,False,0.2464992534193728
2026-08-10 08:15:00,AST_0025,SITE_B,SITE_B_B1,21.29,46.05,99.62,6.452,42.106,True,False,0.1474462033239643
2026-08-10 08:15:00,AST_0002,SITE_A,SITE_A_B1,20.21,41.39,99.7,5.871,39.953500000000005,True,False,0.21222955639519026
2026-08-10 08:15:00,AST_0012,SITE_A,SITE_A_B2,16.29,42.07,97.68,17.377,789.357,True,True,-0.015208555467160711
2026-08-10 08:15:00,AST_0042,SITE_B,SITE_B_B2,31.76,46.55,97.13,14.974,0.654,True,False,0.06505512832740912
2026-08-10 08:15:00,AST_0033,SITE_B,SITE_B_B1,29.98,39.65,98.49,10.731,0.508,True,False,0.1610277817502732
2026-08-10 08:15:00,AST_0006,SITE_A,SITE_A_B1,27.61,41.27,101.01,6.546,18.218,True,False,0.17583254325137787
2026-08-10 08:15:00,AST_0014,SITE_A,SITE_A_B2,20.77,42.07,100.95,6.883,43.381,True,False,0.20818110620404967
2026-08-10 08:15:00,AST_0054,SITE_C,SITE_C_B1,33.9,42.57,98.75,13.333,0.56,True,False,0.1597106973749871
2026-08-10 08:15:00,AST_0004,SITE_A,SITE_A_B1,24.11,44.57,98.31,11.754,72.116,True,False,0.15870572831653762
2026-08-10 08:15:00,AST_0022,SITE_A,SITE_A_B2,27.43,41.18,98.22,9.573,0.478,True,False,0.18648624965508376
2026-08-10 08:15:00,AST_0020,SITE_A,SITE_A_B2,24.05,41.27,101.32,0.53,0.127,True,False,0.23138321377102322
2026-08-10 08:15:00,AST_0043,SITE_B,SITE_B_B2,29.18,40.8,99.04,9.82,0.482,True,False,0.22449336551744925
2026-08-10 08:15:00,AST_0026,SITE_B,SITE_B_B1,21.39,39.08,100.0,7.313,46.804,True,False,0.15942714768988053
2026-08-10 08:15:00,AST_0021,SITE_A,SITE_A_B2,28.22,42.67,98.87,8.902,0.47,True,False,0.23182402442945804
2026-08-10 08:15:00,AST_0041,SITE_B,SITE_B_B2,29.44,41.53,98.78,10.621,0.513,True,False,0.21259172801832277
2026-08-10 08:15:00,AST_0059,SITE_C,SITE_C_B2,25.49,43.26,98.77,13.421,82.199,True,False,0.15649682404601173
2026-08-10 08:15:00,AST_0036,SITE_B,SITE_B_B2,26.75,36.49,98.02,15.716,94.519,True,False,0.11279252912388338
2026-08-10 08:15:00,AST_0032,SITE_B,SITE_B_B1,33.62,41.71,97.03,15.019,0.677,True,False,0.08962014263420648
2026-08-10 08:15:00,AST_0003,SITE_A,SITE_A_B1,18.46,43.18,101.77,2.431,16.795,True,False,0.18608147702142386
2026-08-10 08:15:00,AST_0044,SITE_B,SITE_B_B2,24.16,42.14,100.02,3.309,0.232,True,False,0.2560981967322528
2026-08-10 08:15:00,AST_0039,SITE_B,SITE_B_B2,26.04,40.55,100.5,4.645,13.511,True,False,0.23457499575076413
2026-08-10 08:15:00,AST_0031,SITE_B,SITE_B_B1,30.99,41.75,98.32,11.663,0.533,True,False,0.18835354667716653
2026-08-10 08:15:00,AST_0023,SITE_B,SITE_B_B1,10.66,42.13,99.57,6.344,281.948,True,False,0.09508584207372317
2026-08-10 08:15:00,AST_0001,SITE_A,SITE_A_B1,15.31,44.55,98.05,15.598,728.363,True,True,-0.0027862933452780236
2026-08-10 08:15:00,AST_0037,SITE_B,SITE_B_B2,20.58,41.17,100.71,4.808,33.317,True,False,0.23850704032883363
2026-08-10 08:30:00,AST_0046,SITE_C,SITE_C_B1,24.73,42.41,98.63,11.956,72.332,True,False,0.16896115192577743
2026-08-10 08:30:00,AST_0055,SITE_C,SITE_C_B1,28.8,42.03,99.04,8.22,0.392,True,False,0.23775507411067032
2026-08-10 08:30:00,AST_0016,SITE_A,SITE_A_B2,30.46,40.85,98.98,11.788,33.581,True,False,0.16051067381639328
2026-08-10 08:30:00,AST_0019,SITE_A,SITE_A_B2,30.32,40.7,100.01,9.576,0.444,True,False,0.22426809934324665
2026-08-10 08:30:00,AST_0059,SITE_C,SITE_C_B2,26.82,40.68,98.75,13.528,80.452,True,False,0.14859654854504012
2026-08-10 08:30:00,AST_0006,SITE_A,SITE_A_B1,28.07,36.88,100.73,6.595,19.357,True,False,0.18840714362881472
2026-08-10 08:30:00,AST_0065,SITE_C,SITE_C_B2,31.96,39.2,97.72,15.291,0.668,True,False,0.1313520264730199
2026-08-10 08:30:00,AST_0041,SITE_B,SITE_B_B2,30.64,42.63,98.55,10.717,0.492,True,False,0.20338198158220627
2026-08-10 08:30:00,AST_0005,SITE_A,SITE_A_B1,27.12,38.52,100.02,6.509,17.524,True,False,0.23830165751530452
2026-08-10 08:30:00,AST_0044,SITE_B,SITE_B_B2,24.1,45.52,100.13,3.074,0.207,True,False,0.2617735864089035
2026-08-10 08:30:00,AST_0009,SITE_A,SITE_A_B1,31.97,42.88,97.67,13.286,0.587,True,False,0.12893172001859254
2026-08-10 08:30:00,AST_0001,SITE_A,SITE_A_B1,14.82,46.44,97.925,16.137,716.639,False,True,-0.0038913884624143247
2026-08-10 08:30:00,AST_0008,SITE_A,SITE_A_B1,32.0,43.06,97.31,15.33,0.67,True,False,0.11535833719762656
2026-08-10 08:30:00,AST_0017,SITE_A,SITE_A_B2,26.03,39.1,100.87,5.058,14.319,True,False,0.2498172321691532
2026-08-10 08:30:00,AST_0045,SITE_C,SITE_C_B1,8.8,39.09,100.98,4.783,213.367,True,False,0.09770178179639588
2026-08-10 08:30:00,AST_0053,SITE_C,SITE_C_B1,30.31,42.75,99.0,12.762,0.589,True,False,0.14208674713536185
2026-08-10 08:30:00,AST_0003,SITE_A,SITE_A_B1,17.82,44.86,100.79,2.142,16.646,True,False,0.20996017169665143
2026-08-10 08:30:00,AST_0047,SITE_C,SITE_C_B1,23.17,45.73,99.1,10.248,64.552,True,False,0.19608220238189256
2026-08-10 08:30:00,AST_0063,SITE_C,SITE_C_B2,31.75,37.53,97.62,13.956,0.6,True,False,0.14611227384122938
2026-08-10 08:30:00,AST_0043,SITE_B,SITE_B_B2,29.66,44.19,98.98,10.013,0.476,True,False,0.21947301888627513
2026-08-10 08:30:00,AST_0004,SITE_A,SITE_A_B1,24.79,37.42,98.3,12.072,71.164,True,False,0.11529281086739773
2026-08-10 08:30:00,AST_0030,SITE_B,SITE_B_B1,32.08,41.34,97.53,13.931,0.617,True,False,0.13097707842664075
2026-08-10 08:30:00,AST_0014,SITE_A,SITE_A_B2,21.67,41.05,99.76,6.855,42.539,True,False,0.20959010254802585
2026-08-10 08:30:00,AST_0042,SITE_B,SITE_B_B2,32.45,41.89,97.28,14.977,0.667,True,False,0.1211782429175624
2026-08-10 08:30:00,AST_0012,SITE_A,SITE_A_B2,16.7,42.94,97.04,17.317,786.033,True,True,-0.022598486012551766
2026-08-10 08:30:00,AST_0061,SITE_C,SITE_C_B2,33.56,47.41,97.46000000000001,18.217,53.049,True,False,0.046897051712328275
2026-08-10 08:30:00,AST_0015,SITE_A,SITE_A_B2,21.41,47.23,100.27,7.098,43.784,True,False,0.15543498740329553
2026-08-10 08:30:00,AST_0027,SITE_B,SITE_B_B1,26.27,40.5,101.145,4.603,12.887,True,False,0.2323913991081495
2026-08-10 08:30:00,AST_0026,SITE_B,SITE_B_B1,21.94,41.39,100.27,7.2,46.332,True,False,0.22906712966153064
2026-08-10 08:30:00,AST_0039,SITE_B,SITE_B_B2,25.2,41.64,100.9,4.743,13.289,True,False,0.17252133906949896
2026-08-10 08:30:00,AST_0020,SITE_A,SITE_A_B2,23.12,40.99,100.86,0.722,0.149,True,False,0.24594081616366392
2026-08-10 08:30:00,AST_0035,SITE_B,SITE_B_B2,22.53,41.05,100.21,8.015,50.34,True,False,0.2204326373472968
2026-08-10 08:30:00,AST_0033,SITE_B,SITE_B_B1,29.76,43.78,98.32,10.691,0.4995,True,False,0.1683744811575898
2026-08-10 08:30:00,AST_0011,SITE_A,SITE_A_B1,25.58,39.31,99.69,4.547,0.287,True,False,0.22134631362675272
2026-08-10 08:30:00,AST_0010,SITE_A,SITE_A_B1,25.83,45.59,100.44,3.492,0.218,True,False,0.2684748466760294
2026-08-10 08:30:00,AST_0021,SITE_A,SITE_A_B2,28.45,41.65,98.86,8.703,0.449,True,False,0.23344659146915048
2026-08-10 08:30:00,AST_0056,SITE_C,SITE_C_B2,13.06,44.03,98.13,14.525,642.994,True,False,0.010973902493808807
2026-08-10 08:30:00,AST_0048,SITE_C,SITE_C_B1,21.82,45.34,99.77,8.258,51.16,True,False,0.21209953969864825
2026-08-10 08:30:00,AST_0032,SITE_B,SITE_B_B1,32.48,41.74,97.18,15.394,0.668,True,False,0.10325334465385749
2026-08-10 08:30:00,AST_0054,SITE_C,SITE_C_B1,30.67,37.91,99.04,10.897,0.498,True,False,0.18517501490597454
2026-08-10 08:30:00,AST_0034,SITE_B,SITE_B_B2,14.08,42.77,99.16,13.724,619.611,True,False,0.03545495824989853
2026-08-10 08:30:00,AST_0037,SITE_B,SITE_B_B2,20.09,39.39,100.38,4.671,31.937,True,False,0.23554407835815228
2026-08-10 08:30:00,AST_0050,SITE_C,SITE_C_B1,29.09,42.69,98.64,11.184,32.485,True,False,0.16781892220029893
2026-08-10 08:30:00,AST_0038,SITE_B,SITE_B_B2,25.41,40.66,101.38,3.855,10.393,True,False,0.20484764296487606
2026-08-10 08:30:00,AST_0023,SITE_B,SITE_B_B1,8.43,40.87,100.37,5.973,291.105,True,False,0.08703363476549097
2026-08-10 08:30:00,AST_0057,SITE_C,SITE_C_B2,26.82,40.35,97.65,16.296,96.348,True,False,0.08615418613693615
2026-08-10 08:30:00,AST_0036,SITE_B,SITE_B_B2,26.63,35.16,97.89,15.504,92.941,True,False,0.0894217215544656
2026-08-10 08:30:00,AST_0022,SITE_A,SITE_A_B2,28.4,38.72,99.69,9.135,0.449,True,False,0.23494095288823091
2026-08-10 08:45:00,AST_0011,SITE_A,SITE_A_B1,25.03,41.9,99.86,4.57,0.285,True,False,0.254161451761735
2026-08-10 08:45:00,AST_0037,SITE_B,SITE_B_B2,20.16,44.64,100.07,5.043,33.191,True,False,0.22734001592269315
2026-08-10 08:45:00,AST_0033,SITE_B,SITE_B_B1,28.37,49.52,98.84,10.604,0.491,True,False,0.22321115205042708
2026-08-10 08:45:00,AST_0036,SITE_B,SITE_B_B2,26.42,39.01,97.44,15.904,91.357,True,False,0.08659689043710328
2026-08-10 08:45:00,AST_0006,SITE_A,SITE_A_B1,26.82,45.33,100.59,6.451,18.25,True,False,0.24886781034847127
2026-08-10 08:45:00,AST_0047,SITE_C,SITE_C_B1,24.28,40.71,99.69,10.513,65.004,True,False,0.1974808847203227
2026-08-10 08:45:00,AST_0039,SITE_B,SITE_B_B2,26.07,42.425,100.88,4.642,12.641,True,False,0.2465325774724682
2026-08-10 08:45:00,AST_0056,SITE_C,SITE_C_B2,14.43,39.51,97.6,14.255,649.494,True,False,0.012303954460221589
2026-08-10 08:45:00,AST_0043,SITE_B,SITE_B_B2,30.44,39.82,98.78,10.254,0.465,True,False,0.2196386471703436
2026-08-10 08:45:00,AST_0045,SITE_C,SITE_C_B1,8.65,40.64,100.2,4.843,214.808,True,False,0.10290598525035888
2026-08-10 08:45:00,AST_0026,SITE_B,SITE_B_B1,21.77,41.86,99.98,7.402,47.969,True,False,0.20969257803992464
2026-08-10 08:45:00,AST_0014,SITE_A,SITE_A_B2,21.19,43.69,100.42,6.864,44.304,True,False,0.22998758089453603
2026-08-10 08:45:00,AST_0032,SITE_B,SITE_B_B1,32.61,42.31,97.19,15.314,0.694,True,False,0.09400314519178354
2026-08-10 08:45:00,AST_0023,SITE_B,SITE_B_B1,8.309999999999999,42.28,100.07,6.029,279.389,True,False,0.0932865550321903
2026-08-10 08:45:00,AST_0017,SITE_A,SITE_A_B2,26.63,44.62,101.65,5.106,13.675,True,False,0.21122820895643057
2026-08-10 08:45:00,AST_0055,SITE_C,SITE_C_B1,28.67,38.41,99.25,8.268,0.416,True,False,0.2364322628920913
2026-08-10 08:45:00,AST_0003,SITE_A,SITE_A_B1,17.93,40.32,100.47,2.222,16.423,True,False,0.21952731300900724
2026-08-10 08:45:00,AST_0044,SITE_B,SITE_B_B2,24.6,42.25,100.64,3.281,0.223,True,False,0.26667094756097287
2026-08-10 08:45:00,AST_0057,SITE_C,SITE_C_B2,27.37,40.5,98.17,16.281,96.457,True,False,0.09960314357429134
2026-08-10 08:45:00,AST_0053,SITE_C,SITE_C_B1,30.81,38.78,97.58,12.983,0.578,True,False,0.1589491338808705
2026-08-10 08:45:00,AST_0004,SITE_A,SITE_A_B1,25.53,41.02,99.26,11.818,71.709,True,False,0.15864705343420715
2026-08-10 08:45:00,AST_0022,SITE_A,SITE_A_B2,29.42,40.28,98.73,9.489,0.454,True,False,0.17970652780940571
2026-08-10 08:45:00,AST_0030,SITE_B,SITE_B_B1,32.48,40.81,98.08,13.764,0.624,True,False,0.15629842261754656
2026-08-10 08:45:00,AST_0019,SITE_A,SITE_A_B2,28.95,39.64,98.3,9.493,0.464,True,False,0.20473750746881308
2026-08-10 08:45:00,AST_0038,SITE_B,SITE_B_B2,25.4,40.04,101.02,3.549,10.254,True,False,0.2474654001121937
2026-08-10 08:45:00,AST_0066,SITE_C,SITE_C_B2,23.11,45.6,101.45,0.591,0.142,True,False,0.2387027413363607
2026-08-10 08:45:00,AST_0005,SITE_A,SITE_A_B1,27.33,37.42,100.85,6.587,18.496,True,False,0.22553822502418414
2026-08-10 08:45:00,AST_0059,SITE_C,SITE_C_B2,25.04,41.01,98.67,13.607,82.046,True,False,0.16058934148897364
2026-08-10 08:45:00,AST_0065,SITE_C,SITE_C_B2,32.93,42.65,97.11,15.13,0.678,True,False,0.0734715465657928
2026-08-10 08:45:00,AST_0050,SITE_C,SITE_C_B1,31.09,42.95,99.63,11.035,32.796,True,False,0.12961783723986442
2026-08-10 08:45:00,AST_0021,SITE_A,SITE_A_B2,29.12,38.65,99.34,9.336,0.453,True,False,0.19306234290945246
2026-08-10 08:45:00,AST_0009,SITE_A,SITE_A_B1,31.68,38.79,98.07,13.364,0.56,True,False,0.1672889974116175
2026-08-10 08:45:00,AST_0035,SITE_B,SITE_B_B2,21.88,46.23,99.58,7.905,51.225,True,False,0.21558239332238982
2026-08-10 08:45:00,AST_0016,SITE_A,SITE_A_B2,30.69,41.12,98.86,11.308,33.953,True,False,0.1836995741917966
2026-08-10 08:45:00,AST_0015,SITE_A,SITE_A_B2,21.13,38.17,99.95,7.191,43.569,True,False,0.14699433209590618
2026-08-10 08:45:00,AST_0034,SITE_B,SITE_B_B2,13.77,42.82,98.49,13.442,631.455,True,False,0.031569206364638336
2026-08-10 08:45:00,AST_0042,SITE_B,SITE_B_B2,32.98,39.13,97.52,14.81,0.688,True,False,0.12890638725296244
2026-08-10 08:45:00,AST_0046,SITE_C,SITE_C_B1,25.28,42.38,98.97,11.889,70.093,True,False,0.17648746200441512
2026-08-10 08:45:00,AST_0008,SITE_A,SITE_A_B1,33.04,35.75,97.37,15.345,0.669,True,False,0.11332066364196258
2026-08-10 08:45:00,AST_0048,SITE_C,SITE_C_B1,22.48,38.63,100.04,8.399,51.181,True,False,0.18793109660137552
2026-08-10 08:45:00,AST_0012,SITE_A,SITE_A_B2,16.89,50.59,97.35,17.186,785.74,True,True,-0.024180799814256693
2026-08-10 08:45:00,AST_0063,SITE_C,SITE_C_B2,31.75,41.44,97.65,13.982,0.639,True,False,0.15137783339398536
2026-08-10 08:45:00,AST_0041,SITE_B,SITE_B_B2,29.12,45.86,98.47,10.758,0.5,True,False,0.19001854076946356
2026-08-10 08:45:00,AST_0027,SITE_B,SITE_B_B1,25.44,36.26,100.85,4.942,13.87,True,False,0.23694774027710158
2026-08-10 08:45:00,AST_0061,SITE_C,SITE_C_B2,34.33,45.58,97.44,17.487,53.09,True,False,0.05606276354529027
2026-08-10 09:00:00,AST_0044,SITE_B,SITE_B_B2,24.31,40.88,99.99,3.393,0.251,True,False,0.2573389763912231
2026-08-10 09:00:00,AST_0035,SITE_B,SITE_B_B2,21.66,41.91,99.97,8.212,53.2495,True,False,0.16004621133960117
2026-08-10 09:00:00,AST_0054,SITE_C,SITE_C_B1,30.52,37.7,98.78,10.691,0.535,True,False,0.1409030315989107
2026-08-10 09:00:00,AST_0015,SITE_A,SITE_A_B2,21.66,41.64,99.77,7.265,48.373,True,False,0.19432128170387147
2026-08-10 09:00:00,AST_0018,SITE_A,SITE_A_B2,22.74,38.89,101.05,0.764,0.027,True,False,0.234240674483973
2026-08-10 09:00:00,AST_0005,SITE_A,SITE_A_B1,27.57,34.68,100.34,6.368,20.296,True,False,0.22609489595971882
2026-08-10 09:00:00,AST_0003,SITE_A,SITE_A_B1,18.04,42.74,100.89,2.432,17.684,True,False,0.16940422207012285
2026-08-10 09:00:00,AST_0026,SITE_B,SITE_B_B1,22.2,43.15,99.8,7.463,49.606,True,False,0.22104040345383036
2026-08-10 09:00:00,AST_0021,SITE_A,SITE_A_B2,29.56,40.97,98.56,9.243,0.453,True,False,0.21795773006281816
2026-08-10 09:00:00,AST_0059,SITE_C,SITE_C_B2,24.33,38.53,98.35,13.777,90.103,True,False,0.14741738286789197
2026-08-10 09:00:00,AST_0032,SITE_B,SITE_B_B1,32.83,35.8,97.36,15.115,0.734,True,False,0.10807627848439871
2026-08-10 09:00:00,AST_0041,SITE_B,SITE_B_B2,29.87,44.03,98.51,10.437,0.567,True,False,0.2127060999579628
2026-08-10 09:00:00,AST_0043,SITE_B,SITE_B_B2,28.82,45.25,98.64,10.031,0.527,True,False,0.22660226503439268
2026-08-10 09:00:00,AST_0036,SITE_B,SITE_B_B2,25.83,39.72,97.54,15.51,101.26,True,False,0.0737228214639647
2026-08-10 09:00:00,AST_0012,SITE_A,SITE_A_B2,16.14,44.05,97.54,17.441,858.957,True,True,-0.02013271891722801
2026-08-10 09:00:00,AST_0033,SITE_B,SITE_B_B1,28.99,43.1,98.24,10.855,0.546,True,False,0.1765674351905746
2026-08-10 09:00:00,AST_0006,SITE_A,SITE_A_B1,26.82,41.8,100.19,6.743,19.161,True,False,0.24091277211275325
2026-08-10 09:00:00,AST_0034,SITE_B,SITE_B_B2,13.68,41.18,97.84,13.672,676.294,True,False,0.013179823844966965
2026-08-10 09:00:00,AST_0042,SITE_B,SITE_B_B2,31.86,43.82,98.33,14.913,0.723,True,False,0.15500806970410463
2026-08-10 09:00:00,AST_0004,SITE_A,SITE_A_B1,25.1,47.88,99.35,12.045,79.154,True,False,0.1641354481680558
2026-08-10 09:00:00,AST_0038,SITE_B,SITE_B_B2,25.38,41.8,101.45,3.972,11.93,True,False,0.24230703604148912
2026-08-10 09:00:00,AST_0055,SITE_C,SITE_C_B1,28.34,40.54,99.55,8.121,0.455,True,False,0.24532645602637265
2026-08-10 09:00:00,AST_0039,SITE_B,SITE_B_B2,26.94,43.21,101.0,4.815,14.286,True,False,0.2339646732754892
2026-08-10 09:00:00,AST_0047,SITE_C,SITE_C_B1,23.15,42.2,100.28,10.354,70.164,True,False,0.19010155421788932
2026-08-10 09:00:00,AST_0037,SITE_B,SITE_B_B2,20.0,47.37,100.34,4.911,36.777,True,False,0.21620699384280845
2026-08-10 09:00:00,AST_0008,SITE_A,SITE_A_B1,32.7,43.61,97.37,15.089,0.724,True,False,0.11265724466922089
2026-08-10 09:00:00,AST_0027,SITE_B,SITE_B_B1,26.43,41.51,100.68,4.533,13.956,True,False,0.25547198550333833
2026-08-10 09:00:00,AST_0061,SITE_C,SITE_C_B2,33.47,36.43,97.16,18.195,58.218,True,False,0.06117093676132923
2026-08-10 09:00:00,AST_0063,SITE_C,SITE_C_B2,31.905,41.59,98.16,13.808,0.702,True,False,0.16742418272598236
2026-08-10 09:00:00,AST_0046,SITE_C,SITE_C_B1,23.73,40.4,99.04,11.736,78.265,True,False,0.1773593424923905
2026-08-10 09:00:00,AST_0050,SITE_C,SITE_C_B1,30.05,42.66,99.69,11.202,35.089,True,False,0.17886853098055117
2026-08-10 09:00:00,AST_0030,SITE_B,SITE_B_B1,32.76,41.67,97.41,13.886,0.67,True,False,0.13181407454009764
2026-08-10 09:00:00,AST_0064,SITE_C,SITE_C_B2,23.76,39.92,101.51,1.049,0.18,True,False,0.22699768806440368
2026-08-10 09:00:00,AST_0016,SITE_A,SITE_A_B2,30.24,41.07,98.87,11.449,36.886,True,False,0.18460487168434297
2026-08-10 09:00:00,AST_0009,SITE_A,SITE_A_B1,30.97,38.72,97.82,13.268,0.651,True,False,0.16338605463751477
2026-08-10 09:00:00,AST_0065,SITE_C,SITE_C_B2,32.77,41.46,97.98,14.964,0.733,True,False,0.13173382639113007
2026-08-10 09:00:00,AST_0019,SITE_A,SITE_A_B2,28.52,36.82,99.43,9.35,0.484,True,False,0.2254755085032405
2026-08-10 09:00:00,AST_0053,SITE_C,SITE_C_B1,32.09,40.31,98.41,12.945,0.623,True,False,0.17704647100743287
2026-08-10 09:00:00,AST_0011,SITE_A,SITE_A_B1,26.37,41.53,100.44,4.509,0.297,True,False,0.23401167809812273
2026-08-10 09:00:00,AST_0048,SITE_C,SITE_C_B1,22.53,41.54,98.87,8.503,56.02,True,False,0.1906627882490965
2026-08-10 09:00:00,AST_0014,SITE_A,SITE_A_B2,19.86,44.3,100.39,6.894,46.893,True,False,0.22274000308203362
2026-08-10 09:00:00,AST_0056,SITE_C,SITE_C_B2,15.58,41.48,97.89,14.358,714.253,True,False,0.0004474185249818685
2026-08-10 09:00:00,AST_0023,SITE_B,SITE_B_B1,8.19,40.22,100.49,6.185,312.727,True,False,0.083824893192192
2026-08-10 09:00:00,AST_0045,SITE_C,SITE_C_B1,9.4,40.23,100.74,4.709,245.407,True,False,0.10696564191332458
2026-08-10 09:00:00,AST_0017,SITE_A,SITE_A_B2,26.07,40.13,100.21,5.098,15.161,True,False,0.26053083483830686
2026-08-10 09:00:00,AST_0057,SITE_C,SITE_C_B2,26.86,43.07,97.46,16.537,104.577,True,False,0.07991445578492251
2026-08-10 09:00:00,AST_0001,SITE_A,SITE_A_B1,15.5,42.22,97.7,15.979,770.866,False,True,-0.006281246227874848
2026-08-10 09:00:00,AST_0022,SITE_A,SITE_A_B2,28.84,40.5,100.21,9.276,0.534,True,False,0.22816358606712162
2026-08-10 09:15:00,AST_0063,SITE_C,SITE_C_B2,32.06,41.15,97.33,14.262,0.691,True,False,0.13116632694113273
2026-08-10 09:15:00,AST_0034,SITE_B,SITE_B_B2,14.32,41.82,98.35,13.653,673.979,True,False,0.02048296907645253
2026-08-10 09:15:00,AST_0046,SITE_C,SITE_C_B1,25.77,41.23,99.47,11.758,77.661,True,False,0.17979468456657055
2026-08-10 09:15:00,AST_0050,SITE_C,SITE_C_B1,29.81,43.85,99.72,11.113,34.976,True,False,0.18453168595845076
2026-08-10 09:15:00,AST_0017,SITE_A,SITE_A_B2,26.69,42.54,101.18,5.071,15.624,True,False,0.23960500603406804
2026-08-10 09:15:00,AST_0010,SITE_A,SITE_A_B1,25.11,44.38,99.65,3.586,0.272,True,False,0.2548198857207572
2026-08-10 09:15:00,AST_0014,SITE_A,SITE_A_B2,21.14,40.05,100.26,6.886,48.424,True,False,0.17907777703310468
2026-08-10 09:15:00,AST_0009,SITE_A,SITE_A_B1,31.04,38.0,98.11,13.228,0.664,True,False,0.1694604790080505
2026-08-10 09:15:00,AST_0030,SITE_B,SITE_B_B1,32.59,40.28,97.74,13.98,0.708,True,False,0.13020313826082963
2026-08-10 09:15:00,AST_0005,SITE_A,SITE_A_B1,26.59,39.48,100.12,6.389,19.998,True,False,0.24238681910170767
2026-08-10 09:15:00,AST_0065,SITE_C,SITE_C_B2,32.67,46.99,97.95500000000001,15.312,0.737,True,False,0.13114040522104764
2026-08-10 09:15:00,AST_0016,SITE_A,SITE_A_B2,29.65,41.63,99.5,11.313,36.419,True,False,0.1939255671872926
2026-08-10 09:15:00,AST_0055,SITE_C,SITE_C_B1,28.02,40.769999999999996,99.55,8.217,0.433,True,False,0.24027959924984532
2026-08-10 09:15:00,AST_0035,SITE_B,SITE_B_B2,22.13,43.32,100.34,8.071,55.274,True,False,0.21680426258604552
2026-08-10 09:15:00,AST_0019,SITE_A,SITE_A_B2,28.17,42.94,99.58,9.605,0.503,True,False,0.21662393453981715
2026-08-10 09:15:00,AST_0001,SITE_A,SITE_A_B1,15.29,41.63,97.78,15.843,774.416,False,True,-0.0019259024718961681
2026-08-10 09:15:00,AST_0041,SITE_B,SITE_B_B2,29.59,40.65,97.94,10.61,0.562,True,False,0.19336450694719898
2026-08-10 09:15:00,AST_0023,SITE_B,SITE_B_B1,8.85,39.22,100.02,6.093,315.555,True,False,0.08429582188603002
2026-08-10 09:15:00,AST_0056,SITE_C,SITE_C_B2,14.17,44.12,98.02,14.248,722.783,True,False,0.006961423089052787
2026-08-10 09:15:00,AST_0042,SITE_B,SITE_B_B2,32.98,42.21,97.04,14.904,0.737,True,False,0.10858482536049707
2026-08-10 09:15:00,AST_0045,SITE_C,SITE_C_B1,8.54,35.86,101.19,4.704,248.926,True,False,0.06426232899485562
2026-08-10 09:15:00,AST_0047,SITE_C,SITE_C_B1,22.76,38.13,99.33,10.585,69.451,True,False,0.16900412764741657
2026-08-10 09:15:00,AST_0038,SITE_B,SITE_B_B2,25.05,43.89,100.64,4.04,12.409,True,False,0.2627572551447946
2026-08-10 09:15:00,AST_0026,SITE_B,SITE_B_B1,20.93,38.1,99.74,7.774,48.99,True,False,0.21327256732245242
2026-08-10 09:15:00,AST_0036,SITE_B,SITE_B_B2,27.01,41.44,97.68,15.586,100.679,True,False,0.06759285264629089
2026-08-10 09:15:00,AST_0043,SITE_B,SITE_B_B2,29.75,44.45,99.08,10.166,0.51,True,False,0.23375901518397524
2026-08-10 09:15:00,AST_0037,SITE_B,SITE_B_B2,21.41,42.06,99.96,4.812,35.602,True,False,0.18244184183580214
2026-08-10 09:15:00,AST_0033,SITE_B,SITE_B_B1,29.42,41.5,98.94,10.645,0.559,True,False,0.22826748864653823
2026-08-10 09:15:00,AST_0053,SITE_C,SITE_C_B1,31.77,39.12,98.27,12.914,0.625,True,False,0.17117422464623877
2026-08-10 09:15:00,AST_0006,SITE_A,SITE_A_B1,27.22,37.71,99.97,6.338,20.555,True,False,0.21068083504124702
2026-08-10 09:15:00,AST_0027,SITE_B,SITE_B_B1,26.83,36.12,100.79,4.511,14.637,True,False,0.22419766961256876
2026-08-10 09:15:00,AST_0048,SITE_C,SITE_C_B1,22.06,40.39,99.27,8.468,56.92,True,False,0.19019188719230468
2026-08-10 09:15:00,AST_0057,SITE_C,SITE_C_B2,27.23,40.14,97.48,16.363,103.717,True,False,0.0809860639390595
2026-08-10 09:15:00,AST_0003,SITE_A,SITE_A_B1,18.56,43.03,101.13,2.06,17.861,True,False,0.2229249425592827
2026-08-10 09:15:00,AST_0004,SITE_A,SITE_A_B1,24.67,45.74,98.71,11.956,78.112,True,False,0.1720829623544441
2026-08-10 09:15:00,AST_0059,SITE_C,SITE_C_B2,24.57,40.1,98.42,13.799,89.289,True,False,0.1422052527021037
2026-08-10 09:15:00,AST_0012,SITE_A,SITE_A_B2,17.27,45.58,98.48,17.654,858.53,True,True,-0.009279520366097027
2026-08-10 09:15:00,AST_0008,SITE_A,SITE_A_B1,31.8,40.99,97.4,15.055,0.711,True,False,0.13511646101422958
2026-08-10 09:15:00,AST_0032,SITE_B,SITE_B_B1,33.88,40.01,97.59,15.364,0.728,True,False,0.11102962077178624
2026-08-10 09:15:00,AST_0015,SITE_A,SITE_A_B2,20.35,43.93,99.74,7.239,48.812,True,False,0.21385362182239048
2026-08-10 09:15:00,AST_0061,SITE_C,SITE_C_B2,33.33,47.09,97.15,18.108,57.599,True,False,0.05292456530808254
2026-08-10 09:30:00,AST_0027,SITE_B,SITE_B_B1,25.98,40.25,101.23,4.531,15.467,True,False,0.2469019166174412
2026-08-10 09:30:00,AST_0012,SITE_A,SITE_A_B2,15.27,39.33,97.77,17.435,866.509,False,True,-0.01424741815026831
2026-08-10 09:30:00,AST_0001,SITE_A,SITE_A_B1,15.09,41.63,98.07,15.501,771.834,False,True,-0.0033418800362449153
2026-08-10 09:30:00,AST_0006,SITE_A,SITE_A_B1,26.88,38.03,101.02,6.624,20.167,True,False,0.22220062262640128
2026-08-10 09:30:00,AST_0039,SITE_B,SITE_B_B2,25.93,47.07,100.9,4.484,15.041,True,False,0.2221549874211427
2026-08-10 09:45:00,AST_0012,SITE_A,SITE_A_B2,15.83,42.364999999999995,97.63,17.53,848.527,False,True,-0.03906580185331243
2026-08-10 09:45:00,AST_0013,SITE_A,SITE_A_B2,20.28,43.48,99.82,29.89977611214292,182.19909258632697,True,False,0.0771087665852297
2026-08-10 09:45:00,AST_0001,SITE_A,SITE_A_B1,14.96,41.49,97.59,15.405,791.946,False,True,-0.0231640160628086
2026-08-10 10:00:00,AST_0012,SITE_A,SITE_A_B2,17.39,45.4,97.64,17.634,919.21,False,True,-0.021151376471099326
2026-08-10 10:00:00,AST_0001,SITE_A,SITE_A_B1,14.62,41.35,97.48,15.761,840.566,False,True,-0.037486582767826016
2026-08-10 10:15:00,AST_0012,SITE_A,SITE_A_B2,16.95,37.84,97.99,17.738,936.9,False,True,-0.021956471502438735
2026-08-10 10:15:00,AST_0001,SITE_A,SITE_A_B1,15.14,46.73,98.02,15.391,831.911,False,True,-0.004378863313151071
2026-08-10 10:30:00,AST_0001,SITE_A,SITE_A_B1,15.44,41.57,98.55,15.49,850.934,False,True,-0.01181698839405454
2026-08-10 10:30:00,AST_0012,SITE_A,SITE_A_B2,15.52,40.73,98.0,17.291,925.798,False,True,-0.01988338594753769
2026-08-10 10:45:00,AST_0001,SITE_A,SITE_A_B1,15.55,40.41,97.31,15.865,844.571,False,True,-0.017868842665652362
2026-08-10 10:45:00,AST_0012,SITE_A,SITE_A_B2,16.15,47.51,97.73,17.448,930.618,False,True,-0.034765257437240016
2026-08-10 11:00:00,AST_0012,SITE_A,SITE_A_B2,16.78,40.31,97.97,17.606,993.811,False,True,-0.031598675273348364
2026-08-10 11:00:00,AST_0001,SITE_A,SITE_A_B1,15.14,44.65,98.02,15.768,902.509,False,True,-0.01462262559901406
2026-08-10 11:15:00,AST_0001,SITE_A,SITE_A_B1,14.93,42.61,98.11,15.782,891.114,False,True,-0.01581392734471132
2026-08-10 11:15:00,AST_0012,SITE_A,SITE_A_B2,15.44,40.07,97.72,17.529,983.21,False,True,-0.02277981316667288
2026-08-10 11:15:00,AST_0056,SITE_C,SITE_C_B2,13.5,44.18,97.77,14.172,818.117,False,True,-0.00017212787328546586
2026-08-10 11:30:00,AST_0001,SITE_A,SITE_A_B1,15.2,44.79,98.22,15.789,881.458,False,True,-0.010174160792408737
2026-08-10 11:30:00,AST_0012,SITE_A,SITE_A_B2,15.96,38.52,97.16,17.562,985.222,False,True,-0.03317349991471441
2026-08-10 11:45:00,AST_0012,SITE_A,SITE_A_B2,16.55,44.88,98.12,17.556,991.666,False,True,-0.02357557180855474
2026-08-10 11:45:00,AST_0001,SITE_A,SITE_A_B1,15.14,42.36,97.89,15.824,904.13,False,True,-0.012267095913136461
2026-08-10 12:00:00,AST_0012,SITE_A,SITE_A_B2,16.63,35.39,97.7,17.304,1025.292,False,True,-0.026238235701614987
2026-08-10 12:00:00,AST_0001,SITE_A,SITE_A_B1,16.01,36.45,97.89,16.148,934.191,False,True,-0.01849788292656651
2026-08-10 12:00:00,AST_0056,SITE_C,SITE_C_B2,14.5,39.03,98.97,14.172,845.304,False,True,-0.004862869107940537
2026-08-10 12:15:00,AST_0056,SITE_C,SITE_C_B2,14.7,42.53,97.95,14.416,860.586,False,True,-0.0024017919526021503
2026-08-10 12:15:00,AST_0012,SITE_A,SITE_A_B2,16.0,44.63,97.98,17.457,1037.832,False,True,-0.025894898170689906
2026-08-10 12:15:00,AST_0001,SITE_A,SITE_A_B1,14.92,39.3,97.46,15.541,934.635,False,True,-0.01663347113767255
2026-08-10 12:30:00,AST_0056,SITE_C,SITE_C_B2,15.2,42.21,98.04,14.433,843.18,False,True,-0.0024771603468993764
2026-08-10 12:30:00,AST_0019,SITE_A,SITE_A_B2,29.54,41.04,99.18,48.829894851613645,2.7312286673753063,True,False,0.12273932815219502
2026-08-10 12:30:00,AST_0001,SITE_A,SITE_A_B1,15.57,36.48,98.08,15.788,933.876,False,True,-0.014714180625924778
2026-08-10 12:30:00,AST_0012,SITE_A,SITE_A_B2,16.13,37.25,97.05,17.377,1040.625,False,True,-0.04421115226349903
2026-08-10 12:45:00,AST_0001,SITE_A,SITE_A_B1,14.52,46.41,98.36,15.742,925.703,False,True,-0.01985374880833435
2026-08-10 12:45:00,AST_0012,SITE_A,SITE_A_B2,16.34,40.4,98.55,17.336,1038.445,False,True,-0.02159084257445887
2026-08-10 12:45:00,AST_0056,SITE_C,SITE_C_B2,13.89,41.13,97.75,14.22,850.08,False,True,-0.0037825890483677016
2026-08-10 13:00:00,AST_0012,SITE_A,SITE_A_B2,15.65,46.85,97.67,17.423,1057.965,False,True,-0.033514971832944385
2026-08-10 13:00:00,AST_0001,SITE_A,SITE_A_B1,15.21,43.64,97.59,15.757,960.029,False,True,-0.016230245887768446
2026-08-10 13:15:00,AST_0001,SITE_A,SITE_A_B1,15.27,36.07,97.64,15.782,964.122,False,True,-0.0424941526049919
2026-08-10 13:15:00,AST_0012,SITE_A,SITE_A_B2,15.79,44.64,97.7,17.508,1055.657,False,True,-0.02885426645782585
2026-08-10 13:30:00,AST_0012,SITE_A,SITE_A_B2,15.93,36.69,97.36,17.490000000000002,1056.643,False,True,-0.04521171658243406
2026-08-10 13:30:00,AST_0034,SITE_B,SITE_B_B2,13.79,43.19,97.8,13.808,847.186,False,True,-0.003715830791120256
2026-08-10 13:30:00,AST_0001,SITE_A,SITE_A_B1,15.34,35.71,98.11,15.672,960.044,False,True,-0.015888286837638765
2026-08-10 13:30:00,AST_0056,SITE_C,SITE_C_B2,13.66,41.5,99.24,14.05,867.076,False,True,-0.02063429501169578
2026-08-10 13:45:00,AST_0012,SITE_A,SITE_A_B2,15.85,37.66,96.81,17.472,1070.557,False,True,-0.03849921260968869
2026-08-10 13:45:00,AST_0056,SITE_C,SITE_C_B2,14.89,34.75,98.83,14.426,890.523,False,True,-0.0002225383089407007
2026-08-10 13:45:00,AST_0001,SITE_A,SITE_A_B1,16.2,46.12,97.4,15.871,952.58,False,True,-0.03630699817541294
2026-08-10 14:00:00,AST_0012,SITE_A,SITE_A_B2,16.14,39.45,97.71,17.577,1082.09,False,True,-0.0269900725664729
2026-08-10 14:00:00,AST_0056,SITE_C,SITE_C_B2,12.59,41.26,98.01,14.369,884.441,False,True,-0.007450624372925763
2026-08-10 14:00:00,AST_0001,SITE_A,SITE_A_B1,15.91,40.01,98.19,15.731,970.882,False,True,-0.009120131476602622
2026-08-10 14:15:00,AST_0012,SITE_A,SITE_A_B2,15.66,36.22,96.65,17.383,1078.494,False,True,-0.04415309266232337
2026-08-10 14:15:00,AST_0001,SITE_A,SITE_A_B1,14.84,48.07,97.94,15.84,970.913,False,True,-0.015996648443278416
2026-08-10 14:15:00,AST_0034,SITE_B,SITE_B_B2,14.38,42.3,97.6,14.08,833.39,False,True,-0.033378856171843
2026-08-10 14:30:00,AST_0001,SITE_A,SITE_A_B1,15.08,34.39,98.28,16.061,964.133,False,True,-0.01899355700271388
2026-08-10 14:30:00,AST_0012,SITE_A,SITE_A_B2,16.16,45.15,97.37,17.488,1070.161,False,True,-0.03318696679218358
2026-08-10 14:45:00,AST_0056,SITE_C,SITE_C_B2,14.06,45.69,98.83,14.52,902.048,False,True,-0.01427502996614649
2026-08-10 14:45:00,AST_0001,SITE_A,SITE_A_B1,14.86,42.39,99.7,15.917,971.708,False,True,-0.007647912692088976
2026-08-10 14:45:00,AST_0012,SITE_A,SITE_A_B2,17.2,38.61,97.84,17.599,1079.266,False,True,-0.04389533058017736
2026-08-10 15:00:00,AST_0012,SITE_A,SITE_A_B2,16.7,37.51,98.11,17.365,1065.031,False,True,-0.03366628202445898
2026-08-10 15:00:00,AST_0001,SITE_A,SITE_A_B1,14.93,36.0,98.21,15.936,961.09,False,True,-0.014458091386721827
2026-08-10 15:00:00,AST_0049,SITE_C,SITE_C_B1,29.74,42.79,100.56,6.638,25.574,True,False,0.21316312417252586
2026-08-10 15:15:00,AST_0056,SITE_C,SITE_C_B2,14.59,44.71,97.95,14.478,866.291,False,True,-0.0026775882293488262
2026-08-10 15:15:00,AST_0001,SITE_A,SITE_A_B1,14.23,34.12,98.23,16.003,951.318,False,True,-0.017421333081425572
2026-08-10 15:15:00,AST_0012,SITE_A,SITE_A_B2,16.58,43.59,98.92,17.467,1054.147,False,True,-0.015053940555898593
2026-08-10 15:15:00,AST_0063,SITE_C,SITE_C_B2,31.8,42.45,97.63,71.04231310001212,3.844452233120687,True,False,0.07328129080020196
2026-08-10 15:30:00,AST_0012,SITE_A,SITE_A_B2,16.73,42.52,97.71,17.668,1058.303,False,True,-0.03188056960824792
2026-08-10 15:30:00,AST_0001,SITE_A,SITE_A_B1,15.16,37.03,98.5,15.627,951.49,False,True,-0.010243021131749797
2026-08-10 15:30:00,AST_0056,SITE_C,SITE_C_B2,14.8,43.77,98.17,14.7,879.64,False,True,-0.003361376584790632
2026-08-10 15:45:00,AST_0001,SITE_A,SITE_A_B1,15.65,42.15,97.04,15.91,970.467,False,True,-0.03609771080521118
2026-08-10 15:45:00,AST_0012,SITE_A,SITE_A_B2,15.92,44.06,96.85,17.343,1062.017,False,True,-0.04180508508726544
2026-08-10 15:45:00,AST_0056,SITE_C,SITE_C_B2,14.6,42.53,98.18,14.621,869.38,False,True,-0.024384598773875554
2026-08-10 16:00:00,AST_0001,SITE_A,SITE_A_B1,16.47,39.0,97.9,15.885,938.645,False,True,-0.013322056763209966
2026-08-10 16:00:00,AST_0034,SITE_B,SITE_B_B2,13.36,37.24,98.09,13.718,816.133,False,True,-0.00011133873227553437
2026-08-10 16:00:00,AST_0012,SITE_A,SITE_A_B2,16.47,42.555,98.02,17.464,1032.516,False,True,-0.02804408224676125
2026-08-10 16:15:00,AST_0001,SITE_A,SITE_A_B1,16.28,43.54,97.94,15.708,936.2525,False,True,-0.00671329721944669
2026-08-10 16:15:00,AST_0056,SITE_C,SITE_C_B2,14.98,43.24,97.84,14.624,848.297,False,True,-0.00048543515977250706
2026-08-10 16:15:00,AST_0012,SITE_A,SITE_A_B2,16.12,41.05,97.74,17.486,1036.047,False,True,-0.026092180317965563
2026-08-10 16:30:00,AST_0012,SITE_A,SITE_A_B2,16.14,37.29,97.38,17.548,1026.392,False,True,-0.03251953831802068
2026-08-10 16:30:00,AST_0001,SITE_A,SITE_A_B1,16.78,41.0,97.41,15.868,933.86,False,True,-0.026990196533383082
2026-08-10 16:45:00,AST_0001,SITE_A,SITE_A_B1,15.2,34.71,97.72,15.719,935.812,False,True,-0.01885702574069048
2026-08-10 16:45:00,AST_0004,SITE_A,SITE_A_B1,23.9,45.25,99.77,12.703,92.746,True,False,0.15536900435522938
2026-08-10 16:45:00,AST_0012,SITE_A,SITE_A_B2,16.1,45.22,98.46,17.386,1045.464,False,True,-0.039850363211619055
2026-08-10 17:00:00,AST_0012,SITE_A,SITE_A_B2,16.67,40.44,97.58,17.235,994.548,False,True,-0.024912559311746296
2026-08-10 17:00:00,AST_0001,SITE_A,SITE_A_B1,15.87,42.14,98.48,15.771,900.862,False,True,-0.006544873579946264
2026-08-10 17:15:00,AST_0012,SITE_A,SITE_A_B2,17.41,36.02,97.5,17.665,987.486,False,True,-0.03049641386799673
2026-08-10 17:15:00,AST_0001,SITE_A,SITE_A_B1,14.9,43.41,97.62,15.763,896.908,False,True,-0.018956980238006405
2026-08-10 17:30:00,AST_0001,SITE_A,SITE_A_B1,15.37,38.21,98.07,15.798,903.17,False,True,-0.022627753479745216
2026-08-10 17:30:00,AST_0012,SITE_A,SITE_A_B2,16.18,39.23,96.63,17.578,990.489,False,True,-0.03877539132393648
2026-08-10 17:30:00,AST_0049,SITE_C,SITE_C_B1,27.99,41.68,100.21,33.197248037906995,106.37369473166994,True,False,0.08266496937963064
2026-08-10 17:45:00,AST_0001,SITE_A,SITE_A_B1,15.22,41.07,97.6,16.082,897.505,False,True,-0.028126144963204647
2026-08-10 17:45:00,AST_0012,SITE_A,SITE_A_B2,16.43,38.71,97.455,17.324,1000.64,False,True,-0.027621740539375716
2026-08-10 18:00:00,AST_0001,SITE_A,SITE_A_B1,15.81,41.38,98.2,15.782,838.221,False,True,-0.0037036655805401386
2026-08-10 18:00:00,AST_0055,SITE_C,SITE_C_B1,27.92,39.36,99.68,43.200928205332346,2.0596889455289027,True,False,0.14071262261129014
2026-08-10 18:00:00,AST_0012,SITE_A,SITE_A_B2,17.58,42.25,98.28,17.608,928.932,False,True,-0.020502979049266234
2026-08-10 18:15:00,AST_0001,SITE_A,SITE_A_B1,14.61,37.8,98.49,15.937,853.196,False,True,-0.0017338363596659523
2026-08-10 18:15:00,AST_0012,SITE_A,SITE_A_B2,16.36,45.07,97.46,17.52,929.639,False,True,-0.030840715444584554
2026-08-10 18:30:00,AST_0001,SITE_A,SITE_A_B1,15.37,45.49,97.47,15.852,841.38,False,True,-0.015222850368585839
2026-08-10 18:30:00,AST_0012,SITE_A,SITE_A_B2,16.72,35.67,96.68,17.588,936.597,False,True,-0.046893150768576364
2026-08-10 18:45:00,AST_0001,SITE_A,SITE_A_B1,16.07,36.72,97.72,15.598,849.854,False,True,-0.009185292582885807
2026-08-10 18:45:00,AST_0012,SITE_A,SITE_A_B2,15.86,40.92,97.12,17.534,938.97,False,True,-0.038280162226597914
2026-08-10 19:00:00,AST_0012,SITE_A,SITE_A_B2,16.48,41.91,97.74,17.235,865.687,False,True,-0.028763732601521874
2026-08-10 19:00:00,AST_0001,SITE_A,SITE_A_B1,15.37,37.14,97.29,15.88,789.717,False,True,-0.028216144583386282
2026-08-10 19:15:00,AST_0001,SITE_A,SITE_A_B1,14.75,37.56,97.7,15.889,782.805,False,True,-0.010726671416351419
2026-08-10 19:15:00,AST_0012,SITE_A,SITE_A_B2,16.23,44.14,97.09,17.587,871.084,False,True,-0.03173785157798281
2026-08-10 19:30:00,AST_0001,SITE_A,SITE_A_B1,15.17,39.83,97.97,15.836,788.179,False,True,-0.0014759757857769618
2026-08-10 19:30:00,AST_0012,SITE_A,SITE_A_B2,17.19,37.79,97.75,17.76,857.583,False,True,-0.018731746712637443
2026-08-10 19:45:00,AST_0041,SITE_B,SITE_B_B2,30.25,34.01,98.99,53.0579416766731,2.3796843834557126,True,False,0.10324259376968081
2026-08-10 19:45:00,AST_0001,SITE_A,SITE_A_B1,14.99,36.55,98.21,15.741,801.426,False,True,-0.0011320527006207781
2026-08-10 19:45:00,AST_0012,SITE_A,SITE_A_B2,17.32,41.05,98.14,17.429,880.082,False,True,-0.021123409296772033
2026-08-10 19:45:00,AST_0056,SITE_C,SITE_C_B2,14.76,42.84,98.37,14.135,719.274,False,True,-0.01981692884895081
2026-08-10 19:45:00,AST_0037,SITE_B,SITE_B_B2,20.63,41.46,100.71,25.095177447302632,167.0105767298009,True,False,0.06113834568619814
2026-08-10 20:45:00,AST_0036,SITE_B,SITE_B_B2,26.13,40.23,97.63,79.64001597393684,148.37872968206244,True,False,0.05370851532220977
2026-08-10 21:00:00,AST_0040,SITE_B,SITE_B_B2,23.32,40.47,102.35,1.287,0.036,True,False,0.21647289410442722
2026-08-11 00:15:00,AST_0029,SITE_B,SITE_B_B1,30.37,37.87,98.08,13.223,0.03,True,False,0.20300414101802872
2026-08-11 02:30:00,AST_0036,SITE_B,SITE_B_B2,25.98,37.3,97.77,81.72875202507267,151.05136763545116,True,False,0.05768007185558066
2026-08-11 08:00:00,AST_0001,SITE_A,SITE_A_B1,14.71,34.17,98.21,15.925,725.556,False,True,-0.0005934876230299091
2026-08-11 08:00:00,AST_0012,SITE_A,SITE_A_B2,16.61,40.14,97.52,17.467,804.255,False,True,-0.013897308694289956
2026-08-11 08:15:00,AST_0061,SITE_C,SITE_C_B2,34.78,42.15,97.08500000000001,18.45,54.053,False,True,-0.00038182132784869705
2026-08-11 08:15:00,AST_0012,SITE_A,SITE_A_B2,15.48,36.18,97.21,17.745,799.214,False,True,-0.03668081134538359
2026-08-11 08:30:00,AST_0001,SITE_A,SITE_A_B1,15.51,44.23,97.62,15.917,734.292,False,True,-0.00016522559020748506
2026-08-11 08:30:00,AST_0012,SITE_A,SITE_A_B2,16.26,36.76,97.21,17.806,792.61,False,True,-0.026606928116403417
2026-08-11 08:45:00,AST_0012,SITE_A,SITE_A_B2,18.44,40.1,98.09,17.796,807.625,False,True,-0.0041135352524162005
2026-08-11 08:45:00,AST_0001,SITE_A,SITE_A_B1,15.36,43.44,98.07,16.123,727.211,False,True,-0.026124848688382385
2026-08-11 09:00:00,AST_0056,SITE_C,SITE_C_B2,15.15,42.16,98.13,14.528,726.015,False,True,-0.009989463236695029
2026-08-11 09:00:00,AST_0001,SITE_A,SITE_A_B1,15.93,41.5,97.21,16.059,790.435,False,True,-0.030276187045833125
2026-08-11 09:00:00,AST_0012,SITE_A,SITE_A_B2,17.14,39.54,97.34,17.589,877.679,False,True,-0.049292062428823114
2026-08-11 09:15:00,AST_0012,SITE_A,SITE_A_B2,16.95,38.33,97.25,17.7,881.676,False,True,-0.03077374633118357
2026-08-11 09:15:00,AST_0001,SITE_A,SITE_A_B1,16.64,36.61,98.41,16.087,795.767,False,True,-0.000900083157888143
2026-08-11 09:30:00,AST_0012,SITE_A,SITE_A_B2,17.25,37.25,97.72,17.938,874.509,False,True,-0.019962433064988794
2026-08-11 09:30:00,AST_0001,SITE_A,SITE_A_B1,16.22,39.26,97.66,15.826,804.175,False,True,-0.005367443372915837
2026-08-11 09:45:00,AST_0012,SITE_A,SITE_A_B2,15.43,41.28,96.66,17.715,882.954,False,True,-0.056940096595959666
2026-08-11 09:45:00,AST_0001,SITE_A,SITE_A_B1,15.78,40.25,97.78,16.173,791.022,False,True,-0.005715566492939361
2026-08-11 10:00:00,AST_0012,SITE_A,SITE_A_B2,16.4,37.56,97.04,17.694,939.889,False,True,-0.039097614277671666
2026-08-11 10:00:00,AST_0001,SITE_A,SITE_A_B1,15.5,38.07,97.56,15.797,854.261,False,True,-0.011941396449815733
2026-08-11 10:15:00,AST_0001,SITE_A,SITE_A_B1,15.77,38.38,98.13,16.017,854.966,False,True,-0.009810055969245446
2026-08-11 10:15:00,AST_0012,SITE_A,SITE_A_B2,16.97,39.63,97.47,17.433,950.216,False,True,-0.030312671783505052
2026-08-11 10:30:00,AST_0001,SITE_A,SITE_A_B1,15.85,38.92,98.27,16.165,858.289,False,True,-0.005559117728056839
2026-08-11 10:30:00,AST_0012,SITE_A,SITE_A_B2,17.51,41.82,97.9,17.758,943.987,False,True,-0.0386796263617557
2026-08-11 10:45:00,AST_0012,SITE_A,SITE_A_B2,17.14,39.43,98.06,17.773,956.542,False,True,-0.02032533007269144
2026-08-11 10:45:00,AST_0001,SITE_A,SITE_A_B1,14.82,40.34,97.67,15.973,860.622,False,True,-0.009978134069587252
2026-08-11 11:00:00,AST_0001,SITE_A,SITE_A_B1,15.4,39.72,98.37,16.1,911.051,False,True,-0.008251816245446575
2026-08-11 11:00:00,AST_0012,SITE_A,SITE_A_B2,15.98,37.35,98.01,17.58,995.332,False,True,-0.023442955275483124
2026-08-11 11:15:00,AST_0001,SITE_A,SITE_A_B1,15.7,37.56,98.15,16.021,903.155,False,True,-0.01521167174649296
2026-08-11 11:15:00,AST_0056,SITE_C,SITE_C_B2,13.33,44.54,98.05,14.552,829.136,False,True,-0.003123996281578223
2026-08-11 11:15:00,AST_0012,SITE_A,SITE_A_B2,16.19,39.65,97.18,17.789,999.805,False,True,-0.049678117503276886
2026-08-11 11:30:00,AST_0012,SITE_A,SITE_A_B2,16.7,42.7,97.52,17.916,1010.979,False,True,-0.02960605542049355
2026-08-11 11:30:00,AST_0034,SITE_B,SITE_B_B2,14.88,39.72,98.1,14.142,797.715,False,True,-0.016732415101664455
2026-08-11 11:30:00,AST_0001,SITE_A,SITE_A_B1,14.1,40.24,97.91,16.254,915.097,False,True,-0.017095814992451164
2026-08-11 11:45:00,AST_0012,SITE_A,SITE_A_B2,16.74,39.88,98.04,17.803,1007.507,False,True,-0.0229679648055926
2026-08-11 11:45:00,AST_0001,SITE_A,SITE_A_B1,15.62,39.75,97.67,15.996,907.554,False,True,-0.03408266378303493
2026-08-11 12:00:00,AST_0012,SITE_A,SITE_A_B2,16.53,40.48,97.37,17.654,1052.523,False,True,-0.03655617611691797
2026-08-11 12:00:00,AST_0001,SITE_A,SITE_A_B1,16.09,45.55,97.74,16.229,950.286,False,True,-0.019827319469668758
2026-08-11 12:15:00,AST_0034,SITE_B,SITE_B_B2,13.96,43.22,97.91,13.957,839.507,False,True,-0.010082706634145122
2026-08-11 12:15:00,AST_0001,SITE_A,SITE_A_B1,15.52,37.53,98.15,15.977,944.801,False,True,-0.013204453839850916
2026-08-11 12:15:00,AST_0012,SITE_A,SITE_A_B2,17.05,45.78,97.07,17.596,1045.315,False,True,-0.04055703327925608
2026-08-11 12:30:00,AST_0012,SITE_A,SITE_A_B2,16.58,38.43,98.13,17.568,1049.116,False,True,-0.024498264211644027
2026-08-11 12:30:00,AST_0034,SITE_B,SITE_B_B2,13.6,42.5,98.84,13.894,820.01,False,True,-0.009010954525797366
2026-08-11 12:30:00,AST_0056,SITE_C,SITE_C_B2,14.96,35.68,98.49,14.489,867.945,False,True,-0.02554136072817137
2026-08-11 12:30:00,AST_0001,SITE_A,SITE_A_B1,15.28,39.51,97.37,16.277,956.294,False,True,-0.022331028957303434
2026-08-11 12:45:00,AST_0012,SITE_A,SITE_A_B2,16.34,44.32,98.4,17.645,1055.696,False,True,-0.022824376175992533
2026-08-11 12:45:00,AST_0001,SITE_A,SITE_A_B1,15.86,40.29,98.66,16.025,958.715,False,True,-0.0038058523472549455
2026-08-11 13:00:00,AST_0012,SITE_A,SITE_A_B2,16.01,36.65,97.67,17.78,1068.941,False,True,-0.029303526795283807
2026-08-11 13:00:00,AST_0056,SITE_C,SITE_C_B2,14.23,42.32,98.32,14.406,882.499,False,True,-0.02208721446048323
2026-08-11 13:00:00,AST_0034,SITE_B,SITE_B_B2,13.76,42.66,98.08,13.924,846.031,False,True,-0.00031975977184384163
2026-08-11 13:00:00,AST_0001,SITE_A,SITE_A_B1,14.78,39.5,98.41,15.949,977.015,False,True,-0.0022580137206777984
2026-08-11 13:15:00,AST_0012,SITE_A,SITE_A_B2,16.96,42.63,97.2,17.933,1088.756,False,True,-0.03904260087142131
2026-08-11 13:15:00,AST_0001,SITE_A,SITE_A_B1,15.11,41.92,98.06,16.152,977.6,False,True,-0.013996113528801701
2026-08-11 13:30:00,AST_0001,SITE_A,SITE_A_B1,15.74,44.38,97.53,15.916,970.767,False,True,-0.01813827909531729
2026-08-11 13:30:00,AST_0056,SITE_C,SITE_C_B2,14.25,38.12,98.31,14.731,882.35,False,True,-0.01448417872646457
2026-08-11 13:30:00,AST_0012,SITE_A,SITE_A_B2,16.12,36.75,97.7,18.024,1088.912,False,True,-0.0313842610263545
2026-08-11 13:45:00,AST_0056,SITE_C,SITE_C_B2,15.15,38.19,98.64,14.766,880.967,False,True,-0.014922963416911239
2026-08-11 13:45:00,AST_0012,SITE_A,SITE_A_B2,15.75,42.08,97.38,17.656,1086.867,False,True,-0.03543922698970192
2026-08-11 13:45:00,AST_0001,SITE_A,SITE_A_B1,15.82,38.07,98.15,16.028,968.471,False,True,-0.012171671301973719
2026-08-11 13:45:00,AST_0013,SITE_A,SITE_A_B2,20.56,36.62,100.2,30.26897158849381,229.6079941574835,True,False,0.06497577836323098
2026-08-11 14:00:00,AST_0034,SITE_B,SITE_B_B2,14.38,37.35,98.54,14.033,852.458,False,True,-0.009740445523067187
2026-08-11 14:00:00,AST_0056,SITE_C,SITE_C_B2,14.05,37.1,98.25,14.727,907.736,False,True,-0.0037321973889014037
2026-08-11 14:00:00,AST_0001,SITE_A,SITE_A_B1,15.3,40.42,97.33,16.139,983.055,False,True,-0.022219687391370035
2026-08-11 14:00:00,AST_0012,SITE_A,SITE_A_B2,17.24,37.04,96.85,17.6,1088.556,False,True,-0.04476443604148683
2026-08-11 14:15:00,AST_0001,SITE_A,SITE_A_B1,15.87,39.03,97.87,16.055,981.861,False,True,-0.012435223678700758
2026-08-11 14:15:00,AST_0056,SITE_C,SITE_C_B2,14.97,43.7,97.84,14.603,878.543,False,True,-0.0023125333720268593
2026-08-11 14:15:00,AST_0012,SITE_A,SITE_A_B2,16.27,45.07,96.29,17.791,1083.517,False,True,-0.04179109092133804
2026-08-11 14:30:00,AST_0001,SITE_A,SITE_A_B1,14.69,40.98,98.43,15.971,992.225,False,True,-0.003915654814256042
2026-08-11 14:30:00,AST_0034,SITE_B,SITE_B_B2,13.45,40.2,98.08,13.864,851.622,False,True,-0.010090551466478082
2026-08-11 14:30:00,AST_0012,SITE_A,SITE_A_B2,15.35,36.69,97.17,17.715,1091.264,False,True,-0.03854267898476915
2026-08-11 14:30:00,AST_0056,SITE_C,SITE_C_B2,14.09,37.41,97.52,14.435,898.893,False,True,-0.01945294276225129
2026-08-11 14:45:00,AST_0056,SITE_C,SITE_C_B2,15.92,42.39,97.74,14.454,900.586,False,True,-0.01059886890235695
2026-08-11 14:45:00,AST_0012,SITE_A,SITE_A_B2,17.87,37.94,97.14,17.596,1089.359,False,True,-0.03417427527197836
2026-08-11 14:45:00,AST_0001,SITE_A,SITE_A_B1,15.05,44.94,97.46,15.991,998.945,False,True,-0.02258120300029265
2026-08-11 14:45:00,AST_0034,SITE_B,SITE_B_B2,14.15,36.93,99.01,13.741,866.441,False,True,-0.02534077347443442
2026-08-11 15:00:00,AST_0056,SITE_C,SITE_C_B2,14.34,34.77,98.92,14.623,899.947,False,True,-0.009996503151017855
2026-08-11 15:00:00,AST_0012,SITE_A,SITE_A_B2,15.92,37.3,98.04,17.92,1088.721,False,True,-0.028184960600333375
2026-08-11 15:00:00,AST_0001,SITE_A,SITE_A_B1,16.14,38.11,97.94,16.197,973.153,False,True,-0.015951914877971096
2026-08-11 15:00:00,AST_0034,SITE_B,SITE_B_B2,14.12,44.17,98.72,13.975,855.533,False,True,-0.005978642931227407
2026-08-11 15:15:00,AST_0056,SITE_C,SITE_C_B2,13.8,36.94,97.88,14.143,887.917,False,True,-0.011407455534150346
2026-08-11 15:15:00,AST_0034,SITE_B,SITE_B_B2,13.53,43.5,98.05,14.348,848.913,False,True,-0.0007728194742968597
2026-08-11 15:15:00,AST_0012,SITE_A,SITE_A_B2,16.51,38.34,96.76,17.854,1083.83,False,True,-0.04228653216553757
2026-08-11 15:15:00,AST_0001,SITE_A,SITE_A_B1,15.28,38.79,98.67,16.035,975.9,False,True,-0.002262328074070785
2026-08-11 15:30:00,AST_0056,SITE_C,SITE_C_B2,15.21,34.59,97.72,14.921,884.593,False,True,-0.01397253962761269
2026-08-11 15:30:00,AST_0012,SITE_A,SITE_A_B2,16.89,38.82,97.38,17.784,1074.346,False,True,-0.0507714843343996
2026-08-11 15:30:00,AST_0034,SITE_B,SITE_B_B2,13.83,38.61,97.38,13.964,861.614,False,True,-0.01565063730755878
2026-08-11 15:30:00,AST_0001,SITE_A,SITE_A_B1,15.45,39.73,97.62,15.856,979.316,False,True,-0.014122096615036384
2026-08-11 15:45:00,AST_0001,SITE_A,SITE_A_B1,14.79,43.23,98.11,16.039,984.599,False,True,-0.04153830263893332
2026-08-11 15:45:00,AST_0012,SITE_A,SITE_A_B2,16.12,39.18,97.69,17.582,1078.135,False,True,-0.026266770021573294
2026-08-11 15:45:00,AST_0056,SITE_C,SITE_C_B2,14.46,36.91,98.96,14.492,888.485,False,True,-0.0009943737996381818
2026-08-11 16:00:00,AST_0034,SITE_B,SITE_B_B2,13.97,36.31,97.99,13.724,835.478,False,True,-0.004076726089563554
2026-08-11 16:00:00,AST_0056,SITE_C,SITE_C_B2,14.86,42.23,97.67,14.787,867.359,False,True,-0.007615500138159481
2026-08-11 16:00:00,AST_0001,SITE_A,SITE_A_B1,15.9,35.27,97.64,16.004,955.5,False,True,-0.020724452772031277
2026-08-11 16:00:00,AST_0012,SITE_A,SITE_A_B2,16.06,41.05,97.99,17.758,1050.324,False,True,-0.0290871799273017
2026-08-11 16:15:00,AST_0012,SITE_A,SITE_A_B2,16.85,42.72,97.69,17.893,1059.084,False,True,-0.030595029436772392
2026-08-11 16:15:00,AST_0057,SITE_C,SITE_C_B2,27.6,43.87,96.99,16.517,355.32047626352585,True,False,0.031236553683745893
2026-08-11 16:15:00,AST_0001,SITE_A,SITE_A_B1,15.85,42.43,97.86,16.13,947.984,False,True,-0.015378481182991788
2026-08-11 16:15:00,AST_0034,SITE_B,SITE_B_B2,13.26,40.21,97.78,13.792,831.152,False,True,-0.0004502888736266364
2026-08-11 16:30:00,AST_0012,SITE_A,SITE_A_B2,16.34,39.64,97.42,17.653,1050.153,False,True,-0.0304954404086748
2026-08-11 16:30:00,AST_0001,SITE_A,SITE_A_B1,15.84,40.18,97.77,16.046,942.132,False,True,-0.016154683551902083
2026-08-11 16:30:00,AST_0057,SITE_C,SITE_C_B2,27.75,43.06,97.82,82.45197056093811,581.2649525270516,True,True,-0.008626655710430642
2026-08-11 16:45:00,AST_0001,SITE_A,SITE_A_B1,15.76,39.51,97.79,16.103,950.133,False,True,-0.014709900803064224
2026-08-11 16:45:00,AST_0012,SITE_A,SITE_A_B2,15.13,36.72,97.78,17.596,1045.85,False,True,-0.028986056999297016
2026-08-11 16:45:00,AST_0056,SITE_C,SITE_C_B2,14.12,38.03,98.26,14.441,877.071,False,True,-0.0029491875715105254
2026-08-11 17:00:00,AST_0012,SITE_A,SITE_A_B2,17.39,33.58,97.86,17.873,1013.785,False,True,-0.027687508304045094
2026-08-11 17:00:00,AST_0001,SITE_A,SITE_A_B1,15.7,37.34,97.73,16.047,912.551,False,True,-0.02495539074827191
2026-08-11 17:15:00,AST_0056,SITE_C,SITE_C_B2,14.17,39.98,98.8,14.526,825.199,False,True,-0.017210769526961434
2026-08-11 17:15:00,AST_0012,SITE_A,SITE_A_B2,14.95,46.82,97.47,17.746,1007.461,False,True,-0.03279793056264557
2026-08-11 17:30:00,AST_0012,SITE_A,SITE_A_B2,16.92,41.17,96.92,17.907,1012.145,False,True,-0.04074578869901713
2026-08-11 17:30:00,AST_0001,SITE_A,SITE_A_B1,16.65,44.66,97.76,16.073,917.038,False,True,-0.018512143058393216
2026-08-11 17:45:00,AST_0001,SITE_A,SITE_A_B1,15.98,39.47,97.33,16.153,906.876,False,True,-0.024587181253769352
2026-08-11 17:45:00,AST_0012,SITE_A,SITE_A_B2,16.06,37.18,97.58,17.932,1000.581,False,True,-0.027379798901829178
2026-08-11 18:00:00,AST_0012,SITE_A,SITE_A_B2,15.81,36.8,97.93,17.901,953.985,False,True,-0.02384052696244887
2026-08-11 18:00:00,AST_0034,SITE_B,SITE_B_B2,14.370000000000001,36.73,98.08,13.924,743.683,False,True,-0.011671408518578397
2026-08-11 18:00:00,AST_0048,SITE_C,SITE_C_B1,21.98,37.58,100.14,43.68644554409516,282.4703391073927,True,False,0.03323119575581124
2026-08-11 18:00:00,AST_0001,SITE_A,SITE_A_B1,14.5,39.26,97.9,16.108,869.328,False,True,-0.008075810346254486
2026-08-11 18:15:00,AST_0001,SITE_A,SITE_A_B1,14.73,40.07,97.59,16.318,861.633,False,True,-0.02809792173687553
2026-08-11 18:15:00,AST_0012,SITE_A,SITE_A_B2,15.96,41.56,97.11,17.647,957.249,False,True,-0.033944883874125975
2026-08-11 18:30:00,AST_0001,SITE_A,SITE_A_B1,16.6,34.6,97.85,15.979,849.005,False,True,-0.012625695192362785
2026-08-11 18:30:00,AST_0034,SITE_B,SITE_B_B2,13.76,37.58,97.69,14.07,747.191,False,True,-0.001105907959370267
2026-08-11 18:30:00,AST_0012,SITE_A,SITE_A_B2,15.8,38.28,97.36,17.912,966.903,False,True,-0.031163056917968057
2026-08-11 18:45:00,AST_0012,SITE_A,SITE_A_B2,15.64,39.07,97.44,17.873,955.617,False,True,-0.026075236033448523
2026-08-11 18:45:00,AST_0001,SITE_A,SITE_A_B1,15.5,38.6,98.2,16.143,865.153,False,True,-0.006587552700005106
2026-08-11 19:00:00,AST_0034,SITE_B,SITE_B_B2,13.82,38.11,97.92,14.029,734.078,False,True,-0.023931011726246232
2026-08-11 19:00:00,AST_0001,SITE_A,SITE_A_B1,15.25,42.39,97.41,16.116,806.304,False,True,-0.028973293961057522
2026-08-11 19:00:00,AST_0012,SITE_A,SITE_A_B2,15.93,42.03,97.75,17.882,889.057,False,True,-0.029192969214117293
2026-08-11 19:15:00,AST_0034,SITE_B,SITE_B_B2,13.19,36.31,97.7,14.065,714.618,False,True,-0.001301099313485543
2026-08-11 19:15:00,AST_0012,SITE_A,SITE_A_B2,16.58,40.17,97.24,17.808,883.609,False,True,-0.031155666773417634
2026-08-11 19:30:00,AST_0001,SITE_A,SITE_A_B1,16.28,40.4,97.21,16.158,797.052,False,True,-0.023272043332679848
2026-08-11 19:30:00,AST_0012,SITE_A,SITE_A_B2,17.6,41.05,97.55,17.799,870.641,False,True,-0.01776712707798711
2026-08-11 19:45:00,AST_0012,SITE_A,SITE_A_B2,15.95,37.96,98.44,17.811,883.81,False,True,-0.02444612446244876
2026-08-11 19:45:00,AST_0001,SITE_A,SITE_A_B1,15.5,40.44,97.6,16.22,798.949,False,True,-0.008330250040568754
2026-08-11 22:15:00,AST_0051,SITE_C,SITE_C_B1,30.42,42.57,97.51,15.078,0.03,True,False,0.16263734698261778
2026-08-11 22:15:00,AST_0053,SITE_C,SITE_C_B1,31.8,37.76,97.93,67.05702494433406,0.8788607097989848,True,False,0.115854951140831
2026-08-11 23:15:00,AST_0029,SITE_B,SITE_B_B1,31.32,37.11,97.65,67.55265722765442,0.0,True,False,0.10301474098571617
2026-08-12 02:45:00,AST_0008,SITE_A,SITE_A_B1,31.19,36.29,97.64,79.14438369061646,1.0771677417536274,True,False,0.10544903635916902
2026-08-12 03:00:00,AST_0042,SITE_B,SITE_B_B2,32.14,39.93,97.44,77.87495814864288,1.06364680775672,True,False,0.09123972518235302
2026-08-12 05:45:00,AST_0041,SITE_B,SITE_B_B2,29.38,41.52,98.27,55.890126152789485,0.8292839518103241,True,False,0.1348848313180424
2026-08-12 07:45:00,AST_0016,SITE_A,SITE_A_B2,30.08,41.38,99.39,60.709897234466105,53.01107522387517,True,False,0.1159923298515565
2026-08-12 08:00:00,AST_0001,SITE_A,SITE_A_B1,15.98,36.41,97.91,16.362,736.447,False,True,-0.0063387143641326915
2026-08-12 08:00:00,AST_0012,SITE_A,SITE_A_B2,18.11,43.32,97.29,18.124,826.281,False,True,-0.01904624666789656
2026-08-12 08:15:00,AST_0012,SITE_A,SITE_A_B2,16.0,36.15,96.42,17.994,827.148,False,True,-0.0500688997921126
2026-08-12 08:15:00,AST_0001,SITE_A,SITE_A_B1,15.53,38.82,98.12,16.469,743.748,False,True,-0.02426275037327763
2026-08-12 08:30:00,AST_0001,SITE_A,SITE_A_B1,15.4,39.76,97.71,16.343,734.982,False,True,-0.0009902958092105063
2026-08-12 08:30:00,AST_0012,SITE_A,SITE_A_B2,15.68,35.22,97.34,17.666,822.756,False,True,-0.025164571829057625
2026-08-12 08:45:00,AST_0012,SITE_A,SITE_A_B2,16.67,36.45,96.81,17.999,809.685,False,True,-0.0424647702528963
2026-08-12 08:45:00,AST_0056,SITE_C,SITE_C_B2,15.13,34.34,97.9,14.817,660.436,False,True,-0.007601055651437094
2026-08-12 09:00:00,AST_0001,SITE_A,SITE_A_B1,15.27,36.72,97.74,16.296,816.511,False,True,-0.008660532819860012
2026-08-12 09:00:00,AST_0012,SITE_A,SITE_A_B2,17.06,41.89,97.2,17.963,898.312,False,True,-0.03388134482802807
2026-08-12 09:15:00,AST_0001,SITE_A,SITE_A_B1,15.35,39.9,97.23,16.311,808.016,False,True,-0.016621584514764698
2026-08-12 09:15:00,AST_0056,SITE_C,SITE_C_B2,15.23,40.55,98.59,14.870999999999999,736.4935,False,True,-0.02073044269653035
2026-08-12 09:15:00,AST_0012,SITE_A,SITE_A_B2,17.32,41.74,97.37,18.044,887.222,False,True,-0.0307712925188115
2026-08-12 09:30:00,AST_0012,SITE_A,SITE_A_B2,15.99,40.97,97.0,18.157,901.429,False,True,-0.036838453467776255
2026-08-12 09:30:00,AST_0056,SITE_C,SITE_C_B2,14.61,37.61,98.01,14.853,744.619,False,True,-0.016967760364459794
2026-08-12 09:30:00,AST_0001,SITE_A,SITE_A_B1,15.14,37.45,98.37,16.348,810.553,False,True,-0.004243956316962283
2026-08-12 09:45:00,AST_0001,SITE_A,SITE_A_B1,15.19,39.88,97.54,16.06,801.067,False,True,-0.00955810690144121
2026-08-12 09:45:00,AST_0012,SITE_A,SITE_A_B2,16.47,42.46,97.64,18.099,900.307,False,True,-0.029140746561364117
2026-08-12 10:00:00,AST_0001,SITE_A,SITE_A_B1,15.76,35.21,98.0,16.251,872.906,False,True,-0.01315706813441253
2026-08-12 10:00:00,AST_0012,SITE_A,SITE_A_B2,17.39,41.17,97.14,18.008,966.942,False,True,-0.03551776835246956
2026-08-12 10:15:00,AST_0001,SITE_A,SITE_A_B1,15.31,38.05,97.74,16.298,872.045,False,True,-0.011892933731440736
2026-08-12 10:15:00,AST_0012,SITE_A,SITE_A_B2,17.34,37.94,97.36,18.179,958.435,False,True,-0.029710109026897635
2026-08-12 10:30:00,AST_0001,SITE_A,SITE_A_B1,15.73,39.8,97.82,16.164,871.031,False,True,-0.01097586000243811
2026-08-12 10:30:00,AST_0012,SITE_A,SITE_A_B2,16.98,41.29,97.2,18.286,962.414,False,True,-0.034214058363335575
2026-08-12 10:45:00,AST_0056,SITE_C,SITE_C_B2,13.63,39.84,97.79,14.773,793.164,False,True,-0.00018708553845381282
2026-08-12 10:45:00,AST_0001,SITE_A,SITE_A_B1,14.83,36.28,97.77,15.97,874.106,False,True,-0.012281866609666792
2026-08-12 10:45:00,AST_0012,SITE_A,SITE_A_B2,16.62,37.08,97.81,17.732,959.991,False,True,-0.026794258653101588
2026-08-12 11:00:00,AST_0056,SITE_C,SITE_C_B2,14.03,41.31,97.98,14.622,847.863,False,True,-0.00025232994187018853
2026-08-12 11:00:00,AST_0012,SITE_A,SITE_A_B2,16.97,39.67,97.68,18.063,1028.383,False,True,-0.02557851748258
2026-08-12 11:00:00,AST_0001,SITE_A,SITE_A_B1,14.96,37.35,97.14,16.448,925.643,False,True,-0.0314963236632696
2026-08-12 11:15:00,AST_0001,SITE_A,SITE_A_B1,15.87,36.25,97.77,16.358,924.251,False,True,-0.01956747688702587
2026-08-12 11:15:00,AST_0037,SITE_B,SITE_B_B2,19.56,38.79,100.9,26.02575234659801,190.2981320504745,True,False,0.06602258341665801
2026-08-12 11:15:00,AST_0012,SITE_A,SITE_A_B2,16.89,42.19,97.63,18.072,1027.785,False,True,-0.02840983105445749
2026-08-12 11:30:00,AST_0001,SITE_A,SITE_A_B1,16.26,38.48,98.38,16.272,924.056,False,True,-0.017690021873868256
2026-08-12 11:30:00,AST_0012,SITE_A,SITE_A_B2,15.88,39.16,97.61,17.806,1019.343,False,True,-0.024674360597554568
2026-08-12 11:45:00,AST_0031,SITE_B,SITE_B_B1,29.42,35.57,97.84,60.10805803329138,3.1368566872825303,True,False,0.08478410776358303
2026-08-12 11:45:00,AST_0001,SITE_A,SITE_A_B1,15.45,36.06,97.45,16.327,932.179,False,True,-0.03347860878167408
2026-08-12 11:45:00,AST_0034,SITE_B,SITE_B_B2,14.07,33.15,97.93,14.042,811.684,False,True,-0.0031713389415497506
2026-08-12 11:45:00,AST_0012,SITE_A,SITE_A_B2,17.62,35.82,97.2,18.006,1022.31,False,True,-0.029582418356141504
2026-08-12 12:00:00,AST_0001,SITE_A,SITE_A_B1,16.38,38.25,97.45,16.261,966.014,False,True,-0.02369785132060276
2026-08-12 12:00:00,AST_0056,SITE_C,SITE_C_B2,14.33,36.54,97.85,14.878,875.221,False,True,-0.00901505880420106
2026-08-12 12:00:00,AST_0034,SITE_B,SITE_B_B2,14.38,36.59,97.98,14.558,846.272,False,True,-0.005823195469814024
2026-08-12 12:00:00,AST_0012,SITE_A,SITE_A_B2,17.69,38.68,97.02,17.689,1065.602,False,True,-0.037628429004277986
2026-08-12 12:15:00,AST_0012,SITE_A,SITE_A_B2,17.095,37.26,98.39,18.116,1073.041,False,True,-0.021462436082836822
2026-08-12 12:15:00,AST_0001,SITE_A,SITE_A_B1,16.2,32.98,97.79,15.88,965.987,False,True,-0.02287418009679354
2026-08-12 12:15:00,AST_0034,SITE_B,SITE_B_B2,13.71,34.51,98.19,14.304,845.291,False,True,-0.0021958569273823336
2026-08-12 12:30:00,AST_0012,SITE_A,SITE_A_B2,16.5,41.83,97.23,17.948,1070.851,False,True,-0.03912801237100916
2026-08-12 12:30:00,AST_0001,SITE_A,SITE_A_B1,16.52,40.96,97.46,16.166,960.109,False,True,-0.022719062046650085
2026-08-12 12:45:00,AST_0001,SITE_A,SITE_A_B1,15.41,35.45,97.34,16.371,967.777,False,True,-0.029419035431991425
2026-08-12 12:45:00,AST_0055,SITE_C,SITE_C_B1,28.39,35.93,98.2,43.22115809444746,2.528414657421695,True,False,0.08918886997803022
2026-08-12 12:45:00,AST_0056,SITE_C,SITE_C_B2,14.36,38.71,97.91,14.816,876.718,False,True,-0.0014480120315851774
2026-08-12 12:45:00,AST_0034,SITE_B,SITE_B_B2,14.91,39.3,98.48,14.238,840.847,False,True,-0.02861039017304068
2026-08-12 12:45:00,AST_0012,SITE_A,SITE_A_B2,17.18,38.81,97.68,18.029,1061.358,False,True,-0.0272485803317718
2026-08-12 13:00:00,AST_0001,SITE_A,SITE_A_B1,15.79,37.91,97.68,16.415,984.289,False,True,-0.019133091103289646
2026-08-12 13:00:00,AST_0056,SITE_C,SITE_C_B2,15.69,43.67,98.36,14.744,897.514,False,True,-0.007479775747369577
2026-08-12 13:00:00,AST_0012,SITE_A,SITE_A_B2,18.08,37.46,98.13,18.197,1101.792,False,True,-0.021245614121548462
2026-08-12 13:15:00,AST_0001,SITE_A,SITE_A_B1,14.95,35.64,97.13,16.018,990.265,False,True,-0.05037252066988829
2026-08-12 13:15:00,AST_0012,SITE_A,SITE_A_B2,16.47,37.2,97.67,18.032,1102.666,False,True,-0.029543125498562084
2026-08-12 13:15:00,AST_0056,SITE_C,SITE_C_B2,15.02,33.09,97.61,14.518,899.589,False,True,-0.01955026078621014
2026-08-12 13:15:00,AST_0039,SITE_B,SITE_B_B2,26.79,35.58,100.31,24.432648578782555,75.87948159064464,True,False,0.10832939890796989
2026-08-12 13:15:00,AST_0034,SITE_B,SITE_B_B2,14.38,33.8,98.47,14.436,874.784,False,True,-0.002883866417469627
2026-08-12 13:30:00,AST_0034,SITE_B,SITE_B_B2,15.11,38.66,98.31,14.314,859.736,False,True,-0.008180401418224181
2026-08-12 13:30:00,AST_0001,SITE_A,SITE_A_B1,14.37,39.13,97.41,16.348,979.553,False,True,-0.02410707906574905
2026-08-12 13:30:00,AST_0012,SITE_A,SITE_A_B2,17.08,36.47,97.23,18.259,1093.633,False,True,-0.04079322612829095
2026-08-12 13:30:00,AST_0056,SITE_C,SITE_C_B2,15.05,35.72,98.16,15.174,895.36,False,True,-0.033987393771504504
2026-08-12 13:45:00,AST_0001,SITE_A,SITE_A_B1,15.99,37.34,97.82,16.258,991.66,False,True,-0.019891577206784916
2026-08-12 13:45:00,AST_0056,SITE_C,SITE_C_B2,14.32,39.22,97.95,14.928,902.331,False,True,-0.019476149900408246
2026-08-12 13:45:00,AST_0012,SITE_A,SITE_A_B2,17.42,36.06,97.35,18.161,1106.793,False,True,-0.05838162378741596
2026-08-12 14:00:00,AST_0034,SITE_B,SITE_B_B2,14.51,36.92,98.17,14.573,878.548,False,True,-0.004695143950664504
2026-08-12 14:00:00,AST_0056,SITE_C,SITE_C_B2,15.12,29.51,97.66,14.663,904.093,False,True,-0.04814120404480626
2026-08-12 14:00:00,AST_0001,SITE_A,SITE_A_B1,15.26,33.33,98.1,16.287,994.882,False,True,-0.029617190337666632
2026-08-12 14:00:00,AST_0012,SITE_A,SITE_A_B2,17.11,44.86,97.49,18.207,1120.73,False,True,-0.03684712514829214
2026-08-12 14:15:00,AST_0001,SITE_A,SITE_A_B1,15.17,40.57,97.68,16.094,1008.07,False,True,-0.014745553218225904
2026-08-12 14:15:00,AST_0034,SITE_B,SITE_B_B2,14.68,33.76,98.95,14.077,872.063,False,True,-0.02179841678621497
2026-08-12 14:15:00,AST_0012,SITE_A,SITE_A_B2,16.65,39.15,97.04,18.04,1106.541,False,True,-0.043528399287292796
2026-08-12 14:15:00,AST_0056,SITE_C,SITE_C_B2,15.69,40.46,97.86,14.706,905.505,False,True,-0.0065909963215802225
2026-08-12 14:30:00,AST_0001,SITE_A,SITE_A_B1,16.67,37.71,97.92,16.389,994.298,False,True,-0.02011079891310208
2026-08-12 14:30:00,AST_0012,SITE_A,SITE_A_B2,17.18,36.27,97.59,18.042,1106.266,False,True,-0.031737175768222325
2026-08-12 14:30:00,AST_0056,SITE_C,SITE_C_B2,14.6,38.17,98.27,14.937,923.254,False,True,-0.0068832345758816915
2026-08-12 14:45:00,AST_0001,SITE_A,SITE_A_B1,14.68,42.78,98.03,16.361,999.827,False,True,-0.016155206000038613
2026-08-12 14:45:00,AST_0034,SITE_B,SITE_B_B2,15.18,36.04,97.87,14.302,872.079,False,True,-0.007510026219421206
2026-08-12 14:45:00,AST_0012,SITE_A,SITE_A_B2,16.36,39.05,97.63,18.361,1107.772,False,True,-0.029621496667933123
2026-08-12 14:45:00,AST_0056,SITE_C,SITE_C_B2,15.56,38.39,98.44,14.911,906.271,False,True,-0.0030816621285065793
2026-08-12 15:00:00,AST_0012,SITE_A,SITE_A_B2,16.95,36.07,96.52,18.045,1098.254,False,True,-0.04657993807276373
2026-08-12 15:00:00,AST_0034,SITE_B,SITE_B_B2,12.93,36.59,98.21,14.25,861.423,False,True,-0.0056850563363100015
2026-08-12 15:00:00,AST_0001,SITE_A,SITE_A_B1,15.22,39.87,97.55,16.186,993.601,False,True,-0.018497164584925674
2026-08-12 15:00:00,AST_0056,SITE_C,SITE_C_B2,15.6,37.87,97.73,14.614,896.565,False,True,-0.009070263303329718
2026-08-12 15:15:00,AST_0012,SITE_A,SITE_A_B2,15.05,36.65,98.17,18.158,1094.802,False,True,-0.02755335390020841
2026-08-12 15:15:00,AST_0001,SITE_A,SITE_A_B1,16.25,34.89,97.44,16.26,990.493,False,True,-0.02742199692620695
2026-08-12 15:15:00,AST_0034,SITE_B,SITE_B_B2,14.93,40.11,98.08,14.064,877.47,False,True,-0.003986683938961844
2026-08-12 15:15:00,AST_0004,SITE_A,SITE_A_B1,23.76,42.17,98.71,62.88966778661997,451.3918745087565,True,False,0.012510206411840419
2026-08-12 15:30:00,AST_0001,SITE_A,SITE_A_B1,16.37,37.31,97.59,16.097,997.525,False,True,-0.018735192898109432
2026-08-12 15:30:00,AST_0012,SITE_A,SITE_A_B2,16.24,36.95,97.37,17.768,1102.826,False,True,-0.03689628535159817
2026-08-12 15:30:00,AST_0056,SITE_C,SITE_C_B2,15.36,35.15,98.36,14.814,904.073,False,True,-0.007369596983048177
2026-08-12 15:45:00,AST_0056,SITE_C,SITE_C_B2,14.56,38.07,97.94,14.887,898.787,False,True,-0.0073241941298665125
2026-08-12 15:45:00,AST_0034,SITE_B,SITE_B_B2,14.56,40.92,98.57,14.311,874.335,False,True,-0.014781050908787785
2026-08-12 15:45:00,AST_0012,SITE_A,SITE_A_B2,17.76,36.11,96.75,17.995,1103.272,False,True,-0.042988071589148746
2026-08-12 15:45:00,AST_0001,SITE_A,SITE_A_B1,15.73,39.73,97.9,16.301,997.79,False,True,-0.017580687443131016
2026-08-12 16:00:00,AST_0032,SITE_B,SITE_B_B1,34.03,32.7,95.76,15.688,0.894,True,False,0.06531373441060484
2026-08-12 16:00:00,AST_0034,SITE_B,SITE_B_B2,14.35,36.37,99.02,14.282,848.896,False,True,-0.010659012148474978
2026-08-12 16:00:00,AST_0056,SITE_C,SITE_C_B2,16.26,36.71,98.63,14.594,869.317,False,True,-0.005678442253913452
2026-08-12 16:00:00,AST_0001,SITE_A,SITE_A_B1,14.96,41.14,97.85,16.501,965.075,False,True,-0.01797243262810344
2026-08-12 16:00:00,AST_0012,SITE_A,SITE_A_B2,17.77,39.77,97.83,18.201,1069.394,False,True,-0.022990511992344254
2026-08-12 16:15:00,AST_0012,SITE_A,SITE_A_B2,17.4,26.72,96.65,18.209,1069.479,False,True,-0.057050983406052524
2026-08-12 16:15:00,AST_0001,SITE_A,SITE_A_B1,15.77,37.8,97.8,16.289,975.843,False,True,-0.015909170847855036
2026-08-12 16:15:00,AST_0056,SITE_C,SITE_C_B2,16.06,34.42,98.15,14.952,878.476,False,True,-0.008012354351528028
2026-08-12 16:15:00,AST_0034,SITE_B,SITE_B_B2,14.06,35.54,98.27,14.267,847.649,False,True,-0.003142539583920745
2026-08-12 16:30:00,AST_0056,SITE_C,SITE_C_B2,14.32,32.41,98.51,14.785,883.843,False,True,-0.009869616178988516
2026-08-12 16:30:00,AST_0001,SITE_A,SITE_A_B1,16.04,40.43,97.85,16.244,962.271,False,True,-0.04041696346536228
2026-08-12 16:30:00,AST_0012,SITE_A,SITE_A_B2,16.51,38.44,97.08,18.254,1068.247,False,True,-0.03970671020766503
2026-08-12 16:45:00,AST_0001,SITE_A,SITE_A_B1,14.56,39.19,97.86,16.342,973.618,False,True,-0.012740586986893288
2026-08-12 16:45:00,AST_0012,SITE_A,SITE_A_B2,17.2,38.92,97.47,18.075,1073.241,False,True,-0.03877339613238584
2026-08-12 16:45:00,AST_0056,SITE_C,SITE_C_B2,14.59,35.02,97.67,14.96,882.494,False,True,-0.024797551207416557
2026-08-12 17:00:00,AST_0056,SITE_C,SITE_C_B2,14.58,37.15,98.24,14.855,859.763,False,True,-0.032251500826944834
2026-08-12 17:00:00,AST_0012,SITE_A,SITE_A_B2,17.06,36.94,97.5,18.034,1021.241,False,True,-0.02915219431318883
2026-08-12 17:00:00,AST_0001,SITE_A,SITE_A_B1,15.84,39.69,97.58,16.44,919.042,False,True,-0.017285829893014082
2026-08-12 17:15:00,AST_0001,SITE_A,SITE_A_B1,14.48,44.67,97.89,16.386,917.092,False,True,-0.016078060218126633
2026-08-12 17:15:00,AST_0012,SITE_A,SITE_A_B2,16.29,41.71,96.75,18.434,1023.761,False,True,-0.04163059109993861
2026-08-12 17:15:00,AST_0034,SITE_B,SITE_B_B2,13.16,39.2,97.53,13.955,810.636,False,True,-0.001109053460522147
2026-08-12 17:30:00,AST_0012,SITE_A,SITE_A_B2,17.27,39.84,98.1,18.197,1027.572,False,True,-0.02256503557639422
2026-08-12 17:30:00,AST_0034,SITE_B,SITE_B_B2,14.78,39.74,98.5,14.394,819.151,False,True,-0.008661062038293532
2026-08-12 17:30:00,AST_0001,SITE_A,SITE_A_B1,15.55,40.54,98.3,16.452,915.464,False,True,-0.01281318379172336
2026-08-12 17:30:00,AST_0056,SITE_C,SITE_C_B2,14.34,36.66,97.78,14.856,851.431,False,True,-0.006449710474759063
2026-08-12 17:45:00,AST_0001,SITE_A,SITE_A_B1,15.72,38.12,97.5,16.28,935.803,False,True,-0.019937371534584858
2026-08-12 17:45:00,AST_0012,SITE_A,SITE_A_B2,16.42,39.02,97.52,17.95,1022.513,False,True,-0.0277750718904054
2026-08-12 17:45:00,AST_0056,SITE_C,SITE_C_B2,14.18,34.73,98.1,14.984,842.491,False,True,-0.00685474886826154
2026-08-12 18:00:00,AST_0028,SITE_B,SITE_B_B1,26.17,33.8,101.2,21.721843437356878,62.32699874774442,True,False,0.09241279902491972
2026-08-12 18:00:00,AST_0012,SITE_A,SITE_A_B2,16.44,39.45,97.11,17.864,961.644,False,True,-0.04508322377859397
2026-08-12 18:00:00,AST_0001,SITE_A,SITE_A_B1,16.0,39.73,97.8,16.198,866.286,False,True,-0.008965995530079818
2026-08-12 18:15:00,AST_0012,SITE_A,SITE_A_B2,16.76,38.17,97.08,18.168,968.493,False,True,-0.04112495389631854
2026-08-12 18:15:00,AST_0001,SITE_A,SITE_A_B1,15.96,38.46,97.93,16.433,879.154,False,True,-0.015414870370233813
2026-08-12 18:30:00,AST_0012,SITE_A,SITE_A_B2,16.82,38.54,97.05,18.064,965.97,False,True,-0.035933815213038844
2026-08-12 18:30:00,AST_0052,SITE_C,SITE_C_B1,27.89,33.29,98.2,44.90529636328096,2.1498285055082857,True,False,0.07947155723574151
2026-08-12 18:30:00,AST_0001,SITE_A,SITE_A_B1,15.23,38.54,97.36,16.359,871.141,False,True,-0.01968680323237637
2026-08-12 18:30:00,AST_0056,SITE_C,SITE_C_B2,13.14,34.03,97.97,14.674,795.872,False,True,-0.030551389948626162
2026-08-12 18:45:00,AST_0034,SITE_B,SITE_B_B2,14.15,33.67,98.82,14.288,763.676,False,True,-0.010179585255747026
2026-08-12 18:45:00,AST_0001,SITE_A,SITE_A_B1,15.72,43.69,98.15,16.352,874.732,False,True,-0.009540786696763393
2026-08-12 18:45:00,AST_0012,SITE_A,SITE_A_B2,16.84,39.74,97.01,17.941,965.116,False,True,-0.035321085237906
2026-08-12 19:00:00,AST_0001,SITE_A,SITE_A_B1,14.96,39.41,98.27,16.434,798.526,False,True,-0.002593473591634199
2026-08-12 19:00:00,AST_0056,SITE_C,SITE_C_B2,14.43,36.05,98.05,15.035,738.656,False,True,-0.002922679862958355
2026-08-12 19:00:00,AST_0012,SITE_A,SITE_A_B2,16.7,37.32,97.1,17.937,903.426,False,True,-0.04922191838941414
2026-08-12 19:15:00,AST_0012,SITE_A,SITE_A_B2,16.58,38.42,97.44,18.246,908.108,False,True,-0.0298182625980975
2026-08-12 19:15:00,AST_0001,SITE_A,SITE_A_B1,14.21,39.61,98.22,16.562,811.186,False,True,-0.0034195072419999084
2026-08-12 19:30:00,AST_0012,SITE_A,SITE_A_B2,16.56,35.42,97.3,18.483,890.058,False,True,-0.03951102672216111
2026-08-12 19:30:00,AST_0001,SITE_A,SITE_A_B1,14.8,40.0,98.38,16.498,809.749,False,True,-0.00022505717025689265
2026-08-12 19:45:00,AST_0012,SITE_A,SITE_A_B2,16.82,38.53,97.91,18.182,877.629,False,True,-0.018454140111888062
2026-08-12 19:45:00,AST_0001,SITE_A,SITE_A_B1,16.39,40.83,97.19,16.457,816.784,False,True,-0.02313764980278632
2026-08-12 22:45:00,AST_0051,SITE_C,SITE_C_B1,30.8,35.53,97.65,15.349,0.025,True,False,0.17691054014912988
2026-08-13 02:00:00,AST_0001,SITE_A,SITE_A_B1,15.53,42.94,97.875,82.41656825498664,1201.5017438111895,True,True,-0.04142445530496275
2026-08-13 03:30:00,AST_0064,SITE_C,SITE_C_B2,23.61,37.16,100.59,5.300230948160653,0.3425303279216556,True,False,0.2857218438540119
2026-08-13 04:00:00,AST_0047,SITE_C,SITE_C_B1,24.5,40.7,99.16,53.93794185318069,105.49934099986991,True,False,0.09977200198298342
2026-08-13 06:00:00,AST_0006,SITE_A,SITE_A_B1,28.11,38.32,100.55,33.06575375865873,31.120683082882,True,False,0.12580532113629184
2026-08-13 08:00:00,AST_0012,SITE_A,SITE_A_B2,18.45,39.22,97.03,18.255,821.892,False,True,-0.019880036580600335
2026-08-13 08:00:00,AST_0001,SITE_A,SITE_A_B1,16.22,34.94,97.92,16.49,747.335,False,True,-0.008733679851859244
2026-08-13 08:00:00,AST_0063,SITE_C,SITE_C_B2,31.77,41.99,98.6,75.20967025772622,3.019675259309333,True,False,0.09994546652217917
2026-08-13 08:15:00,AST_0012,SITE_A,SITE_A_B2,17.41,35.34,97.65,18.504,836.675,False,True,-0.020526659787787338
2026-08-13 08:15:00,AST_0001,SITE_A,SITE_A_B1,16.4,37.18,98.03,16.352,759.873,False,True,-0.0021261983261104955
2026-08-13 08:30:00,AST_0012,SITE_A,SITE_A_B2,17.26,37.6,97.36,18.245,833.816,False,True,-0.038357836877174534
2026-08-13 08:30:00,AST_0001,SITE_A,SITE_A_B1,15.93,37.49,98.1,16.215,748.167,False,True,-0.002255523703104556
2026-08-13 08:45:00,AST_0012,SITE_A,SITE_A_B2,16.34,38.26,96.96,18.454,835.936,False,True,-0.03252949627960855
2026-08-13 09:00:00,AST_0012,SITE_A,SITE_A_B2,16.28,41.3,97.61,18.457,909.047,False,True,-0.0307917232963002
2026-08-13 09:00:00,AST_0001,SITE_A,SITE_A_B1,15.36,39.22,97.57,16.497,816.783,False,True,-0.00864304479674316
2026-08-13 09:15:00,AST_0028,SITE_B,SITE_B_B1,26.09,33.08,101.01,21.61057904722373,60.49265870216397,True,False,0.05721896815664762
2026-08-13 09:15:00,AST_0001,SITE_A,SITE_A_B1,15.88,35.88,97.8,16.408,810.293,False,True,-0.04349600891731731
2026-08-13 09:15:00,AST_0012,SITE_A,SITE_A_B2,16.78,36.13,96.88,18.46,918.59,False,True,-0.045276918976804637
2026-08-13 09:30:00,AST_0001,SITE_A,SITE_A_B1,14.97,32.17,98.28,16.354,819.985,False,True,-0.02212637597846623
2026-08-13 09:30:00,AST_0012,SITE_A,SITE_A_B2,16.87,30.56,97.85,18.387999999999998,912.501,False,True,-0.05328864962348345
2026-08-13 09:45:00,AST_0012,SITE_A,SITE_A_B2,17.19,43.47,97.47,18.316,904.966,False,True,-0.02964694310216731
2026-08-13 09:45:00,AST_0056,SITE_C,SITE_C_B2,14.87,35.38,98.12,14.934,753.091,False,True,-0.0029370335812056725
2026-08-13 09:45:00,AST_0001,SITE_A,SITE_A_B1,15.6,36.15,97.86,16.866,822.849,False,True,-0.03382323076478533
2026-08-13 10:00:00,AST_0034,SITE_B,SITE_B_B2,13.53,33.32,98.32,14.483,769.82,False,True,-0.004177459996503874
2026-08-13 10:00:00,AST_0012,SITE_A,SITE_A_B2,16.6,40.77,98.0,18.322,982.729,False,True,-0.02653388636676013
2026-08-13 10:00:00,AST_0001,SITE_A,SITE_A_B1,15.95,40.46,97.98,16.622,878.218,False,True,-0.012747458409325785
2026-08-13 10:00:00,AST_0056,SITE_C,SITE_C_B2,14.39,28.33,97.78,14.984,803.305,False,True,-0.02783252816570725
2026-08-13 10:15:00,AST_0001,SITE_A,SITE_A_B1,15.82,36.97,98.0,16.636,883.506,False,True,-0.018411560191984755
2026-08-13 10:15:00,AST_0012,SITE_A,SITE_A_B2,16.62,37.24,97.09,18.406,980.381,False,True,-0.039456197271604765
2026-08-13 10:30:00,AST_0012,SITE_A,SITE_A_B2,16.33,37.24,97.37,18.182,974.597,False,True,-0.043046836601311034
2026-08-13 10:30:00,AST_0001,SITE_A,SITE_A_B1,15.69,36.68,98.24,16.743,885.171,False,True,-0.015088192504358222
2026-08-13 10:45:00,AST_0001,SITE_A,SITE_A_B1,16.41,36.68,97.33,16.497,893.298,False,True,-0.04028598692811114
2026-08-13 10:45:00,AST_0012,SITE_A,SITE_A_B2,16.93,33.52,97.55,18.298,969.624,False,True,-0.03876400165234539
2026-08-13 11:00:00,AST_0001,SITE_A,SITE_A_B1,15.79,35.8,98.26,16.846,939.189,False,True,-0.03122437942425671
2026-08-13 11:00:00,AST_0012,SITE_A,SITE_A_B2,15.73,36.89,97.88,18.373,1027.767,False,True,-0.03126501551143679
2026-08-13 11:00:00,AST_0056,SITE_C,SITE_C_B2,15.98,36.54,98.22,14.914,846.215,False,True,-0.0002685909925875807
2026-08-13 11:00:00,AST_0034,SITE_B,SITE_B_B2,13.4,38.08,97.55,14.416,822.746,False,True,-0.00579762394342076
2026-08-13 11:15:00,AST_0001,SITE_A,SITE_A_B1,15.86,34.32,97.62,16.628,941.673,False,True,-0.0242671320878598
2026-08-13 11:15:00,AST_0012,SITE_A,SITE_A_B2,16.87,36.54,97.2,18.366,1043.492,False,True,-0.042255379925742576
2026-08-13 11:15:00,AST_0056,SITE_C,SITE_C_B2,15.61,43.86,97.93,15.224,850.251,False,True,-0.02312266081584846
2026-08-13 11:30:00,AST_0001,SITE_A,SITE_A_B1,16.37,38.42,98.23,16.754,928.578,False,True,-0.017210496052596724
2026-08-13 11:30:00,AST_0056,SITE_C,SITE_C_B2,14.75,35.98,97.91,15.039,856.796,False,True,-0.008911192429252757
2026-08-13 11:30:00,AST_0012,SITE_A,SITE_A_B2,17.18,36.29,97.02,18.393,1037.027,False,True,-0.04486415172041014
2026-08-13 11:45:00,AST_0034,SITE_B,SITE_B_B2,14.47,36.23,98.49,14.578,822.992,False,True,-0.003414311187814545
2026-08-13 11:45:00,AST_0001,SITE_A,SITE_A_B1,15.04,35.97,98.07,16.789,931.527,False,True,-0.027976994712748948
2026-08-13 11:45:00,AST_0056,SITE_C,SITE_C_B2,14.89,32.49,98.13,14.893,861.879,False,True,-0.012402272774448941
2026-08-13 11:45:00,AST_0012,SITE_A,SITE_A_B2,16.56,36.86,97.29,18.417,1043.784,False,True,-0.0422429454396972
2026-08-13 12:00:00,AST_0056,SITE_C,SITE_C_B2,14.68,35.5,98.02,15.22,881.12,False,True,-0.016627138281571585
2026-08-13 12:00:00,AST_0001,SITE_A,SITE_A_B1,16.89,26.56,98.65,16.718,967.797,False,True,-0.027778639692344842
2026-08-13 12:00:00,AST_0034,SITE_B,SITE_B_B2,14.03,34.15,98.61,14.596,846.795,False,True,-0.001531563023667859
2026-08-13 12:00:00,AST_0038,SITE_B,SITE_B_B2,25.78,35.63,100.4,19.8151763882571,63.42670137949289,True,False,0.11267483637154097
2026-08-13 12:00:00,AST_0012,SITE_A,SITE_A_B2,16.45,35.87,97.57,18.313,1090.438,False,True,-0.03377194876252354
2026-08-13 12:15:00,AST_0034,SITE_B,SITE_B_B2,13.76,35.95,98.27,14.606,860.082,False,True,-0.021331081035888433
2026-08-13 12:15:00,AST_0001,SITE_A,SITE_A_B1,16.01,35.18,97.81,16.658,978.342,False,True,-0.024017049641758326
2026-08-13 12:15:00,AST_0012,SITE_A,SITE_A_B2,16.24,36.61,97.17,18.392,1095.956,False,True,-0.042873676515441383
2026-08-13 12:15:00,AST_0056,SITE_C,SITE_C_B2,14.4,40.13,98.6,14.944,890.096,False,True,-0.0007402633136489589
2026-08-13 12:30:00,AST_0056,SITE_C,SITE_C_B2,14.6,33.97,98.02,14.826,887.436,False,True,-0.012607241076906583
2026-08-13 12:30:00,AST_0034,SITE_B,SITE_B_B2,14.42,36.58,97.78,14.65,850.259,False,True,-0.00644257756384925
2026-08-13 12:30:00,AST_0012,SITE_A,SITE_A_B2,16.33,36.57,96.55,18.212,1080.26,False,True,-0.05855285393707199
2026-08-13 12:30:00,AST_0001,SITE_A,SITE_A_B1,15.42,34.23,97.54,16.32,983.399,False,True,-0.024544560452110287
2026-08-13 12:45:00,AST_0001,SITE_A,SITE_A_B1,15.41,36.32,97.41,16.73,976.801,False,True,-0.027564563389407493
2026-08-13 12:45:00,AST_0056,SITE_C,SITE_C_B2,14.14,40.33,98.25,15.08,894.508,False,True,-0.008131802764800411
2026-08-13 12:45:00,AST_0012,SITE_A,SITE_A_B2,18.29,42.1,96.83,18.107,1085.236,False,True,-0.0457090760910428
2026-08-13 12:45:00,AST_0009,SITE_A,SITE_A_B1,31.36,42.68,98.45,69.97518644918969,3.641638223167076,True,False,0.10326280338945593
2026-08-13 13:00:00,AST_0034,SITE_B,SITE_B_B2,15.29,38.3,97.49,14.517,873.949,False,True,-0.007889339212763136
2026-08-13 13:00:00,AST_0012,SITE_A,SITE_A_B2,16.38,37.56,97.4,18.243,1114.533,False,True,-0.03741931973420387
2026-08-13 13:00:00,AST_0039,SITE_B,SITE_B_B2,25.93,39.26,100.56,24.078625519268005,80.15660371166638,True,False,0.10915231003898374
2026-08-13 13:00:00,AST_0001,SITE_A,SITE_A_B1,16.41,36.18,98.58,16.638,1015.621,False,True,-0.014493944626709054
2026-08-13 13:00:00,AST_0056,SITE_C,SITE_C_B2,15.1,36.87,98.96,14.95,918.811,False,True,-0.030926558922801717
2026-08-13 13:15:00,AST_0012,SITE_A,SITE_A_B2,17.44,43.82,97.36,18.341,1111.599,False,True,-0.033385363503031895
2026-08-13 13:15:00,AST_0001,SITE_A,SITE_A_B1,15.78,34.82,96.98,16.739,1009.019,False,True,-0.052095515060258
2026-08-13 13:15:00,AST_0056,SITE_C,SITE_C_B2,14.36,39.52,97.58,15.123,915.572,False,True,-0.016109651068634157
2026-08-13 13:15:00,AST_0034,SITE_B,SITE_B_B2,14.9,40.23,98.71,14.6,880.1675,False,True,-0.0007247405736795498
2026-08-13 13:30:00,AST_0012,SITE_A,SITE_A_B2,17.54,37.59,97.56,18.581,1120.738,False,True,-0.03125219353580844
2026-08-13 13:30:00,AST_0056,SITE_C,SITE_C_B2,14.95,37.71,97.68,14.728,915.077,False,True,-0.012610273404680017
2026-08-13 13:30:00,AST_0001,SITE_A,SITE_A_B1,15.83,41.08,97.95,16.567,1013.153,False,True,-0.017752778882796916
2026-08-13 13:30:00,AST_0034,SITE_B,SITE_B_B2,14.99,34.38,98.04,14.463,886.386,False,True,-0.012772548609739642
2026-08-13 13:45:00,AST_0012,SITE_A,SITE_A_B2,17.51,35.55,97.02,18.25,1113.183,False,True,-0.040924007673547536
2026-08-13 13:45:00,AST_0056,SITE_C,SITE_C_B2,14.32,31.87,97.84,14.736,907.545,False,True,-0.03675760548026297
2026-08-13 13:45:00,AST_0034,SITE_B,SITE_B_B2,15.28,29.65,97.42,14.252,871.902,False,True,-0.05651422155469965
2026-08-13 13:45:00,AST_0001,SITE_A,SITE_A_B1,15.29,35.58,97.67,16.766,1000.647,False,True,-0.04078803015867405
2026-08-13 14:00:00,AST_0056,SITE_C,SITE_C_B2,14.03,38.21,98.11,14.991,917.223,False,True,-0.009893902679884992
2026-08-13 14:00:00,AST_0001,SITE_A,SITE_A_B1,16.83,39.48,97.87,16.741,1010.378,False,True,-0.015610878409603512
2026-08-13 14:00:00,AST_0012,SITE_A,SITE_A_B2,16.89,36.53,97.24,18.053,1139.125,False,True,-0.038015022505080265
2026-08-13 14:00:00,AST_0034,SITE_B,SITE_B_B2,13.61,40.27,97.9,14.095,879.844,False,True,-0.012844409034516002
2026-08-13 14:15:00,AST_0034,SITE_B,SITE_B_B2,15.02,35.3,97.83,14.556,890.731,False,True,-0.012745949503694787
2026-08-13 14:15:00,AST_0056,SITE_C,SITE_C_B2,14.23,30.86,98.08,15.022,913.467,False,True,-0.038990004499057096
2026-08-13 14:15:00,AST_0012,SITE_A,SITE_A_B2,17.09,35.3,97.35,18.456,1118.53,False,True,-0.042255379925742576
2026-08-13 14:15:00,AST_0001,SITE_A,SITE_A_B1,15.97,40.46,98.17,16.614,1015.939,False,True,-0.038922516763812864
2026-08-13 14:30:00,AST_0001,SITE_A,SITE_A_B1,16.03,39.86,97.96,16.629,1014.708,False,True,-0.01621973024765777
2026-08-13 14:30:00,AST_0025,SITE_B,SITE_B_B1,21.3,49.94,100.1,6.901,59.002,True,False,0.21583665844823136
2026-08-13 14:30:00,AST_0034,SITE_B,SITE_B_B2,14.67,39.71,97.77,14.391,892.84,False,True,-0.006274726736587022
2026-08-13 14:30:00,AST_0056,SITE_C,SITE_C_B2,14.51,37.55,98.45,14.935,925.914,False,True,-0.004007705962014163
2026-08-13 14:30:00,AST_0012,SITE_A,SITE_A_B2,16.76,33.98,97.62,18.444,1136.684,False,True,-0.036318618489680876
2026-08-13 14:45:00,AST_0034,SITE_B,SITE_B_B2,15.19,38.35,98.16,14.319,895.025,False,True,-0.009078512561970231
2026-08-13 14:45:00,AST_0012,SITE_A,SITE_A_B2,16.57,34.09,97.57,18.556,1123.457,False,True,-0.03786544795198177
2026-08-13 14:45:00,AST_0056,SITE_C,SITE_C_B2,14.72,36.12,98.7,15.223,934.414,False,True,-0.012621411198045385
2026-08-13 14:45:00,AST_0001,SITE_A,SITE_A_B1,15.34,38.61,98.13,16.601,1020.011,False,True,-0.01596514730713583
2026-08-13 15:00:00,AST_0056,SITE_C,SITE_C_B2,14.42,33.66,98.34,14.954,918.884,False,True,-0.014995668687750596
2026-08-13 15:00:00,AST_0034,SITE_B,SITE_B_B2,14.0,44.99,98.7,14.357,897.862,False,True,-0.0015352442187238635
2026-08-13 15:00:00,AST_0001,SITE_A,SITE_A_B1,15.7,33.83,97.93,16.9,1004.422,False,True,-0.02350258919087822
2026-08-13 15:00:00,AST_0012,SITE_A,SITE_A_B2,16.69,36.77,97.5,18.274,1119.251,False,True,-0.03455766574564734
2026-08-13 15:15:00,AST_0056,SITE_C,SITE_C_B2,14.0,32.56,98.1,14.649,915.324,False,True,-0.014737358830943403
2026-08-13 15:15:00,AST_0001,SITE_A,SITE_A_B1,17.27,33.88,97.71,16.554,1002.591,False,True,-0.023426958927400432
2026-08-13 15:15:00,AST_0012,SITE_A,SITE_A_B2,16.71,37.38,97.47,18.648,1111.885,False,True,-0.03621566606232052
2026-08-13 15:30:00,AST_0056,SITE_C,SITE_C_B2,15.04,34.31,98.23,15.166,915.248,False,True,-0.014815765718507623
2026-08-13 15:30:00,AST_0034,SITE_B,SITE_B_B2,14.11,38.76,97.38,14.406,895.358,False,True,-0.03124935615603075
2026-08-13 15:30:00,AST_0012,SITE_A,SITE_A_B2,17.58,36.4,97.52,18.506,1123.008,False,True,-0.03387066428904151
2026-08-13 15:30:00,AST_0001,SITE_A,SITE_A_B1,16.25,35.08,98.34,16.274,1002.73,False,True,-0.02007012893715643
2026-08-13 15:45:00,AST_0034,SITE_B,SITE_B_B2,14.59,37.09,98.22,14.313,882.689,False,True,-0.00656921057670945
2026-08-13 15:45:00,AST_0059,SITE_C,SITE_C_B2,25.57,36.49,98.37,73.3636928759718,520.3576518489825,True,False,0.006747866505892208
2026-08-13 15:45:00,AST_0012,SITE_A,SITE_A_B2,16.93,37.93,97.74,18.506,1113.358,False,True,-0.049787083547378264
2026-08-13 15:45:00,AST_0056,SITE_C,SITE_C_B2,15.24,38.01,98.09,15.1805,912.097,False,True,-0.009274749686130845
2026-08-13 15:45:00,AST_0001,SITE_A,SITE_A_B1,15.55,36.14,97.97,16.833,1015.28,False,True,-0.02871097062821737
2026-08-13 16:00:00,AST_0034,SITE_B,SITE_B_B2,14.95,42.13,98.24,14.425,858.203,False,True,-0.013919167068598748
2026-08-13 16:00:00,AST_0012,SITE_A,SITE_A_B2,18.03,42.5,97.85,18.471,1081.436,False,True,-0.024010104969198087
2026-08-13 16:00:00,AST_0056,SITE_C,SITE_C_B2,15.28,43.15,98.48,15.195,893.979,False,True,-0.0033062684827168676
2026-08-13 16:00:00,AST_0001,SITE_A,SITE_A_B1,16.48,42.39,98.03,16.544,985.77,False,True,-0.0211545357530053
2026-08-13 16:15:00,AST_0034,SITE_B,SITE_B_B2,13.81,34.35,98.07,14.575,850.997,False,True,-0.02176261488005149
2026-08-13 16:15:00,AST_0012,SITE_A,SITE_A_B2,15.8,39.1,97.15,18.44,1091.043,False,True,-0.038300036309032226
2026-08-13 16:15:00,AST_0001,SITE_A,SITE_A_B1,16.34,37.51,98.24,16.474,973.905,False,True,-0.01759915441789539
2026-08-13 16:30:00,AST_0001,SITE_A,SITE_A_B1,14.75,34.89,98.28,16.703,985.361,False,True,-0.018887256848635348
2026-08-13 16:30:00,AST_0034,SITE_B,SITE_B_B2,14.67,34.27,98.36,14.231,864.58,False,True,-0.0023317221426067958
2026-08-13 16:30:00,AST_0025,SITE_B,SITE_B_B1,20.39,35.83,100.05,34.93701850180705,256.4335272073479,True,False,0.05637273972691137
2026-08-13 16:30:00,AST_0012,SITE_A,SITE_A_B2,17.36,33.77,96.95,18.352,1097.727,False,True,-0.04232016613766576
2026-08-13 16:45:00,AST_0001,SITE_A,SITE_A_B1,15.58,36.98,97.93,16.651,993.655,False,True,-0.014276833851840975
2026-08-13 16:45:00,AST_0012,SITE_A,SITE_A_B2,17.58,37.55,96.67,18.1,1083.12,False,True,-0.04123025982048545
2026-08-13 16:45:00,AST_0056,SITE_C,SITE_C_B2,14.81,38.41,98.4,15.153,893.304,False,True,-0.0019553107557352956
2026-08-13 16:45:00,AST_0034,SITE_B,SITE_B_B2,15.49,34.52,98.01,14.447,859.586,False,True,-0.015455986306723957
2026-08-13 16:45:00,AST_0061,SITE_C,SITE_C_B2,35.66,42.03,97.08,19.111,73.002,False,True,-0.004795127468679938
2026-08-13 17:00:00,AST_0056,SITE_C,SITE_C_B2,15.05,38.27,98.2,15.111,855.458,False,True,-0.016033607122806437
2026-08-13 17:00:00,AST_0012,SITE_A,SITE_A_B2,18.21,33.88,97.81,18.13,1041.659,False,True,-0.03732237582781317
2026-08-13 17:00:00,AST_0034,SITE_B,SITE_B_B2,14.17,37.78,98.97,14.563,816.387,False,True,-0.004862869107940537
2026-08-13 17:00:00,AST_0001,SITE_A,SITE_A_B1,15.78,37.98,97.68,16.657,940.758,False,True,-0.020968432774145618
2026-08-13 17:15:00,AST_0012,SITE_A,SITE_A_B2,17.31,34.03,97.535,18.451,1039.51,False,True,-0.04078830718648485
2026-08-13 17:15:00,AST_0001,SITE_A,SITE_A_B1,15.67,35.67,98.5,16.78,942.159,False,True,-0.015758388847590954
2026-08-13 17:15:00,AST_0057,SITE_C,SITE_C_B2,27.51,38.144999999999996,97.53,87.2515117534996,572.4222616930741,True,True,-0.014397678105081302
2026-08-13 17:15:00,AST_0056,SITE_C,SITE_C_B2,14.49,38.03,97.42,15.156,851.496,False,True,-0.03454875859451467
2026-08-13 17:30:00,AST_0001,SITE_A,SITE_A_B1,14.8,39.26,98.18,16.964,941.624,False,True,-0.016619735105363853
2026-08-13 17:30:00,AST_0012,SITE_A,SITE_A_B2,15.9,36.73,97.26,18.341,1041.666,False,True,-0.03889844141943111
2026-08-13 17:45:00,AST_0012,SITE_A,SITE_A_B2,17.18,36.27,97.23,18.377,1039.461,False,True,-0.03141426857052765
2026-08-13 17:45:00,AST_0001,SITE_A,SITE_A_B1,15.38,34.09,97.93,16.405,935.354,False,True,-0.020371568618342883
2026-08-13 17:45:00,AST_0056,SITE_C,SITE_C_B2,15.46,38.04,98.34,15.187,856.533,False,True,-0.003349099291255042
2026-08-13 18:00:00,AST_0012,SITE_A,SITE_A_B2,17.2,34.61,96.93,18.345,978.718,False,True,-0.0409300120641074
2026-08-13 18:00:00,AST_0001,SITE_A,SITE_A_B1,16.59,38.03,97.77,16.503500000000003,886.061,False,True,-0.018542186993629195
2026-08-13 18:15:00,AST_0012,SITE_A,SITE_A_B2,17.11,35.05,97.27,18.621,975.3,False,True,-0.04260037244423087
2026-08-13 18:15:00,AST_0001,SITE_A,SITE_A_B1,16.11,36.43,97.17,16.602,888.556,False,True,-0.034134600092422085
2026-08-13 18:30:00,AST_0056,SITE_C,SITE_C_B2,14.69,31.34,98.75,15.301,811.496,False,True,-0.0036028981904180357
2026-08-13 18:30:00,AST_0012,SITE_A,SITE_A_B2,16.62,33.72,97.27,18.426,974.35,False,True,-0.04596967105197247
2026-08-13 18:30:00,AST_0034,SITE_B,SITE_B_B2,14.51,35.55,98.9,14.577,795.465,False,True,-0.0065901270093480235
2026-08-13 18:30:00,AST_0001,SITE_A,SITE_A_B1,16.14,31.79,97.93,16.913,885.243,False,True,-0.04393734170270602
2026-08-13 18:45:00,AST_0011,SITE_A,SITE_A_B1,26.64,37.94,100.45,24.58943021942471,1.392656201681468,True,False,0.12825219853768877
2026-08-13 18:45:00,AST_0012,SITE_A,SITE_A_B2,17.74,39.2,97.03,18.456,974.382,False,True,-0.03690167454359794
2026-08-13 18:45:00,AST_0056,SITE_C,SITE_C_B2,14.59,35.25,97.96,15.06,803.447,False,True,-0.0032402737864394293
2026-08-13 18:45:00,AST_0001,SITE_A,SITE_A_B1,15.7,33.53,98.56,16.705,885.002,False,True,-0.018464062450458063
2026-08-13 19:00:00,AST_0001,SITE_A,SITE_A_B1,14.54,39.76,97.56,16.708,827.915,False,True,-0.01356309008217016
2026-08-13 19:00:00,AST_0012,SITE_A,SITE_A_B2,17.51,38.24,96.73,18.392,911.921,False,True,-0.039675563302745354
2026-08-13 19:00:00,AST_0039,SITE_B,SITE_B_B2,26.51,36.95,101.2,24.675407248163957,68.1139584984208,True,False,0.087480081675674
2026-08-13 19:00:00,AST_0056,SITE_C,SITE_C_B2,15.3,41.39,97.74,15.207,760.468,False,True,-0.0006123535635816912
2026-08-13 19:15:00,AST_0001,SITE_A,SITE_A_B1,16.29,39.65,97.63,16.975,827.551,False,True,-0.036982645194933994
2026-08-13 19:15:00,AST_0012,SITE_A,SITE_A_B2,16.88,36.02,97.17,18.159,914.064,False,True,-0.0521967689037236
2026-08-13 19:15:00,AST_0056,SITE_C,SITE_C_B2,16.23,40.88,97.39,15.162,752.98,False,True,-0.014149979967565729
2026-08-13 19:30:00,AST_0012,SITE_A,SITE_A_B2,17.98,38.96,97.4,18.295,915.268,False,True,-0.028607944476468417
2026-08-13 19:30:00,AST_0001,SITE_A,SITE_A_B1,15.72,37.78,97.8,16.929,823.22,False,True,-0.024249907284444427
2026-08-13 19:45:00,AST_0056,SITE_C,SITE_C_B2,15.68,32.93,98.65,15.139,740.872,False,True,-0.007491510305953852
2026-08-13 19:45:00,AST_0001,SITE_A,SITE_A_B1,17.16,32.99,98.59,16.638,812.267,False,True,-0.011317562383076796
2026-08-13 19:45:00,AST_0012,SITE_A,SITE_A_B2,16.92,34.99,97.56,18.259,911.244,False,True,-0.030133459113479866
2026-08-13 22:45:00,AST_0051,SITE_C,SITE_C_B1,31.47,38.03,97.29,15.855,0.026,True,False,0.14252861058633004
2026-08-13 23:00:00,AST_0020,SITE_A,SITE_A_B2,22.56,28.95,100.61,3.080000617776563,0.1712651639608278,True,False,0.22481783296797053
2026-08-14 05:15:00,AST_0023,SITE_B,SITE_B_B1,8.91,38.05,100.56,32.62069619812616,437.4157357339532,True,False,0.012184220918526334
2026-08-14 08:00:00,AST_0012,SITE_A,SITE_A_B2,16.91,36.7,96.9,18.527,842.061,False,True,-0.02699114203621067
2026-08-14 08:00:00,AST_0001,SITE_A,SITE_A_B1,16.1,34.69,97.52,16.83,755.896,False,True,-0.03165105819745173
2026-08-14 08:15:00,AST_0012,SITE_A,SITE_A_B2,17.93,37.97,97.64,18.503,849.481,False,True,-0.02711596794954474
2026-08-14 08:15:00,AST_0001,SITE_A,SITE_A_B1,16.28,37.83,98.23,16.744,758.368,False,True,-0.006655580814930673
2026-08-14 08:30:00,AST_0001,SITE_A,SITE_A_B1,15.95,36.05,97.83,16.946,774.879,False,True,-0.02518386852130683
2026-08-14 08:30:00,AST_0056,SITE_C,SITE_C_B2,14.89,39.07,98.55,15.331,689.499,False,True,-0.0015188646617891877
2026-08-14 08:30:00,AST_0012,SITE_A,SITE_A_B2,17.07,35.65,98.15,18.44,842.966,False,True,-0.02132169249554272
2026-08-14 08:45:00,AST_0056,SITE_C,SITE_C_B2,15.5,41.46,97.34,15.231,690.699,False,True,-0.005030908865500283
2026-08-14 08:45:00,AST_0012,SITE_A,SITE_A_B2,16.01,37.31,97.55,18.367,862.432,False,True,-0.0321359787531853
2026-08-14 08:45:00,AST_0001,SITE_A,SITE_A_B1,15.86,34.96,97.78,16.893,763.849,False,True,-0.014079230330937054
2026-08-14 09:00:00,AST_0034,SITE_B,SITE_B_B2,13.61,36.05,97.6,14.737,726.764,False,True,-0.0005627936838876746
2026-08-14 09:00:00,AST_0012,SITE_A,SITE_A_B2,15.98,36.45,96.76,18.623,925.208,False,True,-0.04438070604083588
2026-08-14 09:00:00,AST_0001,SITE_A,SITE_A_B1,15.69,32.58,97.91,16.879,827.592,False,True,-0.018495630556772058
2026-08-14 09:00:00,AST_0056,SITE_C,SITE_C_B2,15.93,31.97,97.46,15.177,752.005,False,True,-0.015457155316621396
2026-08-14 09:15:00,AST_0034,SITE_B,SITE_B_B2,14.11,36.96,98.34,14.839,727.828,False,True,-0.0012327001655241254
2026-08-14 09:15:00,AST_0012,SITE_A,SITE_A_B2,17.08,35.46,97.44,18.781,923.539,False,True,-0.034940547245378095
2026-08-14 09:15:00,AST_0001,SITE_A,SITE_A_B1,17.13,35.33,97.7,16.714,835.86,False,True,-0.015583288663279404
2026-08-14 09:30:00,AST_0056,SITE_C,SITE_C_B2,15.73,34.74,97.81,15.095,743.586,False,True,-6.722773968370621e-05
2026-08-14 09:30:00,AST_0001,SITE_A,SITE_A_B1,15.68,37.44,97.63,16.531,836.801,False,True,-0.01594257088589368
2026-08-14 09:30:00,AST_0012,SITE_A,SITE_A_B2,16.18,33.78,97.13,18.621,923.994,False,True,-0.04796330990171649
2026-08-14 09:45:00,AST_0056,SITE_C,SITE_C_B2,14.54,38.39,97.97,15.404,755.533,False,True,-0.002050167357013577
2026-08-14 09:45:00,AST_0001,SITE_A,SITE_A_B1,15.86,35.99,97.74,16.816,835.342,False,True,-0.02518386852130683
2026-08-14 09:45:00,AST_0012,SITE_A,SITE_A_B2,17.18,38.52,97.5,18.716,927.813,False,True,-0.031837152481673625
2026-08-14 10:00:00,AST_0061,SITE_C,SITE_C_B2,35.3,40.33,96.75,19.048,66.97,False,True,-0.0010393725488814232
2026-08-14 10:00:00,AST_0056,SITE_C,SITE_C_B2,16.06,40.4,97.75,15.403,810.767,False,True,-0.004776223128115764
2026-08-14 10:00:00,AST_0001,SITE_A,SITE_A_B1,15.74,32.34,97.16,16.912,888.226,False,True,-0.04230104364828935
2026-08-14 10:00:00,AST_0012,SITE_A,SITE_A_B2,17.74,36.73,96.86,18.53,984.201,False,True,-0.039762704925955905
2026-08-14 10:00:00,AST_0034,SITE_B,SITE_B_B2,15.07,33.63,98.55,14.833,773.887,False,True,-0.010120676751280255
2026-08-14 10:15:00,AST_0056,SITE_C,SITE_C_B2,13.64,31.26,98.24,15.288,818.086,False,True,-0.01873045010443719
2026-08-14 10:15:00,AST_0001,SITE_A,SITE_A_B1,16.22,39.99,97.34,16.879,882.087,False,True,-0.02629017458595151
2026-08-14 10:15:00,AST_0034,SITE_B,SITE_B_B2,15.46,32.18,98.16,14.795,780.884,False,True,-0.003651318699004369
2026-08-14 10:15:00,AST_0012,SITE_A,SITE_A_B2,16.85,34.22,96.78,18.707,1005.01,False,True,-0.03959116916828487
2026-08-14 10:30:00,AST_0001,SITE_A,SITE_A_B1,14.61,33.79,97.9,16.884,901.185,False,True,-0.020538050652597284
2026-08-14 10:30:00,AST_0056,SITE_C,SITE_C_B2,15.47,33.45,97.54,15.173,814.442,False,True,-0.03232611729388568
2026-08-14 10:30:00,AST_0012,SITE_A,SITE_A_B2,17.07,37.61,96.87,18.773,989.788,False,True,-0.04029951456967451
2026-08-14 10:45:00,AST_0012,SITE_A,SITE_A_B2,18.45,34.14,98.26,18.603,997.017,False,True,-0.026159395803505348
2026-08-14 10:45:00,AST_0056,SITE_C,SITE_C_B2,14.97,34.65,98.36,15.24,811.463,False,True,-0.004267070533566342
2026-08-14 10:45:00,AST_0001,SITE_A,SITE_A_B1,15.48,42.93,97.87,16.609,902.308,False,True,-0.027973431661553083
2026-08-14 11:00:00,AST_0056,SITE_C,SITE_C_B2,14.8,32.92,98.36,15.235,860.595,False,True,-0.008637392532692578
2026-08-14 11:00:00,AST_0034,SITE_B,SITE_B_B2,14.68,34.18,98.04,14.802,830.246,False,True,-0.0025732724312377275
2026-08-14 11:00:00,AST_0012,SITE_A,SITE_A_B2,16.8,37.23,97.54,18.727,1054.021,False,True,-0.03272814827890247
2026-08-14 11:00:00,AST_0001,SITE_A,SITE_A_B1,17.59,35.25,97.84,16.55,959.987,False,True,-0.0227674138047802
2026-08-14 11:15:00,AST_0012,SITE_A,SITE_A_B2,17.86,36.42,97.21,18.746,1057.65,False,True,-0.04226288560500424
2026-08-14 11:15:00,AST_0001,SITE_A,SITE_A_B1,15.06,34.34,97.05,16.779,949.127,False,True,-0.03366221397992597
2026-08-14 11:15:00,AST_0056,SITE_C,SITE_C_B2,14.14,33.96,98.81,15.244,868.453,False,True,-0.00381520933386581
2026-08-14 11:30:00,AST_0001,SITE_A,SITE_A_B1,16.12,37.64,97.67,16.937,953.881,False,True,-0.023528128191090736
2026-08-14 11:30:00,AST_0035,SITE_B,SITE_B_B2,21.88,34.35,99.26,9.239,66.783,True,False,0.1447159940221432
2026-08-14 11:30:00,AST_0056,SITE_C,SITE_C_B2,15.47,31.85,98.53,15.506,862.467,False,True,-0.012960318240904378
2026-08-14 11:30:00,AST_0012,SITE_A,SITE_A_B2,16.63,35.1,97.41,18.536,1055.789,False,True,-0.03896531841645545
2026-08-14 11:45:00,AST_0034,SITE_B,SITE_B_B2,14.33,34.38,98.53,14.652,831.376,False,True,-0.0014924071902459035
2026-08-14 11:45:00,AST_0012,SITE_A,SITE_A_B2,17.13,34.08,97.7,18.505,1053.885,False,True,-0.036448090302505176
2026-08-14 11:45:00,AST_0001,SITE_A,SITE_A_B1,16.6,38.87,97.6,16.963,946.563,False,True,-0.022662665065078635
2026-08-14 11:45:00,AST_0056,SITE_C,SITE_C_B2,15.39,31.85,98.18,15.355,859.853,False,True,-0.01692507352573036
2026-08-14 12:00:00,AST_0001,SITE_A,SITE_A_B1,15.96,38.15,97.94,16.898,997.777,False,True,-0.019047049374158243
2026-08-14 12:00:00,AST_0056,SITE_C,SITE_C_B2,14.53,36.6,98.37,15.032,900.839,False,True,-0.009425847016416133
2026-08-14 12:00:00,AST_0034,SITE_B,SITE_B_B2,15.08,37.13,97.63,14.978,880.104,False,True,-0.01256199597180907
2026-08-14 12:00:00,AST_0012,SITE_A,SITE_A_B2,16.44,38.44,97.34,18.683,1098.47,False,True,-0.04110394029074704
2026-08-14 12:15:00,AST_0012,SITE_A,SITE_A_B2,17.24,37.0,97.32,18.558,1085.844,False,True,-0.0387260307675521
2026-08-14 12:15:00,AST_0056,SITE_C,SITE_C_B2,15.41,36.29,97.83,15.175,908.095,False,True,-0.015653306691589486
2026-08-14 12:15:00,AST_0001,SITE_A,SITE_A_B1,15.03,33.93,97.88,17.066,995.031,False,True,-0.025749486899569907
2026-08-14 12:30:00,AST_0001,SITE_A,SITE_A_B1,15.64,38.05,98.35,16.796,992.467,False,True,-0.010451956223063386
2026-08-14 12:30:00,AST_0060,SITE_C,SITE_C_B2,35.39,28.14,96.34,18.639,72.437,False,True,-0.0016961382873226238
2026-08-14 12:30:00,AST_0012,SITE_A,SITE_A_B2,17.54,35.85,97.69,18.684,1098.913,False,True,-0.033176640672253344
2026-08-14 12:30:00,AST_0034,SITE_B,SITE_B_B2,14.7,34.89,97.72,14.908,874.599,False,True,-0.011408902903708773
2026-08-14 12:30:00,AST_0056,SITE_C,SITE_C_B2,13.87,33.58,98.28,15.053,916.855,False,True,-0.011555796397731855
2026-08-14 12:45:00,AST_0056,SITE_C,SITE_C_B2,14.72,36.8,98.33,15.234,905.734,False,True,-0.01114664560606582
2026-08-14 12:45:00,AST_0012,SITE_A,SITE_A_B2,17.21,38.32,97.9,18.738,1101.554,False,True,-0.0301918172356338
2026-08-14 12:45:00,AST_0001,SITE_A,SITE_A_B1,16.71,32.22,97.84,16.888,1001.201,False,True,-0.029657617108577727
2026-08-14 13:00:00,AST_0056,SITE_C,SITE_C_B2,15.2,35.05,97.82,15.326,933.444,False,True,-0.02063824846797946
2026-08-14 13:00:00,AST_0001,SITE_A,SITE_A_B1,17.04,32.6,96.98,16.613,1013.457,False,True,-0.055981242196497694
2026-08-14 13:00:00,AST_0034,SITE_B,SITE_B_B2,14.87,35.63,98.72,14.833,882.303,False,True,-0.0007183858264535603
2026-08-14 13:00:00,AST_0012,SITE_A,SITE_A_B2,15.84,36.55,97.65,18.515,1126.996,False,True,-0.04231677729699779
2026-08-14 13:15:00,AST_0001,SITE_A,SITE_A_B1,15.72,38.47,97.96,16.755,1021.298,False,True,-0.03965132317684561
2026-08-14 13:15:00,AST_0012,SITE_A,SITE_A_B2,17.2,34.01,97.33,18.504,1136.872,False,True,-0.04289510447661249
2026-08-14 13:15:00,AST_0056,SITE_C,SITE_C_B2,15.59,38.68,97.86,15.32,917.884,False,True,-0.01316488290811102
2026-08-14 13:30:00,AST_0056,SITE_C,SITE_C_B2,14.71,35.58,98.11,15.33,921.035,False,True,-0.013653964131159824
2026-08-14 13:30:00,AST_0055,SITE_C,SITE_C_B1,27.68,35.33,99.54,45.54759534268592,2.609540261403139,True,False,0.12915963164868793
2026-08-14 13:30:00,AST_0012,SITE_A,SITE_A_B2,18.14,33.09,97.63,18.639,1129.612,False,True,-0.032164691232039466
2026-08-14 13:30:00,AST_0001,SITE_A,SITE_A_B1,16.07,36.26,97.6,17.151,1023.541,False,True,-0.037175829266363314
2026-08-14 13:45:00,AST_0056,SITE_C,SITE_C_B2,15.2,39.75,97.86,15.359,931.747,False,True,-0.019262412707763632
2026-08-14 13:45:00,AST_0012,SITE_A,SITE_A_B2,17.18,34.32,97.66,18.756,1146.459,False,True,-0.032997104650935305
2026-08-14 13:45:00,AST_0001,SITE_A,SITE_A_B1,16.0,34.06,97.27,16.682,1023.803,False,True,-0.032922248420694245
2026-08-14 14:00:00,AST_0011,SITE_A,SITE_A_B1,24.26,38.08,99.55,25.07494755818752,1.7802563095928154,True,False,0.13560683193649625
2026-08-14 14:00:00,AST_0001,SITE_A,SITE_A_B1,15.47,35.46,97.58,16.7,1034.644,False,True,-0.0271033881751348
2026-08-14 14:00:00,AST_0034,SITE_B,SITE_B_B2,16.02,33.81,98.05,14.57,905.3,False,True,-0.041000568280819216
2026-08-14 14:00:00,AST_0012,SITE_A,SITE_A_B2,16.785,39.31,97.8,18.426,1144.453,False,True,-0.029122279224119474
2026-08-14 14:00:00,AST_0056,SITE_C,SITE_C_B2,14.93,37.31,97.56,15.355,938.577,False,True,-0.019985028566626983
2026-08-14 14:15:00,AST_0001,SITE_A,SITE_A_B1,15.1,40.27,98.21,17.074,1034.056,False,True,-0.02083483343905279
2026-08-14 14:15:00,AST_0056,SITE_C,SITE_C_B2,15.28,41.04,98.05,15.38,945.789,False,True,-0.011900254730460968
2026-08-14 14:15:00,AST_0034,SITE_B,SITE_B_B2,13.35,34.33,98.64,14.672,905.723,False,True,-0.0033558039586504274
2026-08-14 14:15:00,AST_0012,SITE_A,SITE_A_B2,16.39,33.25,97.34,18.566,1146.631,False,True,-0.048425785351189465
2026-08-14 14:30:00,AST_0012,SITE_A,SITE_A_B2,17.53,36.38,96.69,18.952,1138.804,False,True,-0.057159594981307627
2026-08-14 14:30:00,AST_0034,SITE_B,SITE_B_B2,14.85,32.63,98.47,14.801,902.499,False,True,-0.011394305921887171
2026-08-14 14:30:00,AST_0056,SITE_C,SITE_C_B2,13.87,33.95,98.12,15.093,934.349,False,True,-0.014023797520262837
2026-08-14 14:30:00,AST_0001,SITE_A,SITE_A_B1,16.66,40.68,97.34,16.484,1034.367,False,True,-0.03269143418659781
2026-08-14 14:45:00,AST_0012,SITE_A,SITE_A_B2,17.28,33.09,97.22,18.275,1143.707,False,True,-0.04354802403586666
2026-08-14 14:45:00,AST_0001,SITE_A,SITE_A_B1,15.83,37.08,97.4,16.885,1033.881,False,True,-0.035111593885440606
2026-08-14 14:45:00,AST_0044,SITE_B,SITE_B_B2,24.52,33.89,101.98,3.508,0.335,True,False,0.1865855712286677
2026-08-14 14:45:00,AST_0056,SITE_C,SITE_C_B2,15.07,33.28,98.05,15.144,920.051,False,True,-0.015481900197308662
2026-08-14 14:45:00,AST_0034,SITE_B,SITE_B_B2,14.01,33.62,98.3,14.54,899.275,False,True,-0.014467770191340712
2026-08-14 15:00:00,AST_0056,SITE_C,SITE_C_B2,15.02,37.16,97.91,15.392,928.027,False,True,-0.01364013138436948
2026-08-14 15:00:00,AST_0012,SITE_A,SITE_A_B2,16.94,41.05,96.52,18.537,1136.469,False,True,-0.044866716248387783
2026-08-14 15:00:00,AST_0001,SITE_A,SITE_A_B1,15.71,32.05,97.42,16.898,1025.941,False,True,-0.034696249446980354
2026-08-14 15:00:00,AST_0034,SITE_B,SITE_B_B2,15.33,34.42,98.13,14.854,896.19,False,True,-0.01032253690750573
2026-08-14 15:15:00,AST_0034,SITE_B,SITE_B_B2,14.18,34.46,98.04,14.917,902.427,False,True,-0.01825612709354929
2026-08-14 15:15:00,AST_0056,SITE_C,SITE_C_B2,13.63,30.57,98.05,15.14,924.772,False,True,-0.024904083962800527
2026-08-14 15:15:00,AST_0001,SITE_A,SITE_A_B1,15.28,26.97,97.76,16.965,1024.61,False,True,-0.048394241155121254
2026-08-14 15:15:00,AST_0012,SITE_A,SITE_A_B2,16.88,33.75,97.76,18.516,1142.716,False,True,-0.03527254255896217
2026-08-14 15:30:00,AST_0034,SITE_B,SITE_B_B2,15.23,33.41,98.26,14.959,902.631,False,True,-0.02977395773618341
2026-08-14 15:30:00,AST_0012,SITE_A,SITE_A_B2,15.78,33.93,97.73,18.506,1129.1,False,True,-0.03601445532310099
2026-08-14 15:30:00,AST_0001,SITE_A,SITE_A_B1,17.22,34.32,98.03,16.799,1034.029,False,True,-0.025834939553734393
2026-08-14 15:30:00,AST_0056,SITE_C,SITE_C_B2,15.25,31.05,98.2,15.519,920.224,False,True,-0.021235298164386407
2026-08-14 15:45:00,AST_0034,SITE_B,SITE_B_B2,15.3,33.16,98.74,14.615,911.896,False,True,-0.004088807203803002
2026-08-14 15:45:00,AST_0001,SITE_A,SITE_A_B1,16.15,39.64,97.83,16.737,1026.574,False,True,-0.01972945666748971
2026-08-14 15:45:00,AST_0056,SITE_C,SITE_C_B2,14.51,33.5,97.86,15.361,929.186,False,True,-0.01832079264607689
2026-08-14 15:45:00,AST_0012,SITE_A,SITE_A_B2,18.64,39.42,97.63,18.533,1140.935,False,True,-0.024253427284506746
2026-08-14 16:00:00,AST_0056,SITE_C,SITE_C_B2,15.13,36.46,98.16,15.075,906.572,False,True,-0.009505325313187929
2026-08-14 16:00:00,AST_0034,SITE_B,SITE_B_B2,14.06,31.23,98.13,14.611,867.992,False,True,-0.030731129295026305
2026-08-14 16:00:00,AST_0012,SITE_A,SITE_A_B2,16.64,31.71,98.39,18.476,1106.759,False,True,-0.04943834038916883
2026-08-14 16:00:00,AST_0001,SITE_A,SITE_A_B1,15.51,36.93,96.99,16.71,994.731,False,True,-0.04635598123775442
2026-08-14 16:15:00,AST_0034,SITE_B,SITE_B_B2,14.63,38.43,97.79,14.637,874.1,False,True,-0.004632063412617016
2026-08-14 16:15:00,AST_0056,SITE_C,SITE_C_B2,15.36,35.02,97.97,15.498,901.187,False,True,-0.015237883871996427
2026-08-14 16:15:00,AST_0012,SITE_A,SITE_A_B2,16.96,39.71,97.14,19.056,1111.07,False,True,-0.03692436014466116
2026-08-14 16:15:00,AST_0001,SITE_A,SITE_A_B1,15.46,38.14,98.06,16.501,996.131,False,True,-0.01732801085643365
2026-08-14 16:30:00,AST_0034,SITE_B,SITE_B_B2,14.44,32.63,98.05,14.632,869.436,False,True,-0.017709918860353224
2026-08-14 16:30:00,AST_0012,SITE_A,SITE_A_B2,17.23,31.97,97.44,18.652,1109.666,False,True,-0.043872560780686354
2026-08-14 16:30:00,AST_0001,SITE_A,SITE_A_B1,16.23,37.49,97.32,16.916,1002.652,False,True,-0.03273444355528221
2026-08-14 16:30:00,AST_0056,SITE_C,SITE_C_B2,14.92,33.25,99.12,15.432,907.933,False,True,-0.005737756795265114
2026-08-14 16:30:00,AST_0066,SITE_C,SITE_C_B2,22.44,40.53,101.29,1.603218712373022,0.6625257658484655,True,False,0.1582793541742462
2026-08-14 16:45:00,AST_0001,SITE_A,SITE_A_B1,15.76,35.64,97.25,16.978,991.349,False,True,-0.03520020858344819
2026-08-14 16:45:00,AST_0034,SITE_B,SITE_B_B2,14.43,32.95,98.33,14.717,878.353,False,True,-0.010304734950169592
2026-08-14 16:45:00,AST_0012,SITE_A,SITE_A_B2,18.02,31.39,97.74,18.908,1105.151,False,True,-0.04098828088409967
2026-08-14 16:45:00,AST_0056,SITE_C,SITE_C_B2,14.48,38.34,98.81,15.492,907.911,False,True,-0.0065888918723567835
2026-08-14 17:00:00,AST_0056,SITE_C,SITE_C_B2,14.77,38.09,98.05,15.144,864.07,False,True,-0.0043105108327711195
2026-08-14 17:00:00,AST_0001,SITE_A,SITE_A_B1,16.17,34.33,97.02,16.882,953.658,False,True,-0.056565814986370366
2026-08-14 17:00:00,AST_0012,SITE_A,SITE_A_B2,17.27,32.01,96.69,18.698,1062.81,False,True,-0.05625295229211735
2026-08-14 17:15:00,AST_0012,SITE_A,SITE_A_B2,18.36,39.7,98.09,18.88,1057.834,False,True,-0.033247275213155625
2026-08-14 17:15:00,AST_0034,SITE_B,SITE_B_B2,13.47,36.56,97.79,14.762,837.448,False,True,-0.004689261014123813
2026-08-14 17:15:00,AST_0056,SITE_C,SITE_C_B2,13.59,40.72,98.44,15.274,870.367,False,True,-0.0016025546016563696
2026-08-14 17:15:00,AST_0001,SITE_A,SITE_A_B1,14.94,31.62,97.53,16.908,950.603,False,True,-0.034483510480756374
2026-08-14 17:30:00,AST_0034,SITE_B,SITE_B_B2,14.56,39.41,98.21,14.746500000000001,816.395,False,True,-0.0029766565686704105
2026-08-14 17:30:00,AST_0056,SITE_C,SITE_C_B2,15.21,37.45,97.75,15.365,864.623,False,True,-0.012843253213803418
2026-08-14 17:30:00,AST_0012,SITE_A,SITE_A_B2,17.05,38.94,95.97,18.874,1067.029,False,True,-0.044130057598341765
2026-08-14 17:30:00,AST_0001,SITE_A,SITE_A_B1,16.66,34.305,97.59,16.801,960.991,False,True,-0.02874413931217834
2026-08-14 17:45:00,AST_0012,SITE_A,SITE_A_B2,16.08,32.94,97.07,18.782,1059.083,False,True,-0.040494435505159077
2026-08-14 17:45:00,AST_0056,SITE_C,SITE_C_B2,14.69,36.08,97.83,15.303,883.452,False,True,-0.01391808186016974
2026-08-14 17:45:00,AST_0001,SITE_A,SITE_A_B1,16.58,36.99,97.5,16.834,948.024,False,True,-0.024010221782639674
2026-08-14 18:00:00,AST_0034,SITE_B,SITE_B_B2,14.45,32.66,98.23,14.504,792.587,False,True,-0.0022619897943702005
2026-08-14 18:00:00,AST_0056,SITE_C,SITE_C_B2,15.23,36.93,97.92,15.334,816.344,False,True,-0.005425953467252165
2026-08-14 18:00:00,AST_0001,SITE_A,SITE_A_B1,15.17,42.84,97.92,16.774,914.732,False,True,-0.020526525153712893
2026-08-14 18:00:00,AST_0012,SITE_A,SITE_A_B2,17.58,37.02,97.72,18.734,1005.885,False,True,-0.028301162059256924
2026-08-14 18:15:00,AST_0001,SITE_A,SITE_A_B1,16.05,34.36,97.56,17.118,907.796,False,True,-0.04439022950739868
2026-08-14 18:15:00,AST_0012,SITE_A,SITE_A_B2,16.8,39.79,97.34,18.769,1005.837,False,True,-0.038037175178544214
2026-08-14 18:30:00,AST_0012,SITE_A,SITE_A_B2,15.99,38.78,97.11,18.766,993.662,False,True,-0.03889080116554422
2026-08-14 18:30:00,AST_0001,SITE_A,SITE_A_B1,16.19,31.99,97.91,16.798,899.01,False,True,-0.029897335618449872
2026-08-14 18:30:00,AST_0056,SITE_C,SITE_C_B2,16.47,39.61,97.53,15.225,809.793,False,True,-0.01971032348540258
2026-08-14 18:45:00,AST_0056,SITE_C,SITE_C_B2,14.36,31.04,98.6,15.372,817.59,False,True,-0.013519680720395666
2026-08-14 18:45:00,AST_0001,SITE_A,SITE_A_B1,14.95,37.94,97.83,16.897,900.124,False,True,-0.021263580534272575
2026-08-14 18:45:00,AST_0034,SITE_B,SITE_B_B2,14.29,34.91,97.6,14.584,791.993,False,True,-0.007570503828291497
2026-08-14 18:45:00,AST_0012,SITE_A,SITE_A_B2,15.79,32.24,97.93,18.713,1001.081,False,True,-0.051062989876577314
2026-08-14 19:00:00,AST_0012,SITE_A,SITE_A_B2,17.78,35.96,96.91,18.59,926.782,False,True,-0.0417176104901642
2026-08-14 19:00:00,AST_0008,SITE_A,SITE_A_B1,34.09,24.47,97.2,16.302,0.749,True,False,0.04415675051441459
2026-08-14 19:00:00,AST_0001,SITE_A,SITE_A_B1,16.31,35.29,97.61,16.682,827.538,False,True,-0.019389092426232768
2026-08-14 19:15:00,AST_0056,SITE_C,SITE_C_B2,14.29,33.05,97.88,14.957,763.075,False,True,-0.004597348489906561
2026-08-14 19:15:00,AST_0012,SITE_A,SITE_A_B2,16.92,32.42,97.15,18.86,919.597,False,True,-0.048973827269431
2026-08-14 19:15:00,AST_0001,SITE_A,SITE_A_B1,16.62,32.66,97.92,16.827,834.473,False,True,-0.011371699612814368
2026-08-14 19:30:00,AST_0012,SITE_A,SITE_A_B2,16.64,35.41,97.54,19.125,917.844,False,True,-0.03761504594103837
2026-08-14 19:30:00,AST_0001,SITE_A,SITE_A_B1,16.44,34.76,97.93,16.918,830.338,False,True,-0.013815051162703207
2026-08-14 19:30:00,AST_0056,SITE_C,SITE_C_B2,15.31,32.8,97.89,15.509,765.254,False,True,-0.009773343382374344
2026-08-14 19:45:00,AST_0012,SITE_A,SITE_A_B2,17.17,37.87,96.94,19.05,936.084,False,True,-0.03944001374166739
2026-08-14 19:45:00,AST_0001,SITE_A,SITE_A_B1,14.44,34.52,97.02,16.734,836.994,False,True,-0.029775652500218075
2026-08-14 19:45:00,AST_0056,SITE_C,SITE_C_B2,14.55,38.02,97.9,15.15,757.932,False,True,-0.0011431194960865865
2026-08-14 20:30:00,AST_0026,SITE_B,SITE_B_B1,22.17,39.03,99.94,39.82759419538659,77.01524004638489,True,False,0.1248322078886065
2026-08-15 00:30:00,AST_0023,SITE_B,SITE_B_B1,8.91,32.16,100.35,33.445064179567176,501.77988853723167,True,True,-0.0031581234202520125
2026-08-15 04:15:00,AST_0031,SITE_B,SITE_B_B1,30.98,35.5,97.97,63.63311621160052,0.8743537318000156,True,False,0.11895723946129044
2026-08-15 04:15:00,AST_0045,SITE_C,SITE_C_B1,8.85,34.85,99.97,24.94345327893926,446.0285706899832,True,False,0.010996601390407923
2026-08-15 04:30:00,AST_0040,SITE_B,SITE_B_B2,21.22,34.8,100.43,1.278,0.033,True,False,0.24079751761213075
2026-08-15 05:45:00,AST_0040,SITE_B,SITE_B_B2,22.78,32.43,101.6,5.9981621226321895,0.0,True,False,0.20885821900773122
2026-08-15 06:30:00,AST_0012,SITE_A,SITE_A_B2,17.73,25.92,96.28,18.907,312.579,False,True,-0.003542042214819796
2026-08-15 07:45:00,AST_0032,SITE_B,SITE_B_B1,32.68,38.16,96.99,84.4547295833347,1.1628003237340414,True,False,0.07944833112471694
2026-08-15 09:15:00,AST_0060,SITE_C,SITE_C_B2,35.16,30.64,97.12,95.67726056994584,88.47648509776344,True,False,0.007549327687691454
2026-08-15 11:45:00,AST_0011,SITE_A,SITE_A_B1,26.25,34.13,100.13,26.62253407549397,0.3650652179165013,True,False,0.16662255465397469
2026-08-15 14:00:00,AST_0032,SITE_B,SITE_B_B1,33.28,35.43,96.68,85.13243086869109,1.234911971717548,True,False,0.06619771323134604
2026-08-15 14:15:00,AST_0056,SITE_C,SITE_C_B2,14.36,36.93,98.08,78.32001570917545,1078.533356087315,True,True,-0.039134710508967774
2026-08-15 17:15:00,AST_0059,SITE_C,SITE_C_B2,25.96,35.02,97.73,75.59909562319221,140.70785312781695,True,False,0.05949061041028414
2026-08-15 17:15:00,AST_0041,SITE_B,SITE_B_B2,31.41,34.61,99.24,58.78300029625121,0.8653397758020773,True,False,0.1373346336738539
2026-08-15 18:00:00,AST_0038,SITE_B,SITE_B_B2,25.52,37.64,100.95,20.108509780426296,17.45101881200856,True,False,0.15928366693517293
2026-08-15 18:15:00,AST_0038,SITE_B,SITE_B_B2,26.01,36.72,100.95,12.114754890213149,2.965,True,False,0.21771041961680898
2026-08-15 19:00:00,AST_0009,SITE_A,SITE_A_B1,33.1,40.14,97.6,74.83541730909656,1.0411119177618744,True,False,0.0883938864948447
2026-08-15 20:00:00,AST_0055,SITE_C,SITE_C_B1,29.07,38.7,99.36,48.00046939789385,0.707595545838157,True,False,0.16041565393085888
2026-08-15 20:00:00,AST_0031,SITE_B,SITE_B_B1,31.9,35.56,98.77,64.85196703078631,0.914916533790738,True,False,0.12444068708152689
2026-08-15 20:15:00,AST_0065,SITE_C,SITE_C_B2,32.88,40.08,96.97999999999999,82.71495911943462,1.11773054374435,True,False,0.07228534195965652
2026-08-15 22:15:00,AST_0043,SITE_B,SITE_B_B2,29.82,39.03,98.81,57.09886202741772,0.9374514237855838,True,False,0.14247377985671372
2026-08-16 00:30:00,AST_0012,SITE_A,SITE_A_B2,16.3,32.3,96.43,19.086,314.913,False,True,-0.0004307432809310674
2026-08-16 01:30:00,AST_0018,SITE_A,SITE_A_B2,22.22,32.95,100.92,0.637,0.036,True,False,0.24519505959894422
2026-08-16 02:45:00,AST_0012,SITE_A,SITE_A_B2,17.62,27.53,96.57,19.087,296.023,False,True,-0.009379455677760218
2026-08-16 04:00:00,AST_0011,SITE_A,SITE_A_B1,24.87,38.28,99.81,25.631269508853237,0.3966140639092854,True,False,0.1747032725174016
2026-08-16 04:30:00,AST_0030,SITE_B,SITE_B_B1,32.79,33.55,98.03,78.71955601919902,1.0816747197525969,True,False,0.09891756491444426
2026-08-16 04:30:00,AST_0062,SITE_C,SITE_C_B2,22.96,34.72,101.01,1.342,0.024,True,False,0.2570988802115724
2026-08-16 05:15:00,AST_0064,SITE_C,SITE_C_B2,23.6,34.31,101.21,6.640461102037154,0.3650652179165013,True,False,0.24036156778322199
2026-08-16 05:15:00,AST_0012,SITE_A,SITE_A_B2,17.17,28.73,96.71,18.967,305.661,False,True,-0.002498618679736331
2026-08-16 05:45:00,AST_0021,SITE_A,SITE_A_B2,29.33,31.84,99.43,51.14115968301577,0.8157630178134166,True,False,0.13325746973404184
2026-08-16 07:15:00,AST_0013,SITE_A,SITE_A_B2,21.59,36.05,100.07,31.685063826552,60.78561227209696,True,False,0.1297360245443776
2026-08-16 07:30:00,AST_0047,SITE_C,SITE_C_B1,23.41,35.24,96.99,11.32,24.069,True,False,0.13730155755837425
2026-08-16 08:15:00,AST_0012,SITE_A,SITE_A_B2,17.89,29.27,96.6,19.368,304.094,False,True,-0.004807424356259693
2026-08-16 13:00:00,AST_0036,SITE_B,SITE_B_B2,27.02,34.55,97.01,53.35730780478443,35.945,True,False,0.06611334891392229
2026-08-16 13:15:00,AST_0018,SITE_A,SITE_A_B2,21.95,38.17,101.07,3.02942589498877,0.0,True,False,0.2615082644981444
2026-08-16 13:15:00,AST_0036,SITE_B,SITE_B_B2,28.24,37.05,97.12,89.28461560956886,160.2185608853544,True,False,0.025827722796324504
2026-08-16 15:45:00,AST_0046,SITE_C,SITE_C_B1,25.0,38.1,98.6,66.38943860353521,126.01059787317854,True,False,0.08542504344894242
2026-08-16 16:00:00,AST_0046,SITE_C,SITE_C_B1,25.16,30.31,97.95,39.7002193017676,27.84,True,False,0.08986744532703173
2026-08-16 18:00:00,AST_0012,SITE_A,SITE_A_B2,17.64,30.73,96.55,19.27,302.917,False,True,-0.0033318421930941255
2026-08-16 22:00:00,AST_0043,SITE_B,SITE_B_B2,30.52,30.48,97.69,58.84874743587534,0.8382979078082624,True,False,0.08701798419368234
2026-08-16 23:30:00,AST_0066,SITE_C,SITE_C_B2,20.67,29.44,101.47,0.43,0.025,True,False,0.17945293879094432
2026-08-17 00:15:00,AST_0034,SITE_B,SITE_B_B2,14.83,38.21,98.72,77.15679708505623,1095.7680399553733,True,True,-0.026947264068591492
2026-08-17 00:30:00,AST_0059,SITE_C,SITE_C_B2,26.88,35.29,98.18,76.87357863744458,142.596276909385,True,False,0.06145122863764285
2026-08-17 02:30:00,AST_0002,SITE_A,SITE_A_B1,20.83,34.78,99.86,6.626,64.9004831851558,True,False,0.2244576926232979
2026-08-17 03:00:00,AST_0007,SITE_A,SITE_A_B1,25.24,30.63,99.47,6.153,0.022,True,False,0.22684385695636533
2026-08-17 05:30:00,AST_0043,SITE_B,SITE_B_B2,30.14,34.7,98.7,59.28369005185036,0.7752002158226942,True,False,0.13146540721156452
2026-08-17 07:30:00,AST_0028,SITE_B,SITE_B_B1,25.8,30.73,100.61,4.488,6.986333333333333,True,False,0.2259215410140073
2026-08-17 07:45:00,AST_0028,SITE_B,SITE_B_B1,26.37,40.05,101.31,4.412,9.390666666666666,True,False,0.2691687608189091
2026-08-17 08:00:00,AST_0004,SITE_A,SITE_A_B1,24.46,35.08,98.51,13.058,79.328,True,False,0.15553024159314432
2026-08-17 08:00:00,AST_0041,SITE_B,SITE_B_B2,31.43,38.63,98.42,12.059,0.555,True,False,0.18935813147827202
2026-08-17 08:00:00,AST_0030,SITE_B,SITE_B_B1,33.29,34.29,96.71,15.746,0.705,True,False,0.08055927349059633
2026-08-17 08:00:00,AST_0013,SITE_A,SITE_A_B2,19.64,32.05,100.2,6.666,40.816,True,False,0.18969941806846613
2026-08-17 08:00:00,AST_0031,SITE_B,SITE_B_B1,31.22,35.89,98.04,13.152,0.591,True,False,0.16217443077400862
2026-08-17 08:00:00,AST_0019,SITE_A,SITE_A_B2,28.96,37.28,98.08,11.106,0.522,True,False,0.17788321700207288
2026-08-17 08:00:00,AST_0012,SITE_A,SITE_A_B2,16.94,39.83,96.63,19.561,870.108,True,True,-0.056464615127954865
2026-08-17 08:00:00,AST_0020,SITE_A,SITE_A_B2,22.11,34.98,101.43,0.562,0.129,True,False,0.19981974744718228
2026-08-17 08:00:00,AST_0008,SITE_A,SITE_A_B1,33.72,31.66,97.43,17.217,0.73,True,False,0.07453112698035602
2026-08-17 08:00:00,AST_0005,SITE_A,SITE_A_B1,27.77,33.17,100.38,6.952,20.488,True,False,0.2051818287752592
2026-08-17 08:00:00,AST_0042,SITE_B,SITE_B_B2,33.83,36.56,96.73,17.094,0.753,True,False,0.07934120229863506
2026-08-17 08:00:00,AST_0006,SITE_A,SITE_A_B1,27.32,33.96,100.46,6.818,20.23,True,False,0.22354488647924547
2026-08-17 08:00:00,AST_0059,SITE_C,SITE_C_B2,26.84,34.62,97.82,15.118,89.792,True,False,0.1124206337723046
2026-08-17 08:00:00,AST_0054,SITE_C,SITE_C_B1,30.45,34.77,97.75,12.472,0.535,True,False,0.13566857578224456
2026-08-17 08:00:00,AST_0061,SITE_C,SITE_C_B2,35.79,37.39,97.35,20.293,59.329,True,False,0.03446813447898722
2026-08-17 08:00:00,AST_0033,SITE_B,SITE_B_B1,31.16,37.1,98.38,12.67,0.547,True,False,0.17362623824018208
2026-08-17 08:00:00,AST_0056,SITE_C,SITE_C_B2,15.54,31.7,97.38,15.764,722.056,True,True,-0.020167240218469162
2026-08-17 08:00:00,AST_0060,SITE_C,SITE_C_B2,35.64,37.1,97.63,19.611,56.903,True,False,0.048808582409151424
2026-08-17 08:00:00,AST_0017,SITE_A,SITE_A_B2,26.73,37.54,100.79,5.028,14.947,True,False,0.20733961969938808
2026-08-17 08:00:00,AST_0002,SITE_A,SITE_A_B1,21.0,36.94,100.0,6.747,42.627,True,False,0.21879062270105892
2026-08-17 08:00:00,AST_0016,SITE_A,SITE_A_B2,30.96,35.69,98.09,12.967,37.357,True,False,0.14566645452419646
2026-08-17 08:00:00,AST_0003,SITE_A,SITE_A_B1,19.64,36.72,100.84,2.251,16.63,True,False,0.14266540585608067
2026-08-17 08:00:00,AST_0036,SITE_B,SITE_B_B2,26.77,37.89,97.7,17.386,103.123,True,False,0.09000968505262807
2026-08-17 08:00:00,AST_0048,SITE_C,SITE_C_B1,22.8,31.61,99.66,9.396,57.507,True,False,0.1766512874968441
2026-08-17 08:00:00,AST_0037,SITE_B,SITE_B_B2,19.41,33.3,100.49,5.447,36.757,True,False,0.22042185508779277
2026-08-17 08:00:00,AST_0035,SITE_B,SITE_B_B2,22.6,32.92,99.02,9.05,56.246,True,False,0.15051017927236898
2026-08-17 08:00:00,AST_0065,SITE_C,SITE_C_B2,33.53,32.48,97.05,17.205,0.726,True,False,0.07000148080729718
2026-08-17 08:00:00,AST_0015,SITE_A,SITE_A_B2,21.97,33.85,99.97,7.802,49.762,True,False,0.1824804054898403
2026-08-17 08:00:00,AST_0049,SITE_C,SITE_C_B1,27.58,36.94,100.51,7.153,19.81,True,False,0.23443747146791744
2026-08-17 08:00:00,AST_0064,SITE_C,SITE_C_B2,24.53,38.99,99.99,1.227,0.152,True,False,0.24141093585479234
2026-08-17 08:00:00,AST_0063,SITE_C,SITE_C_B2,33.91,36.43,96.93,16.066,0.694,True,False,0.04875005346115435
2026-08-17 08:00:00,AST_0034,SITE_B,SITE_B_B2,15.37,36.25,97.58,15.426,689.78,True,False,0.0015019435608916165
2026-08-17 08:00:00,AST_0050,SITE_C,SITE_C_B1,30.6,31.57,98.43,12.298,36.53,True,False,0.13098114706685238
2026-08-17 08:00:00,AST_0038,SITE_B,SITE_B_B2,24.44,39.71,101.53,4.088,10.515,True,False,0.15905752454382283
2026-08-17 08:00:00,AST_0014,SITE_A,SITE_A_B2,20.66,32.87,100.54,7.571,48.032,True,False,0.19210365602530988
2026-08-17 08:00:00,AST_0044,SITE_B,SITE_B_B2,24.95,37.69,100.52,3.673,0.27,True,False,0.2625576827335908
2026-08-17 08:00:00,AST_0055,SITE_C,SITE_C_B1,29.05,37.77,98.79,9.264,0.44,True,False,0.2220264819312835
2026-08-17 08:00:00,AST_0039,SITE_B,SITE_B_B2,25.92,39.91,101.1,5.15,13.409,True,False,0.17639884827690688
2026-08-17 08:00:00,AST_0052,SITE_C,SITE_C_B1,28.68,36.74,98.65,9.641,0.467,True,False,0.21489342001276618
2026-08-17 08:00:00,AST_0032,SITE_B,SITE_B_B1,33.99,36.93,96.99,17.57,0.771,True,False,0.08478822226943439
2026-08-17 08:00:00,AST_0009,SITE_A,SITE_A_B1,32.5,42.67,97.67,15.038,0.693,True,False,0.1424889389410139
2026-08-17 08:00:00,AST_0028,SITE_B,SITE_B_B1,25.45,33.63,101.14,4.83,11.795,True,False,0.21161595372600378
2026-08-17 08:00:00,AST_0066,SITE_C,SITE_C_B2,23.4,38.42,101.32,0.674,0.109,True,False,0.2074918723785324
2026-08-17 08:00:00,AST_0058,SITE_C,SITE_C_B2,25.65,35.79,97.65,15.08,90.79,True,False,0.10162402289730454
2026-08-17 08:00:00,AST_0025,SITE_B,SITE_B_B1,21.87,33.66,100.25,7.138,44.289,True,False,0.21151909066813468
2026-08-17 08:00:00,AST_0022,SITE_A,SITE_A_B2,29.51,37.09,98.19,10.61,0.496,True,False,0.20141761188117285
2026-08-17 08:00:00,AST_0046,SITE_C,SITE_C_B1,25.05,38.44,98.87,13.185,80.173,True,False,0.16410054240210337
2026-08-17 08:00:00,AST_0045,SITE_C,SITE_C_B1,8.98,35.59,100.58500000000001,5.352,238.373,True,False,0.10023954526141587
2026-08-17 08:00:00,AST_0011,SITE_A,SITE_A_B1,25.57,33.47,100.2,5.123,0.292,True,False,0.20563945627000957
2026-08-17 08:00:00,AST_0010,SITE_A,SITE_A_B1,26.08,38.14,100.13,4.213,0.232,True,False,0.2584605877713612
2026-08-17 08:00:00,AST_0047,SITE_C,SITE_C_B1,23.97,40.6,98.68,11.617,70.59,True,False,0.18100159880280514
2026-08-17 08:00:00,AST_0023,SITE_B,SITE_B_B1,10.19,35.3,100.3,6.539,307.972,True,False,0.08571356558278553
2026-08-17 08:00:00,AST_0026,SITE_B,SITE_B_B1,21.33,36.56,99.72,8.287,50.915,True,False,0.21536091844366467
2026-08-17 08:00:00,AST_0001,SITE_A,SITE_A_B1,17.16,33.55,97.61,17.549,794.441,True,True,-0.03179647399806407
2026-08-17 08:00:00,AST_0021,SITE_A,SITE_A_B2,29.48,35.34,97.96,10.122,0.486,True,False,0.18066434533135878
2026-08-17 08:00:00,AST_0024,SITE_B,SITE_B_B1,27.61,34.45,97.5,17.686,103.922,True,False,0.03731275559684977
2026-08-17 08:00:00,AST_0053,SITE_C,SITE_C_B1,31.54,31.55,97.13,14.498,0.631,True,False,0.09412473070488414
2026-08-17 08:00:00,AST_0057,SITE_C,SITE_C_B2,28.36,36.01,97.12,18.377,106.869,True,False,0.041894508472931746
2026-08-17 08:00:00,AST_0027,SITE_B,SITE_B_B1,25.68,34.88,99.99,4.895,13.289,True,False,0.18615782766147448
2026-08-17 08:15:00,AST_0047,SITE_C,SITE_C_B1,24.89,41.87,98.85,11.765,69.784,True,False,0.16276240150593413
2026-08-17 08:15:00,AST_0065,SITE_C,SITE_C_B2,34.02,28.51,96.76,17.144,0.746,True,False,0.05394737174284914
2026-08-17 08:15:00,AST_0032,SITE_B,SITE_B_B1,33.51,36.57,97.09,17.36,0.758,True,False,0.08755509858898547
2026-08-17 08:15:00,AST_0022,SITE_A,SITE_A_B2,29.23,38.64,98.78,10.673,0.495,True,False,0.21150718709264166
2026-08-17 08:15:00,AST_0035,SITE_B,SITE_B_B2,23.68,33.73,99.51,8.826,56.74,True,False,0.1257329379124169
2026-08-17 08:15:00,AST_0031,SITE_B,SITE_B_B1,30.75,35.94,97.94,13.026,0.581,True,False,0.1628761650050774
2026-08-17 08:15:00,AST_0048,SITE_C,SITE_C_B1,22.04,33.1,99.7,9.204,57.532,True,False,0.18762354678713017
2026-08-17 08:15:00,AST_0004,SITE_A,SITE_A_B1,24.63,31.91,99.17,13.451,80.956,True,False,0.13736127115245822
2026-08-17 08:15:00,AST_0061,SITE_C,SITE_C_B2,35.72,29.3,97.28999999999999,19.982,59.163,True,True,-0.005131284866832342
2026-08-17 08:15:00,AST_0025,SITE_B,SITE_B_B1,22.12,36.02,100.37,7.251,45.981,True,False,0.22163809505829918
2026-08-17 08:15:00,AST_0049,SITE_C,SITE_C_B1,26.89,36.65,100.64,7.105,20.874,True,False,0.23042070034646867
2026-08-17 08:15:00,AST_0039,SITE_B,SITE_B_B2,26.54,32.91,100.12,4.863,13.226,True,False,0.22207244605149273
2026-08-17 08:15:00,AST_0001,SITE_A,SITE_A_B1,16.84,38.28,97.66,17.538,790.349,True,True,-0.01309111233652116
2026-08-17 08:15:00,AST_0052,SITE_C,SITE_C_B1,28.58,37.05,99.02,9.528,0.472,True,False,0.21126710068615429
2026-08-17 08:15:00,AST_0054,SITE_C,SITE_C_B1,30.17,33.72,98.18,12.122,0.532,True,False,0.1754027227188275
2026-08-17 08:15:00,AST_0055,SITE_C,SITE_C_B1,28.24,37.64,99.09,9.236,0.423,True,False,0.17164233881738955
2026-08-17 08:15:00,AST_0037,SITE_B,SITE_B_B2,19.95,37.51,100.28,5.605,36.315,True,False,0.19947386399465805
2026-08-17 08:15:00,AST_0064,SITE_C,SITE_C_B2,23.28,33.61,100.47,1.276,0.131,True,False,0.23123694121466665
2026-08-17 08:15:00,AST_0014,SITE_A,SITE_A_B2,21.08,36.23,99.87,7.899,46.171,True,False,0.21709208478494824
2026-08-17 08:15:00,AST_0023,SITE_B,SITE_B_B1,9.21,31.96,100.14,6.604,298.92,True,False,0.07819748742080335
2026-08-17 08:15:00,AST_0038,SITE_B,SITE_B_B2,25.37,36.43,100.91,4.028,11.215,True,False,0.19560055878091465
2026-08-17 08:15:00,AST_0024,SITE_B,SITE_B_B1,27.89,32.45,98.59,17.651,104.567,True,False,0.09476836523867782
2026-08-17 08:15:00,AST_0060,SITE_C,SITE_C_B2,35.23,33.79,97.39,19.512,56.975,True,False,0.03788274040047368
2026-08-17 08:15:00,AST_0050,SITE_C,SITE_C_B1,31.54,34.89,98.9,12.516,35.619,True,False,0.15960504751602067
2026-08-17 08:15:00,AST_0011,SITE_A,SITE_A_B1,25.96,36.72,99.91,5.257,0.29,True,False,0.21895102737810235
2026-08-17 08:15:00,AST_0033,SITE_B,SITE_B_B1,30.6,33.64,98.1,12.154,0.543,True,False,0.16355034598720963
2026-08-17 08:15:00,AST_0041,SITE_B,SITE_B_B2,31.0,34.53,98.13,12.133,0.559,True,False,0.16293095013292425
2026-08-17 08:15:00,AST_0063,SITE_C,SITE_C_B2,34.41,39.27,97.73,15.796,0.691,True,False,0.06732237258436846
2026-08-17 08:15:00,AST_0030,SITE_B,SITE_B_B1,32.62,35.88,97.88,15.843,0.676,True,False,0.09601078136613916
2026-08-17 08:15:00,AST_0042,SITE_B,SITE_B_B2,33.06,37.41,97.11,16.857,0.724,True,False,0.0721297311631175
2026-08-17 08:15:00,AST_0016,SITE_A,SITE_A_B2,30.57,42.61,98.76,12.604,36.467,True,False,0.1727693439466177
2026-08-17 08:15:00,AST_0006,SITE_A,SITE_A_B1,26.91,30.16,100.23,6.813,19.943,True,False,0.190104157569283
2026-08-17 08:15:00,AST_0020,SITE_A,SITE_A_B2,23.0,36.95,100.89,0.814,0.124,True,False,0.1805494863838154
2026-08-17 08:15:00,AST_0053,SITE_C,SITE_C_B1,31.55,35.83,98.03,14.596,0.652,True,False,0.1492659320757096
2026-08-17 08:15:00,AST_0008,SITE_A,SITE_A_B1,34.33,31.92,96.62,17.217,0.722,True,False,0.052367498938782786
2026-08-17 08:15:00,AST_0021,SITE_A,SITE_A_B2,29.09,35.73,99.03,10.167,0.49,True,False,0.19339138956673285
2026-08-17 08:15:00,AST_0019,SITE_A,SITE_A_B2,29.46,36.25,98.18,10.938,0.527,True,False,0.19201060312003893
2026-08-17 08:15:00,AST_0017,SITE_A,SITE_A_B2,27.59,40.14,101.18,5.323,14.819,True,False,0.21761525210676486
2026-08-17 08:15:00,AST_0057,SITE_C,SITE_C_B2,27.98,33.06,97.24,18.473,107.653,True,False,0.049323573747588334
2026-08-17 08:15:00,AST_0012,SITE_A,SITE_A_B2,18.39,36.28,96.67,19.475,892.804,True,True,-0.05442588585811592
2026-08-17 08:15:00,AST_0046,SITE_C,SITE_C_B1,25.68,41.72,98.41,13.532,80.811,True,False,0.14682047388131625
2026-08-17 08:15:00,AST_0044,SITE_B,SITE_B_B2,25.34,34.64,100.76,3.783,0.228,True,False,0.14749763070914268
2026-08-17 08:15:00,AST_0027,SITE_B,SITE_B_B1,25.96,35.66,100.9,4.925,13.567,True,False,0.2131030395104715
2026-08-17 08:15:00,AST_0009,SITE_A,SITE_A_B1,31.71,37.29,97.65,15.212,0.666,True,False,0.1353273255509031
2026-08-17 08:15:00,AST_0058,SITE_C,SITE_C_B2,26.84,35.38,98.16,15.081,89.179,True,False,0.11727461307392328
2026-08-17 08:15:00,AST_0002,SITE_A,SITE_A_B1,20.58,35.19,99.89,7.067,43.804,True,False,0.17619021937957813
2026-08-17 08:15:00,AST_0045,SITE_C,SITE_C_B1,9.08,33.91,100.15,5.243,236.483,True,False,0.09056097167268518
2026-08-17 08:15:00,AST_0010,SITE_A,SITE_A_B1,25.17,42.05,100.81,4.125,0.257,True,False,0.260582576536058
2026-08-17 08:15:00,AST_0003,SITE_A,SITE_A_B1,18.33,36.45,100.72,2.03,16.432,True,False,0.21592169166257152
2026-08-17 08:15:00,AST_0013,SITE_A,SITE_A_B2,20.57,35.1,100.26,6.566,41.5,True,False,0.21875480605674014
2026-08-17 08:15:00,AST_0036,SITE_B,SITE_B_B2,27.99,34.7,96.76,17.45,103.676,True,False,0.05168380138507167
2026-08-17 08:15:00,AST_0015,SITE_A,SITE_A_B2,21.97,33.63,99.66,7.905,48.982,True,False,0.20466151141665112
2026-08-17 08:15:00,AST_0028,SITE_B,SITE_B_B1,25.76,35.92,100.68,4.676,12.727,True,False,0.23247380135482965
2026-08-17 08:15:00,AST_0056,SITE_C,SITE_C_B2,15.0,36.79,98.34,15.741,726.059,True,False,0.01266320592006065
2026-08-17 08:15:00,AST_0005,SITE_A,SITE_A_B1,27.44,32.49,100.56,7.085,20.071,True,False,0.20573485085644622
2026-08-17 08:15:00,AST_0026,SITE_B,SITE_B_B1,22.45,39.84,99.91,7.955,51.047,True,False,0.22098756380424645
2026-08-17 08:30:00,AST_0001,SITE_A,SITE_A_B1,17.17,38.27,97.85,17.91,789.21,True,True,-0.010888838042776072
2026-08-17 08:30:00,AST_0021,SITE_A,SITE_A_B2,29.55,39.73,98.38,10.242,0.479,True,False,0.21653997299165795
2026-08-17 08:30:00,AST_0023,SITE_B,SITE_B_B1,10.0,30.21,100.17,7.02,309.998,True,False,0.058517321830247604
2026-08-17 08:30:00,AST_0017,SITE_A,SITE_A_B2,26.31,29.16,101.13,5.329,14.357,True,False,0.12221350976303291
2026-08-17 08:30:00,AST_0022,SITE_A,SITE_A_B2,30.22,36.13,97.92,10.719,0.502,True,False,0.14215403645514624
2026-08-17 08:30:00,AST_0015,SITE_A,SITE_A_B2,22.39,31.68,99.81,8.048,48.953,True,False,0.19511931461532928
2026-08-17 08:30:00,AST_0037,SITE_B,SITE_B_B2,20.39,30.6,100.67,5.277,36.01,True,False,0.18131844349206933
2026-08-17 08:30:00,AST_0048,SITE_C,SITE_C_B1,22.55,32.5,98.96,9.219,57.921,True,False,0.14989416666881406
2026-08-17 08:30:00,AST_0019,SITE_A,SITE_A_B2,29.89,38.38,98.86,10.919,0.514,True,False,0.20465586511994838
2026-08-17 08:30:00,AST_0058,SITE_C,SITE_C_B2,25.46,35.07,98.05,15.07,91.15,True,False,0.1251077713823605
2026-08-17 08:30:00,AST_0049,SITE_C,SITE_C_B1,29.13,40.01,100.42,6.984,20.738,True,False,0.2265506631236076
2026-08-17 08:30:00,AST_0016,SITE_A,SITE_A_B2,30.83,29.73,98.84,12.622,36.99,True,False,0.10342401413411317
2026-08-17 08:30:00,AST_0065,SITE_C,SITE_C_B2,32.4,42.69,96.82,17.09,0.755,True,False,0.09705590453951296
2026-08-17 08:30:00,AST_0011,SITE_A,SITE_A_B1,25.63,33.3,99.25,5.453,0.2985,True,False,0.14157738606997805
2026-08-17 08:30:00,AST_0063,SITE_C,SITE_C_B2,33.6,32.27,97.69,16.098,0.702,True,False,0.09191170387881265
2026-08-17 08:30:00,AST_0035,SITE_B,SITE_B_B2,23.0,33.87,99.65,8.8,56.385,True,False,0.18598122271689782
2026-08-17 08:30:00,AST_0044,SITE_B,SITE_B_B2,26.09,32.83,100.27,3.786,0.245,True,False,0.23644847859760643
2026-08-17 08:30:00,AST_0033,SITE_B,SITE_B_B1,29.92,40.07,98.36,12.055,0.558,True,False,0.19470060532041256
2026-08-17 08:30:00,AST_0003,SITE_A,SITE_A_B1,18.51,36.02,101.19,2.484,16.416,True,False,0.2065597475311146
2026-08-17 08:30:00,AST_0010,SITE_A,SITE_A_B1,26.12,34.52,99.83,3.77,0.247,True,False,0.2107022760950541
2026-08-17 08:30:00,AST_0041,SITE_B,SITE_B_B2,30.63,35.39,97.91,12.133,0.536,True,False,0.165149997731048
2026-08-17 08:30:00,AST_0028,SITE_B,SITE_B_B1,26.64,34.56,101.04,4.533,12.205,True,False,0.2229332648078559
2026-08-17 08:30:00,AST_0026,SITE_B,SITE_B_B1,22.59,32.54,99.59,8.196,50.509,True,False,0.19467579006126245
2026-08-17 08:30:00,AST_0047,SITE_C,SITE_C_B1,25.28,39.14,99.44,11.558,70.295,True,False,0.10210218395835702
2026-08-17 08:30:00,AST_0061,SITE_C,SITE_C_B2,36.07,38.54,97.23,19.88,60.007,True,False,0.03326998264096992
2026-08-17 08:30:00,AST_0005,SITE_A,SITE_A_B1,28.52,42.1,100.22,7.064,20.097,True,False,0.22704688318946709
2026-08-17 08:30:00,AST_0042,SITE_B,SITE_B_B2,33.5,40.36,97.88,17.056,0.755,True,False,0.08392486653966158
2026-08-17 08:30:00,AST_0006,SITE_A,SITE_A_B1,27.31,36.57,100.3,6.905,20.142,True,False,0.23146963462821368
2026-08-17 08:30:00,AST_0009,SITE_A,SITE_A_B1,32.21,31.8,97.17,14.909,0.678,True,False,0.07297058723489747
2026-08-17 08:30:00,AST_0053,SITE_C,SITE_C_B1,32.55,31.79,97.75,14.798,0.64,True,False,0.11021546464100518
2026-08-17 08:30:00,AST_0008,SITE_A,SITE_A_B1,34.45,34.58,97.03,17.248,0.724,True,False,0.08304898723804932
2026-08-17 08:30:00,AST_0057,SITE_C,SITE_C_B2,27.85,34.45,96.86,18.213,106.703,True,False,0.041177568538574794
2026-08-17 08:30:00,AST_0012,SITE_A,SITE_A_B2,17.35,35.84,96.67,19.492,875.234,True,True,-0.04171952664193035
2026-08-17 08:30:00,AST_0066,SITE_C,SITE_C_B2,23.6,37.11,101.48,0.35,0.12,True,False,0.22014921734265308
2026-08-17 08:30:00,AST_0013,SITE_A,SITE_A_B2,20.56,37.32,99.99,6.473,42.003,True,False,0.12375314308910812
2026-08-17 08:30:00,AST_0004,SITE_A,SITE_A_B1,25.88,34.6,98.33,13.414,79.859,True,False,0.13302191008156372
2026-08-17 08:30:00,AST_0030,SITE_B,SITE_B_B1,32.95,33.49,97.0,15.785,0.704,True,False,0.07010085539449906
2026-08-17 08:30:00,AST_0031,SITE_B,SITE_B_B1,31.11,34.86,98.28,12.933,0.612,True,False,0.15242441123620099
2026-08-17 08:30:00,AST_0050,SITE_C,SITE_C_B1,29.68,34.4,99.43,12.334,35.181,True,False,0.13932542819742177
2026-08-17 08:30:00,AST_0038,SITE_B,SITE_B_B2,25.68,37.42,100.81,3.69,10.832,True,False,0.19238686308200992
2026-08-17 08:30:00,AST_0014,SITE_A,SITE_A_B2,21.18,35.39,99.82,7.51,46.313,True,False,0.2110711581402907
2026-08-17 08:30:00,AST_0024,SITE_B,SITE_B_B1,28.48,33.09,97.64500000000001,17.971,105.464,True,False,0.06958670326998218
2026-08-17 08:30:00,AST_0020,SITE_A,SITE_A_B2,23.1,34.19,102.32,0.651,0.135,True,False,0.10741863649921257
2026-08-17 08:30:00,AST_0045,SITE_C,SITE_C_B1,9.84,29.69,100.69,5.189,227.689,True,False,0.07441865725057406
2026-08-17 08:30:00,AST_0054,SITE_C,SITE_C_B1,30.6,34.03,98.44,12.058,0.543,True,False,0.17567636137011
2026-08-17 08:30:00,AST_0027,SITE_B,SITE_B_B1,26.09,37.26,100.64,5.053,13.398,True,False,0.2134559096558657
2026-08-17 08:30:00,AST_0055,SITE_C,SITE_C_B1,28.67,34.46,99.0,9.432,0.455,True,False,0.2081989619104863
2026-08-17 08:30:00,AST_0056,SITE_C,SITE_C_B2,15.43,30.02,98.65,16.188,723.486,True,True,-0.006251923294046002
2026-08-17 08:30:00,AST_0060,SITE_C,SITE_C_B2,35.93,33.88,97.85,19.959,58.001,True,False,0.046163241688124246
2026-08-17 08:30:00,AST_0039,SITE_B,SITE_B_B2,26.12,35.21,100.18,4.727,13.385,True,False,0.24136138503744464
2026-08-17 08:30:00,AST_0032,SITE_B,SITE_B_B1,33.46,28.15,97.71,17.526,0.754,True,False,0.0676391756204281
2026-08-17 08:30:00,AST_0025,SITE_B,SITE_B_B1,20.71,35.07,99.82,7.403,45.725,True,False,0.2102415952337538
2026-08-17 08:30:00,AST_0052,SITE_C,SITE_C_B1,27.53,33.09,98.72,9.519,0.461,True,False,0.2090315466808486
2026-08-17 08:45:00,AST_0060,SITE_C,SITE_C_B2,36.44,33.51,96.92,19.68,57.484,True,False,0.024647910443819643
2026-08-17 08:45:00,AST_0056,SITE_C,SITE_C_B2,15.4,34.98,97.85,15.791,720.04,True,False,0.003432027580432373
2026-08-17 08:45:00,AST_0045,SITE_C,SITE_C_B1,8.37,32.72,100.33,5.004,248.5075,True,False,0.06255898579761798
2026-08-17 08:45:00,AST_0044,SITE_B,SITE_B_B2,25.4,35.47,99.89,3.61,0.258,True,False,0.2588971536612652
2026-08-17 08:45:00,AST_0041,SITE_B,SITE_B_B2,31.08,37.71,98.45,11.988,0.537,True,False,0.19133559659178728
2026-08-17 08:45:00,AST_0042,SITE_B,SITE_B_B2,34.0,38.21,97.17,16.856,0.74,True,False,0.08609193364776102
2026-08-17 08:45:00,AST_0048,SITE_C,SITE_C_B1,23.69,35.43,99.64,9.509,57.316,True,False,0.10941140324322562
2026-08-17 08:45:00,AST_0047,SITE_C,SITE_C_B1,24.83,31.55,98.4,11.658,70.825,True,False,0.13425966408472667
2026-08-17 08:45:00,AST_0038,SITE_B,SITE_B_B2,25.37,29.51,100.94,3.913,11.254,True,False,0.18385396096773066
2026-08-17 08:45:00,AST_0039,SITE_B,SITE_B_B2,27.04,31.87,100.59,5.159,13.81,True,False,0.19958788310983522
2026-08-17 08:45:00,AST_0037,SITE_B,SITE_B_B2,19.69,41.3,100.24,5.433,35.243,True,False,0.2318931454881114
2026-08-17 08:45:00,AST_0052,SITE_C,SITE_C_B1,29.42,33.21,99.78,9.53,0.466,True,False,0.18516020857008164
2026-08-17 08:45:00,AST_0016,SITE_A,SITE_A_B2,30.02,33.58,99.52,12.607,37.035,True,False,0.16523183958232102
2026-08-17 08:45:00,AST_0005,SITE_A,SITE_A_B1,27.46,32.78,100.62,7.043,19.85,True,False,0.21471713855352043
2026-08-17 08:45:00,AST_0017,SITE_A,SITE_A_B2,26.6,35.09,100.66,5.256,14.771,True,False,0.14653667221039046
2026-08-17 08:45:00,AST_0006,SITE_A,SITE_A_B1,28.12,36.01,100.47,7.25,20.961,True,False,0.2242488290974735
2026-08-17 08:45:00,AST_0008,SITE_A,SITE_A_B1,33.8,32.24,97.29,17.135,0.738,True,False,0.08033218173634848
2026-08-17 08:45:00,AST_0012,SITE_A,SITE_A_B2,17.22,31.61,97.07,19.783,885.109,True,True,-0.049034908918842324
2026-08-17 08:45:00,AST_0054,SITE_C,SITE_C_B1,30.51,34.02,98.79,12.307,0.561,True,False,0.18572769809203382
2026-08-17 08:45:00,AST_0027,SITE_B,SITE_B_B1,25.72,30.5,100.27,5.095,14.371,True,False,0.1491152893471257
2026-08-17 08:45:00,AST_0057,SITE_C,SITE_C_B2,28.23,37.2,97.97,18.385,107.62,True,False,0.085692089879147
2026-08-17 08:45:00,AST_0053,SITE_C,SITE_C_B1,31.97,40.59,97.58,14.641,0.648,True,False,0.14331994134121195
2026-08-17 08:45:00,AST_0009,SITE_A,SITE_A_B1,32.78,39.81,97.41,15.059,0.658,True,False,0.1152161038356202
2026-08-17 08:45:00,AST_0026,SITE_B,SITE_B_B1,21.37,34.13,99.935,8.385,50.67,True,False,0.2076339062863351
2026-08-17 08:45:00,AST_0010,SITE_A,SITE_A_B1,26.05,36.24,100.54,3.911,0.241,True,False,0.2581036603696684
2026-08-17 08:45:00,AST_0025,SITE_B,SITE_B_B1,21.67,35.15,100.48,6.954,45.029,True,False,0.21464941602998255
2026-08-17 08:45:00,AST_0024,SITE_B,SITE_B_B1,28.6,34.44,96.7,17.639,104.703,True,False,0.04514633589155892
2026-08-17 08:45:00,AST_0023,SITE_B,SITE_B_B1,9.46,33.27,100.45,6.622,301.858,True,False,0.0844036939286571
2026-08-17 08:45:00,AST_0022,SITE_A,SITE_A_B2,30.05,32.96,98.77,10.641,0.524,True,False,0.10960902667618988
2026-08-17 08:45:00,AST_0001,SITE_A,SITE_A_B1,17.36,33.41,97.93,17.514,801.184,True,True,-0.018108501944373412
2026-08-17 08:45:00,AST_0021,SITE_A,SITE_A_B2,29.75,34.44,98.79,10.388,0.475,True,False,0.19920420095254376
2026-08-17 08:45:00,AST_0058,SITE_C,SITE_C_B2,26.74,37.82,98.19,15.117,91.845,True,False,0.09946238371922789
2026-08-17 08:45:00,AST_0028,SITE_B,SITE_B_B1,26.63,34.27,101.1,4.261,12.44,True,False,0.22162758194692134
2026-08-17 08:45:00,AST_0030,SITE_B,SITE_B_B1,33.4,29.86,96.71,15.676,0.694,True,False,0.06275036125400413
2026-08-17 08:45:00,AST_0061,SITE_C,SITE_C_B2,35.9,24.18,97.27,20.377,59.191,True,False,0.0014387647692226668
2026-08-17 08:45:00,AST_0050,SITE_C,SITE_C_B1,31.51,31.93,99.16,12.596,35.669,True,False,0.13554801049121545
2026-08-17 08:45:00,AST_0015,SITE_A,SITE_A_B2,22.37,39.04,100.03,7.884,49.289,True,False,0.2430967684853017
2026-08-17 08:45:00,AST_0065,SITE_C,SITE_C_B2,34.17,35.74,97.98,17.115,0.763,True,False,0.10666477825138843
2026-08-17 08:45:00,AST_0035,SITE_B,SITE_B_B2,22.43,35.0,99.78,8.948,53.865,True,False,0.19986995783510825
2026-08-17 08:45:00,AST_0049,SITE_C,SITE_C_B1,27.31,31.35,99.68,6.864,20.387,True,False,0.2053120650299911
2026-08-17 08:45:00,AST_0064,SITE_C,SITE_C_B2,24.03,36.26,101.13,1.446,0.16,True,False,0.2335121316230157
2026-08-17 08:45:00,AST_0063,SITE_C,SITE_C_B2,33.01,35.67,97.57,15.978,0.718,True,False,0.11938334147777419
2026-08-17 08:45:00,AST_0013,SITE_A,SITE_A_B2,21.53,35.13,100.43,6.353,40.658,True,False,0.21987431161725113
2026-08-17 08:45:00,AST_0003,SITE_A,SITE_A_B1,18.7,33.96,100.8,2.203,16.977,True,False,0.16479432471011246
2026-08-17 08:45:00,AST_0014,SITE_A,SITE_A_B2,21.47,34.41,99.6,7.312,47.593,True,False,0.1890136882342009
2026-08-17 08:45:00,AST_0055,SITE_C,SITE_C_B1,28.52,32.86,99.42,9.414,0.448,True,False,0.20432748940314
2026-08-17 08:45:00,AST_0019,SITE_A,SITE_A_B2,28.69,35.76,99.66,11.247,0.529,True,False,0.217182291583019
2026-08-17 08:45:00,AST_0011,SITE_A,SITE_A_B1,26.13,31.27,100.59,5.209,0.307,True,False,0.19725904038882908
2026-08-17 08:45:00,AST_0032,SITE_B,SITE_B_B1,33.03,35.41,97.49,17.388,0.764,True,False,0.09972739363384853
2026-08-17 08:45:00,AST_0004,SITE_A,SITE_A_B1,24.98,32.73,98.05,13.312,79.538,True,False,0.0845100937258415
2026-08-17 08:45:00,AST_0033,SITE_B,SITE_B_B1,30.68,36.71,98.26,11.83,0.55,True,False,0.17782009232347207
2026-08-17 08:45:00,AST_0031,SITE_B,SITE_B_B1,31.69,32.72,98.12,12.915,0.587,True,False,0.15182788952968185
2026-08-17 09:00:00,AST_0008,SITE_A,SITE_A_B1,33.0,39.02,96.85,17.124,0.825,True,False,0.08891861799371514
2026-08-17 09:00:00,AST_0061,SITE_C,SITE_C_B2,36.04,32.63,97.38,20.225,64.53,True,False,0.017095600908191178
2026-08-17 09:00:00,AST_0058,SITE_C,SITE_C_B2,25.62,37.93,97.99,15.192,99.193,True,False,0.10432533479938988
2026-08-17 09:00:00,AST_0004,SITE_A,SITE_A_B1,25.37,31.13,98.81,13.22,87.51,True,False,0.1322573727802625
2026-08-17 09:00:00,AST_0065,SITE_C,SITE_C_B2,34.59,32.74,96.31,17.103,0.786,True,False,0.049925147661802116
2026-08-17 09:00:00,AST_0001,SITE_A,SITE_A_B1,16.63,37.82,97.49,17.718,877.377,True,True,-0.022580705506493937
2026-08-17 09:00:00,AST_0064,SITE_C,SITE_C_B2,23.67,35.64,100.75,1.414,0.172,True,False,0.14832663585607397
2026-08-17 09:00:00,AST_0003,SITE_A,SITE_A_B1,18.72,34.57,100.85,2.522,19.528,True,False,0.19672770578230658
2026-08-17 09:00:00,AST_0010,SITE_A,SITE_A_B1,25.65,33.99,100.27,4.162,0.261,True,False,0.24698367447221975
2026-08-17 09:00:00,AST_0063,SITE_C,SITE_C_B2,33.28,37.55,96.89,16.058,0.759,True,False,0.1124208503127766
2026-08-17 09:00:00,AST_0006,SITE_A,SITE_A_B1,27.06,32.26,100.63,6.803,22.3,True,False,0.20767350654455619
2026-08-17 09:00:00,AST_0009,SITE_A,SITE_A_B1,32.57,42.08,97.92,14.951,0.744,True,False,0.14596929301827555
2026-08-17 09:00:00,AST_0057,SITE_C,SITE_C_B2,28.61,37.26,97.19,18.241,117.13,True,False,0.057141901628323
2026-08-17 09:00:00,AST_0005,SITE_A,SITE_A_B1,27.51,38.8,100.13,7.163,21.577,True,False,0.23962458177510848
2026-08-17 09:00:00,AST_0060,SITE_C,SITE_C_B2,34.37,33.4,97.02,19.736,63.278,True,False,0.03782783800598333
2026-08-17 09:00:00,AST_0046,SITE_C,SITE_C_B1,25.23,33.98,98.89,66.94070308192215,392.72904887417405,True,False,0.03202571485478156
2026-08-17 09:00:00,AST_0025,SITE_B,SITE_B_B1,21.09,31.26,100.27,7.13,48.798,True,False,0.18876383979958677
2026-08-17 09:00:00,AST_0049,SITE_C,SITE_C_B1,26.57,33.94,99.8,7.506,22.61,True,False,0.22652038745785397
2026-08-17 09:00:00,AST_0016,SITE_A,SITE_A_B2,31.75,36.91,98.03,12.609,40.244,True,False,0.13051430362916228
2026-08-17 09:00:00,AST_0022,SITE_A,SITE_A_B2,29.55,32.56,98.56,10.734,0.548,True,False,0.1794110245798427
2026-08-17 09:00:00,AST_0031,SITE_B,SITE_B_B1,31.37,37.2,97.75,13.036,0.625,True,False,0.10205795866086509
2026-08-17 09:00:00,AST_0015,SITE_A,SITE_A_B2,22.3,33.98,99.92,7.599,53.072,True,False,0.1908069008677476
2026-08-17 09:00:00,AST_0017,SITE_A,SITE_A_B2,26.16,33.2,101.28,5.508,15.267,True,False,0.20849543231537948
2026-08-17 09:00:00,AST_0014,SITE_A,SITE_A_B2,21.3,29.77,100.16,7.741,52.422,True,False,0.16960497605459113
2026-08-17 09:00:00,AST_0055,SITE_C,SITE_C_B1,28.57,33.51,98.47,9.35,0.502,True,False,0.1953328316264616
2026-08-17 09:00:00,AST_0030,SITE_B,SITE_B_B1,32.83,39.36,97.85,15.53,0.755,True,False,0.1017328041807598
2026-08-17 09:00:00,AST_0035,SITE_B,SITE_B_B2,23.37,32.41,100.04,9.013,59.777,True,False,0.16713025827792005
2026-08-17 09:00:00,AST_0013,SITE_A,SITE_A_B2,21.08,31.83,100.08,6.172,44.885,True,False,0.1968232533914393
2026-08-17 09:00:00,AST_0020,SITE_A,SITE_A_B2,24.64,34.6,101.11,0.62,0.142,True,False,0.17782609458275744
2026-08-17 09:00:00,AST_0012,SITE_A,SITE_A_B2,16.72,37.14,97.37,19.387,964.322,True,True,-0.039775680575216965
2026-08-17 09:00:00,AST_0023,SITE_B,SITE_B_B1,10.62,33.9,100.12,6.575,329.609,True,False,0.08414890006124154
2026-08-17 09:00:00,AST_0028,SITE_B,SITE_B_B1,26.28,37.15,100.82,4.317,13.038,True,False,0.2478501592590055
2026-08-17 09:00:00,AST_0024,SITE_B,SITE_B_B1,27.88,37.36,97.51,17.59,113.634,True,False,0.07998723745034808
2026-08-17 09:00:00,AST_0056,SITE_C,SITE_C_B2,14.53,37.93,97.32,16.149,788.943,True,True,-0.017327746680790734
2026-08-17 09:00:00,AST_0027,SITE_B,SITE_B_B1,26.44,35.05,101.27,5.006,15.296,True,False,0.21390581855885643
2026-08-17 09:00:00,AST_0026,SITE_B,SITE_B_B1,21.93,32.48,100.28,7.953,54.067,True,False,0.19009534178080084
2026-08-17 09:00:00,AST_0054,SITE_C,SITE_C_B1,29.97,35.78,98.32,11.958,0.592,True,False,0.15684669635758552
2026-08-17 09:00:00,AST_0019,SITE_A,SITE_A_B2,30.16,28.09,98.22,10.785,0.562,True,False,0.1286447515570569
2026-08-17 09:00:00,AST_0032,SITE_B,SITE_B_B1,33.29,40.54,97.17,17.402,0.852,True,False,0.04909390990314089
2026-08-17 09:00:00,AST_0053,SITE_C,SITE_C_B1,31.57,33.25,97.87,14.616,0.706,True,False,0.12181868086975933
2026-08-17 09:00:00,AST_0039,SITE_B,SITE_B_B2,26.81,40.08,100.5,5.123,15.297,True,False,0.24845677393684185
2026-08-17 09:00:00,AST_0050,SITE_C,SITE_C_B1,29.72,32.21,98.91,12.497,38.994,True,False,0.1398443963506606
2026-08-17 09:00:00,AST_0041,SITE_B,SITE_B_B2,30.83,35.73,98.71,11.872,0.603,True,False,0.19526634286502337
2026-08-17 09:00:00,AST_0047,SITE_C,SITE_C_B1,24.67,34.46,98.9,11.572,77.48,True,False,0.16547383111778036
2026-08-17 09:00:00,AST_0033,SITE_B,SITE_B_B1,31.46,35.4,98.65,12.122,0.591,True,False,0.19236976534976985
2026-08-17 09:00:00,AST_0045,SITE_C,SITE_C_B1,8.48,30.5,100.85,5.138,269.326,True,False,0.025799647464400444
2026-08-17 09:00:00,AST_0044,SITE_B,SITE_B_B2,25.64,28.86,100.17,3.455,0.273,True,False,0.19982814135591903
2026-08-17 09:00:00,AST_0042,SITE_B,SITE_B_B2,33.57,36.71,96.97,16.956,0.793,True,False,0.06857280822195111
2026-08-17 09:00:00,AST_0038,SITE_B,SITE_B_B2,25.66,32.86,100.99,3.8205,12.121,True,False,0.21052484277261024
2026-08-17 09:00:00,AST_0037,SITE_B,SITE_B_B2,21.32,37.4,100.45,5.342,39.061,True,False,0.23245134436839493
2026-08-17 09:00:00,AST_0048,SITE_C,SITE_C_B1,21.9,35.08,99.83,9.325,61.444,True,False,0.194133710973327
2026-08-17 09:00:00,AST_0021,SITE_A,SITE_A_B2,29.95,34.12,98.97,10.461,0.531,True,False,0.17171730249978778
2026-08-17 09:00:00,AST_0052,SITE_C,SITE_C_B1,29.51,31.92,98.8,9.553,0.511,True,False,0.16275090245134105
2026-08-17 09:15:00,AST_0061,SITE_C,SITE_C_B2,35.16,36.87,96.95,20.198,64.91,True,False,0.03047792002643257
2026-08-17 09:15:00,AST_0027,SITE_B,SITE_B_B1,25.92,37.2,100.63,4.999,15.217,True,False,0.2510769130155133
2026-08-17 09:15:00,AST_0057,SITE_C,SITE_C_B2,28.99,35.8,97.9,18.162,117.791,True,False,0.07332811053562016
2026-08-17 09:15:00,AST_0009,SITE_A,SITE_A_B1,32.75,33.37,97.65,14.991,0.721,True,False,0.11226754125604888
2026-08-17 09:15:00,AST_0052,SITE_C,SITE_C_B1,29.11,27.81,98.46,9.691,0.53,True,False,0.16629714298738152
2026-08-17 09:15:00,AST_0050,SITE_C,SITE_C_B1,29.97,33.11,98.78,12.401,38.778,True,False,0.14518739141993575
2026-08-17 09:15:00,AST_0060,SITE_C,SITE_C_B2,34.9,33.24,97.37,19.817,62.017,True,False,0.012033701274493214
2026-08-17 09:15:00,AST_0032,SITE_B,SITE_B_B1,33.69,33.26,97.05,17.405,0.823,True,False,0.07729923025345276
2026-08-17 09:15:00,AST_0033,SITE_B,SITE_B_B1,31.28,36.78,98.09,12.461,0.629,True,False,0.15518807987819416
2026-08-17 09:15:00,AST_0030,SITE_B,SITE_B_B1,32.54,34.38,97.5,15.532,0.738,True,False,0.11956908777416231
2026-08-17 09:15:00,AST_0017,SITE_A,SITE_A_B2,25.75,33.06,100.44,4.943,16.473,True,False,0.22743861693790013
2026-08-17 09:15:00,AST_0012,SITE_A,SITE_A_B2,17.72,31.82,97.49,19.472,962.315,True,True,-0.04608384036048241
2026-08-17 09:15:00,AST_0008,SITE_A,SITE_A_B1,32.63,39.05,96.96,17.444,0.816,True,False,0.09553440665397195
2026-08-17 09:15:00,AST_0054,SITE_C,SITE_C_B1,30.47,38.72,97.87,12.291,0.627,True,False,0.16640749039785652
2026-08-17 09:15:00,AST_0034,SITE_B,SITE_B_B2,15.14,36.32,97.34,15.177,762.26,False,True,-0.017465324696353313
2026-08-17 09:15:00,AST_0031,SITE_B,SITE_B_B1,31.17,36.59,97.38,12.928,0.643,True,False,0.11848166311183872
2026-08-17 09:15:00,AST_0004,SITE_A,SITE_A_B1,25.44,36.33,98.6,13.179,86.423,True,False,0.15020123059542567
2026-08-17 09:15:00,AST_0053,SITE_C,SITE_C_B1,31.46,38.55,98.02,14.592,0.729,True,False,0.16393642204351255
2026-08-17 09:15:00,AST_0001,SITE_A,SITE_A_B1,16.88,33.77,97.77,17.742,874.817,True,True,-0.023010389584035118
2026-08-17 09:15:00,AST_0045,SITE_C,SITE_C_B1,9.7,35.83,100.92,5.051,261.495,True,False,0.08400627673809014
2026-08-17 09:15:00,AST_0047,SITE_C,SITE_C_B1,22.9,31.15,99.095,11.517,77.491,True,False,0.1392337866215263
2026-08-17 09:15:00,AST_0042,SITE_B,SITE_B_B2,33.89,30.91,97.58,16.883,0.803,True,False,0.07716369709142579
2026-08-17 09:15:00,AST_0021,SITE_A,SITE_A_B2,29.44,40.58,98.82,10.223,0.517,True,False,0.21867351867340445
2026-08-17 09:15:00,AST_0041,SITE_B,SITE_B_B2,30.09,37.3,98.13,12.223,0.61,True,False,0.1634361968566812
2026-08-17 09:15:00,AST_0056,SITE_C,SITE_C_B2,14.85,34.31,98.2,16.058,787.051,True,True,-0.0038931200223635276
2026-08-17 09:15:00,AST_0039,SITE_B,SITE_B_B2,26.24,31.64,100.34,4.741,15.049,True,False,0.21225837515408746
2026-08-17 09:15:00,AST_0038,SITE_B,SITE_B_B2,26.19,37.17,100.63,3.728,12.065,True,False,0.20850807236030022
2026-08-17 09:15:00,AST_0037,SITE_B,SITE_B_B2,20.44,36.69,99.98,5.501,38.062,True,False,0.2150967201582527
2026-08-17 09:15:00,AST_0048,SITE_C,SITE_C_B1,22.42,35.41,99.41,9.209,62.204,True,False,0.1965866715603658
2026-08-17 09:15:00,AST_0016,SITE_A,SITE_A_B2,29.65,34.53,99.11,12.628,40.183,True,False,0.15800008965460766
2026-08-17 09:15:00,AST_0005,SITE_A,SITE_A_B1,26.15,32.8,100.05,6.944,22.454,True,False,0.22295509064162083
2026-08-17 09:15:00,AST_0065,SITE_C,SITE_C_B2,35.01,42.21,96.33,17.146,0.815,True,False,0.05499224491598853
2026-08-17 09:15:00,AST_0049,SITE_C,SITE_C_B1,28.54,36.18,100.06,7.399,22.454,True,False,0.20390849026241803
2026-08-17 09:15:00,AST_0015,SITE_A,SITE_A_B2,21.76,35.48,99.5,7.487,53.096,True,False,0.20216955286830945
2026-08-17 09:15:00,AST_0014,SITE_A,SITE_A_B2,21.87,39.04,99.67,7.28,52.592,True,False,0.2216922430057569
2026-08-17 09:15:00,AST_0064,SITE_C,SITE_C_B2,24.01,35.43,101.09,1.2530000000000001,0.192,True,False,0.22387611568830607
2026-08-17 09:15:00,AST_0055,SITE_C,SITE_C_B1,28.08,34.66,98.645,9.322,0.484,True,False,0.2089130416564356
2026-08-17 09:15:00,AST_0013,SITE_A,SITE_A_B2,21.86,36.96,100.27,6.643,45.678,True,False,0.22649436626487002
2026-08-17 09:15:00,AST_0022,SITE_A,SITE_A_B2,29.13,39.77,98.31,10.697,0.546,True,False,0.1776471209051067
2026-08-17 09:15:00,AST_0063,SITE_C,SITE_C_B2,32.44,36.63,96.81,15.951,0.8,True,False,0.09707219328113992
2026-08-17 09:15:00,AST_0023,SITE_B,SITE_B_B1,9.76,37.25,99.42,6.682,344.379,True,False,0.071830592341253
2026-08-17 09:15:00,AST_0024,SITE_B,SITE_B_B1,27.3,41.23,96.68,18.077,114.778,True,False,0.04785107916949083
2026-08-17 09:15:00,AST_0025,SITE_B,SITE_B_B1,21.68,41.67,99.54,7.287,49.213,True,False,0.21525338895392748
2026-08-17 09:15:00,AST_0026,SITE_B,SITE_B_B1,20.93,34.67,99.51,8.281,55.277,True,False,0.19815083955484303
2026-08-17 09:15:00,AST_0035,SITE_B,SITE_B_B2,22.51,31.26,99.4,8.944,60.686,True,False,0.1343345881417375
2026-08-17 09:15:00,AST_0058,SITE_C,SITE_C_B2,26.45,32.68,97.57,15.134,99.332,True,False,0.07427185000700953
2026-08-17 09:30:00,AST_0012,SITE_A,SITE_A_B2,18.15,33.81,97.13,19.284,967.412,False,True,-0.039775680575216854
2026-08-17 09:30:00,AST_0066,SITE_C,SITE_C_B2,23.66,37.84,100.955,0.589,0.155,True,False,0.18881931825532733
2026-08-17 09:30:00,AST_0034,SITE_B,SITE_B_B2,14.7,28.11,97.99,15.278,759.894,False,True,-0.045001905153596033
2026-08-17 09:30:00,AST_0008,SITE_A,SITE_A_B1,34.47,39.02,96.36,17.085,0.843,True,False,0.0695431748325197
2026-08-17 09:30:00,AST_0060,SITE_C,SITE_C_B2,35.96,29.21,96.83,19.677,62.707,False,True,-0.002203757800482209
2026-08-17 09:30:00,AST_0056,SITE_C,SITE_C_B2,15.17,35.72,98.1,15.907,781.405,False,True,-0.002749612886216002
2026-08-17 09:30:00,AST_0021,SITE_A,SITE_A_B2,28.53,35.89,98.51,10.336,0.555,True,False,0.201463819970491
2026-08-17 09:30:00,AST_0001,SITE_A,SITE_A_B1,16.52,32.17,97.8,17.441,874.494,False,True,-0.031832130032988126
2026-08-17 09:45:00,AST_0034,SITE_B,SITE_B_B2,14.47,30.89,98.14,15.315,766.087,False,True,-0.031285881316204134
2026-08-17 09:45:00,AST_0012,SITE_A,SITE_A_B2,17.84,30.43,96.66,19.584,964.531,False,True,-0.0556887692778012
2026-08-17 09:45:00,AST_0056,SITE_C,SITE_C_B2,15.5,35.254999999999995,97.8,15.913,789.566,False,True,-0.0008414136527622462
2026-08-17 09:45:00,AST_0001,SITE_A,SITE_A_B1,15.37,32.86,97.8,17.781,859.029,False,True,-0.02046785912014737
2026-08-17 09:45:00,AST_0061,SITE_C,SITE_C_B2,35.19,30.52,95.73,20.118,64.731,False,True,-0.0353561650929487
2026-08-17 10:00:00,AST_0020,SITE_A,SITE_A_B2,21.99,36.77,101.14,0.815,0.174,True,False,0.22459007417308513
2026-08-17 10:00:00,AST_0001,SITE_A,SITE_A_B1,16.49,34.6,98.47,17.514,945.445,False,True,-0.021546952884587633
2026-08-17 10:00:00,AST_0056,SITE_C,SITE_C_B2,15.62,34.79,98.42,16.186,847.262,False,True,-0.00450742278091576
2026-08-17 10:00:00,AST_0012,SITE_A,SITE_A_B2,17.58,36.4,97.35,19.276,1035.931,False,True,-0.04275093517156281
2026-08-17 10:00:00,AST_0034,SITE_B,SITE_B_B2,14.85,34.0,98.42,15.276,825.358,False,True,-0.004970953039289849
2026-08-17 10:15:00,AST_0056,SITE_C,SITE_C_B2,14.84,37.96,97.96,15.849,848.152,False,True,-0.0064278962665111905
2026-08-17 10:15:00,AST_0034,SITE_B,SITE_B_B2,15.13,37.8,98.0,15.309,824.208,False,True,-0.022891358866249933
2026-08-17 10:15:00,AST_0012,SITE_A,SITE_A_B2,17.16,34.45,97.51,19.572,1046.434,False,True,-0.042984829996702056
2026-08-17 10:15:00,AST_0001,SITE_A,SITE_A_B1,16.51,35.08,97.23,17.473,936.822,False,True,-0.03608356756933484
2026-08-17 10:30:00,AST_0061,SITE_C,SITE_C_B2,35.33,33.52,96.98,20.232,69.234,False,True,-0.006324125617002907
2026-08-17 10:30:00,AST_0034,SITE_B,SITE_B_B2,15.85,33.36,98.24,15.289,827.428,False,True,-0.006779372157480257
2026-08-17 10:30:00,AST_0012,SITE_A,SITE_A_B2,17.64,34.3,96.86,19.241,1043.785,False,True,-0.0457099359269163
2026-08-17 10:30:00,AST_0018,SITE_A,SITE_A_B2,22.52,31.52,101.47,0.574,0.025,True,False,0.14620543376149375
2026-08-17 10:30:00,AST_0001,SITE_A,SITE_A_B1,16.32,35.57,97.7,17.571,934.806,False,True,-0.027774581372064344
2026-08-17 10:30:00,AST_0056,SITE_C,SITE_C_B2,15.39,30.97,98.15,15.932,840.051,False,True,-0.016656288446067147
2026-08-17 10:30:00,AST_0055,SITE_C,SITE_C_B1,29.64,37.77,99.14,48.39495223563864,2.2579959774835454,True,False,0.12528328517409937
2026-08-17 10:45:00,AST_0012,SITE_A,SITE_A_B2,16.16,38.1,97.46,19.483,1044.161,False,True,-0.0379443779713875
2026-08-17 10:45:00,AST_0056,SITE_C,SITE_C_B2,16.49,36.62,97.64,16.216,841.965,False,True,-0.013195309899071694
2026-08-17 10:45:00,AST_0034,SITE_B,SITE_B_B2,15.48,35.46,97.89,15.483,820.45,False,True,-0.00546508185995398
2026-08-17 10:45:00,AST_0001,SITE_A,SITE_A_B1,16.15,32.13,97.35,17.576,946.454,False,True,-0.039234564891835744
2026-08-17 11:00:00,AST_0012,SITE_A,SITE_A_B2,17.46,33.0,97.77,19.663,1101.75,False,True,-0.03785555419664266
2026-08-17 11:00:00,AST_0056,SITE_C,SITE_C_B2,15.07,42.85,98.2,16.153,897.833,False,True,-0.012590155926265445
2026-08-17 11:00:00,AST_0001,SITE_A,SITE_A_B1,17.58,34.98,98.09,17.789,1004.603,False,True,-0.025157344918674496
2026-08-17 11:00:00,AST_0034,SITE_B,SITE_B_B2,15.69,36.33,98.46,15.367,865.852,False,True,-0.014253484419542328
2026-08-17 11:15:00,AST_0045,SITE_C,SITE_C_B1,8.25,30.94,101.16,25.631269508853237,1332.636775669196,True,True,-0.056838009456077976
2026-08-17 11:15:00,AST_0001,SITE_A,SITE_A_B1,16.45,37.64,97.21,17.569,1007.859,False,True,-0.04749988309185038
2026-08-17 11:15:00,AST_0012,SITE_A,SITE_A_B2,17.56,28.57,96.85,19.41,1099.056,False,True,-0.05762284574392951
2026-08-17 11:15:00,AST_0056,SITE_C,SITE_C_B2,15.84,39.61,97.29,15.834,902.341,False,True,-0.023511310423825038
2026-08-17 11:15:00,AST_0034,SITE_B,SITE_B_B2,14.76,34.32,97.6,15.276,884.553,False,True,-0.03009668110480601
2026-08-17 11:30:00,AST_0056,SITE_C,SITE_C_B2,16.14,36.94,97.6,15.929,911.229,False,True,-0.0191048454719861
2026-08-17 11:30:00,AST_0001,SITE_A,SITE_A_B1,15.71,33.79,97.77,17.605,990.629,False,True,-0.03360767235491402
2026-08-17 11:30:00,AST_0012,SITE_A,SITE_A_B2,17.92,34.21,96.99,19.829,1115.374,False,True,-0.04682973379277011
2026-08-17 11:30:00,AST_0034,SITE_B,SITE_B_B2,14.33,32.48,98.09,15.357,874.731,False,True,-0.018714642082410027
2026-08-17 11:45:00,AST_0034,SITE_B,SITE_B_B2,15.15,39.14,97.12,15.354,878.853,False,True,-0.021414054650557124
2026-08-17 11:45:00,AST_0001,SITE_A,SITE_A_B1,16.27,37.48,98.33,17.843,996.699,False,True,-0.022577750262517737
2026-08-17 11:45:00,AST_0056,SITE_C,SITE_C_B2,14.35,30.56,97.19,16.025,907.801,False,True,-0.04228586117721922
2026-08-17 11:45:00,AST_0062,SITE_C,SITE_C_B2,22.96,40.28,100.73,1.367,0.035,True,False,0.253638634665423
2026-08-17 11:45:00,AST_0012,SITE_A,SITE_A_B2,18.47,35.53,96.99,19.718,1107.609,False,True,-0.037631833650332513
2026-08-17 12:00:00,AST_0001,SITE_A,SITE_A_B1,17.86,39.11,97.52,17.851,1049.833,False,True,-0.026574991895503386
2026-08-17 12:00:00,AST_0012,SITE_A,SITE_A_B2,16.81,38.78,96.94,19.549,1157.167,False,True,-0.05671340379593082
2026-08-17 12:00:00,AST_0034,SITE_B,SITE_B_B2,15.61,38.91,98.27,15.532,901.353,False,True,-0.038922516763812864
2026-08-17 12:00:00,AST_0061,SITE_C,SITE_C_B2,35.86,32.62,96.29,20.376,78.148,False,True,-0.01680602358837624
2026-08-17 12:00:00,AST_0056,SITE_C,SITE_C_B2,15.09,32.14,98.01,16.132,948.22,False,True,-0.026867190593152235
2026-08-17 12:15:00,AST_0060,SITE_C,SITE_C_B2,35.23,30.66,96.69,19.394,75.466,False,True,-0.002626528571317399
2026-08-17 12:15:00,AST_0001,SITE_A,SITE_A_B1,16.5,36.34,97.2,17.601,1040.98,False,True,-0.04106791828555345
2026-08-17 12:15:00,AST_0012,SITE_A,SITE_A_B2,17.25,36.06,96.75,19.61,1147.719,False,True,-0.04956023247766872
2026-08-17 12:15:00,AST_0034,SITE_B,SITE_B_B2,15.63,34.32,98.15,15.254,921.213,False,True,-0.021838966115502956
2026-08-17 12:15:00,AST_0056,SITE_C,SITE_C_B2,14.81,35.22,98.28,15.966,951.062,False,True,-0.014872330324915861
2026-08-17 12:30:00,AST_0001,SITE_A,SITE_A_B1,15.43,33.76,97.14,17.428,1050.221,False,True,-0.040043212202741874
2026-08-17 12:30:00,AST_0056,SITE_C,SITE_C_B2,15.63,29.02,97.62,15.927,939.241,False,True,-0.03602189604181705
2026-08-17 12:30:00,AST_0034,SITE_B,SITE_B_B2,13.7,39.17,98.2,15.314,917.571,False,True,-0.011413018413800935
2026-08-17 12:30:00,AST_0012,SITE_A,SITE_A_B2,18.44,35.08,97.14,19.292,1155.027,False,True,-0.04434005741422353
2026-08-17 12:45:00,AST_0034,SITE_B,SITE_B_B2,15.52,33.51,97.55,15.438,931.811,False,True,-0.024839240357147352
2026-08-17 12:45:00,AST_0012,SITE_A,SITE_A_B2,15.82,35.64,96.9,19.658,1157.165,False,True,-0.04926408989700548
2026-08-17 12:45:00,AST_0001,SITE_A,SITE_A_B1,15.69,34.8,96.99,17.588,1043.71,False,True,-0.04087480779907271
2026-08-17 12:45:00,AST_0056,SITE_C,SITE_C_B2,15.28,35.81,97.81,15.632,944.854,False,True,-0.01868172471439733
2026-08-17 13:00:00,AST_0034,SITE_B,SITE_B_B2,15.41,33.34,97.695,15.301,946.051,False,True,-0.032739687130901585
2026-08-17 13:00:00,AST_0001,SITE_A,SITE_A_B1,15.99,35.32,98.03,17.313,1073.401,False,True,-0.027389652339865123
2026-08-17 13:00:00,AST_0012,SITE_A,SITE_A_B2,17.97,38.54,97.69,19.554,1183.062,False,True,-0.035887749987709716
2026-08-17 13:00:00,AST_0056,SITE_C,SITE_C_B2,14.55,35.38,97.62,16.119,965.994,False,True,-0.022377904879996358
2026-08-17 13:15:00,AST_0034,SITE_B,SITE_B_B2,16.15,28.26,97.84,15.368,931.097,False,True,-0.03361233261247565
2026-08-17 13:15:00,AST_0001,SITE_A,SITE_A_B1,16.95,37.47,97.18,17.67,1073.862,False,True,-0.03767184261477041
2026-08-17 13:15:00,AST_0056,SITE_C,SITE_C_B2,16.24,40.56,98.0,15.976,972.691,False,True,-0.013157292459656134
2026-08-17 13:15:00,AST_0012,SITE_A,SITE_A_B2,17.53,36.1,96.74,19.333,1184.532,False,True,-0.06896124690260441
2026-08-17 13:30:00,AST_0012,SITE_A,SITE_A_B2,18.13,42.47,97.39,19.509,1181.431,False,True,-0.03634430547226397
2026-08-17 13:30:00,AST_0001,SITE_A,SITE_A_B1,16.82,35.41,98.07,17.571,1072.838,False,True,-0.047000455656860174
2026-08-17 13:30:00,AST_0056,SITE_C,SITE_C_B2,14.21,32.1,98.4,15.747,969.769,False,True,-0.02066199649646172
2026-08-17 13:30:00,AST_0034,SITE_B,SITE_B_B2,16.03,36.87,97.93,15.341,943.022,False,True,-0.015065348591962291
2026-08-17 13:45:00,AST_0061,SITE_C,SITE_C_B2,35.39,30.56,96.83,20.231,79.284,False,True,-0.03235101940880003
2026-08-17 13:45:00,AST_0012,SITE_A,SITE_A_B2,17.71,36.81,96.9,19.523,1186.065,False,True,-0.043721176880188395
2026-08-17 13:45:00,AST_0034,SITE_B,SITE_B_B2,14.05,31.35,98.13,15.409,933.201,False,True,-0.02581160559227691
2026-08-17 13:45:00,AST_0056,SITE_C,SITE_C_B2,16.66,38.93,98.21,15.993,959.112,False,True,-0.034565176850706036
2026-08-17 13:45:00,AST_0001,SITE_A,SITE_A_B1,16.25,35.37,96.57,17.737,1072.45,False,True,-0.05132578814858757
2026-08-17 14:00:00,AST_0057,SITE_C,SITE_C_B2,28.99,31.56,96.98,18.535,145.364,False,True,-0.007187431850386061
2026-08-17 14:00:00,AST_0056,SITE_C,SITE_C_B2,15.61,37.86,97.21,15.866,988.26,False,True,-0.028011619212315986
2026-08-17 14:00:00,AST_0001,SITE_A,SITE_A_B1,16.51,37.28,97.35,17.645,1086.852,False,True,-0.03700140530198748
2026-08-17 14:00:00,AST_0012,SITE_A,SITE_A_B2,18.09,35.34,96.82,19.505,1197.057,False,True,-0.04480567602348651
2026-08-17 14:00:00,AST_0034,SITE_B,SITE_B_B2,15.8,36.11,98.38,15.176,951.145,False,True,-0.011563764452426684
2026-08-17 14:15:00,AST_0012,SITE_A,SITE_A_B2,18.61,35.11,97.16,19.55,1190.606,False,True,-0.042542079663371535
2026-08-17 14:15:00,AST_0001,SITE_A,SITE_A_B1,16.49,35.31,97.87,17.59,1081.0355,False,True,-0.03793883159270628
2026-08-17 14:15:00,AST_0034,SITE_B,SITE_B_B2,16.14,32.54,97.2,15.243,946.34,False,True,-0.035712563434919686
2026-08-17 14:15:00,AST_0056,SITE_C,SITE_C_B2,15.51,38.26,98.12,16.13,979.03,False,True,-0.014038709038685537
2026-08-17 14:30:00,AST_0012,SITE_A,SITE_A_B2,17.7,31.85,97.0,19.373,1193.913,False,True,-0.060969760318899335
2026-08-17 14:30:00,AST_0001,SITE_A,SITE_A_B1,16.83,30.92,97.7,17.704,1075.219,False,True,-0.04204272964645839
2026-08-17 14:30:00,AST_0061,SITE_C,SITE_C_B2,34.82,32.64,97.1,20.138,80.497,False,True,-0.003259658182349967
2026-08-17 14:30:00,AST_0056,SITE_C,SITE_C_B2,16.15,33.12,98.13,15.89,988.732,False,True,-0.020426996476778148
2026-08-17 14:30:00,AST_0034,SITE_B,SITE_B_B2,14.04,34.8,97.88,15.605,949.752,False,True,-0.02048799521336142
2026-08-17 14:45:00,AST_0001,SITE_A,SITE_A_B1,17.71,34.24,97.65,17.556,1083.569,False,True,-0.026047825324417184
2026-08-17 14:45:00,AST_0056,SITE_C,SITE_C_B2,15.97,34.49,98.28,15.956,978.183,False,True,-0.014556351231182596
2026-08-17 14:45:00,AST_0012,SITE_A,SITE_A_B2,17.55,39.54,96.86,19.639,1207.017,False,True,-0.04043719376307153
2026-08-17 14:45:00,AST_0034,SITE_B,SITE_B_B2,15.46,37.1,98.87,15.335,949.391,False,True,-0.003250361034078164
2026-08-17 15:00:00,AST_0056,SITE_C,SITE_C_B2,15.97,25.87,98.1,16.022,966.207,False,True,-0.025791026305205356
2026-08-17 15:00:00,AST_0012,SITE_A,SITE_A_B2,17.94,32.76,96.65,19.327,1187.841,False,True,-0.0518168752498952
2026-08-17 15:00:00,AST_0001,SITE_A,SITE_A_B1,17.94,35.45,96.89,17.746,1079.539,False,True,-0.054679856886841516
2026-08-17 15:00:00,AST_0034,SITE_B,SITE_B_B2,14.82,30.9,97.71,15.346,943.524,False,True,-0.031073247612844024
2026-08-17 15:15:00,AST_0001,SITE_A,SITE_A_B1,15.92,32.46,97.44,17.597,1069.56,False,True,-0.04322686360446715
2026-08-17 15:15:00,AST_0034,SITE_B,SITE_B_B2,15.11,32.8,97.94,15.344,937.524,False,True,-0.02055907443906113
2026-08-17 15:15:00,AST_0056,SITE_C,SITE_C_B2,15.19,33.78,97.84,15.972,976.832,False,True,-0.0191352772602138
2026-08-17 15:15:00,AST_0012,SITE_A,SITE_A_B2,16.73,32.62,97.43,19.519,1186.794,False,True,-0.04166863302562329
2026-08-17 15:30:00,AST_0012,SITE_A,SITE_A_B2,18.1,33.14,97.89,19.498,1188.851,False,True,-0.03575586095473593
2026-08-17 15:30:00,AST_0034,SITE_B,SITE_B_B2,14.82,34.09,97.53,15.595,933.19,False,True,-0.03390853963556395
2026-08-17 15:30:00,AST_0056,SITE_C,SITE_C_B2,15.5,28.22,98.03,16.029,974.973,False,True,-0.03197708625650275
2026-08-17 15:30:00,AST_0001,SITE_A,SITE_A_B1,17.23,32.77,97.14,17.666,1075.573,False,True,-0.04455546811416922
2026-08-17 15:45:00,AST_0001,SITE_A,SITE_A_B1,17.42,34.49,97.83,17.735,1073.815,False,True,-0.03793883159270628
2026-08-17 15:45:00,AST_0034,SITE_B,SITE_B_B2,14.53,37.61,98.82,15.42,931.319,False,True,-0.00591114274529525
2026-08-17 15:45:00,AST_0012,SITE_A,SITE_A_B2,17.57,34.45,96.7,19.415,1178.364,False,True,-0.05024999960030008
2026-08-17 15:45:00,AST_0056,SITE_C,SITE_C_B2,14.88,39.22,98.25,15.899,980.375,False,True,-0.005574348585644429
2026-08-17 16:00:00,AST_0034,SITE_B,SITE_B_B2,15.57,27.84,97.92,15.453,915.228,False,True,-0.02788268362657509
2026-08-17 16:00:00,AST_0056,SITE_C,SITE_C_B2,15.08,35.67,98.47,15.985,940.256,False,True,-0.012714607192716332
2026-08-17 16:00:00,AST_0001,SITE_A,SITE_A_B1,15.89,36.44,96.85,17.737,1038.576,False,True,-0.05482053619504679
2026-08-17 16:00:00,AST_0012,SITE_A,SITE_A_B2,17.87,33.38,96.73,19.549,1147.615,False,True,-0.058471282307854366
2026-08-17 16:15:00,AST_0056,SITE_C,SITE_C_B2,15.6,34.26,98.16,82.19909694699913,4260.563483853513,True,True,-0.04618089125609437
2026-08-17 16:15:00,AST_0034,SITE_B,SITE_B_B2,15.38,31.9,97.61,15.36,915.611,False,True,-0.04979870404639697
2026-08-17 16:15:00,AST_0001,SITE_A,SITE_A_B1,16.32,37.75,97.63,17.653,1043.087,False,True,-0.030821007119293253
2026-08-17 16:15:00,AST_0012,SITE_A,SITE_A_B2,17.95,40.6,96.9,19.614,1150.279,False,True,-0.04388106523382784
2026-08-17 16:30:00,AST_0034,SITE_B,SITE_B_B2,14.67,31.96,97.81,15.458,910.602,False,True,-0.04174587863092283
2026-08-17 16:30:00,AST_0061,SITE_C,SITE_C_B2,35.73,32.02,96.22,20.361,78.509,False,True,-0.00885836874539736
2026-08-17 16:30:00,AST_0001,SITE_A,SITE_A_B1,15.47,31.54,97.98,17.831,1040.131,False,True,-0.035670301997707266
2026-08-17 16:30:00,AST_0056,SITE_C,SITE_C_B2,14.74,36.25,98.13,15.857,943.991,False,True,-0.010937001661700307
2026-08-17 16:30:00,AST_0012,SITE_A,SITE_A_B2,19.02,33.73,97.39,19.577,1157.406,False,True,-0.04123576690295738
2026-08-17 16:45:00,AST_0012,SITE_A,SITE_A_B2,17.78,33.96,97.16,19.425,1165.854,False,True,-0.050426179965449736
2026-08-17 16:45:00,AST_0056,SITE_C,SITE_C_B2,16.25,33.93,97.75,16.13,937.159,False,True,-0.024062100348134052
2026-08-17 16:45:00,AST_0034,SITE_B,SITE_B_B2,14.27,26.45,98.11,15.595,908.336,False,True,-0.02866404776899001
2026-08-17 16:45:00,AST_0001,SITE_A,SITE_A_B1,16.54,31.94,97.88,17.671,1040.533,False,True,-0.04001489540944714
2026-08-17 17:00:00,AST_0012,SITE_A,SITE_A_B2,17.24,36.62,97.36,19.528,1100.013,False,True,-0.042579943275890875
2026-08-17 17:00:00,AST_0001,SITE_A,SITE_A_B1,16.31,37.0,97.5,17.408,1005.835,False,True,-0.02873941567100735
2026-08-17 17:00:00,AST_0056,SITE_C,SITE_C_B2,14.85,34.72,98.26,15.966,904.52,False,True,-0.03238006827012685
2026-08-17 17:00:00,AST_0034,SITE_B,SITE_B_B2,14.28,39.08,97.74,15.531,880.176,False,True,-0.012275284179900758
2026-08-17 17:15:00,AST_0034,SITE_B,SITE_B_B2,15.36,32.86,97.04,15.564,880.62,False,True,-0.031260341376497136
2026-08-17 17:15:00,AST_0001,SITE_A,SITE_A_B1,15.34,25.69,97.76,17.584,992.905,False,True,-0.0377642217568086
2026-08-17 17:15:00,AST_0012,SITE_A,SITE_A_B2,16.65,35.27,96.94,19.668,1102.705,False,True,-0.04865721439476933
2026-08-17 17:15:00,AST_0056,SITE_C,SITE_C_B2,14.94,32.49,97.79,16.039,904.817,False,True,-0.02662849698723968
2026-08-17 17:30:00,AST_0034,SITE_B,SITE_B_B2,14.33,37.68,98.11,15.362,870.015,False,True,-0.00912703119395808
2026-08-17 17:30:00,AST_0001,SITE_A,SITE_A_B1,15.72,34.92,97.73,17.703,974.5783333333333,False,True,-0.029027826351562647
2026-08-17 17:30:00,AST_0012,SITE_A,SITE_A_B2,17.35,29.89,96.37,19.433,1109.066,False,True,-0.0641367487238127
2026-08-17 17:30:00,AST_0056,SITE_C,SITE_C_B2,15.03,37.88,97.41,16.07,908.5,False,True,-0.02316085326943562
2026-08-17 17:45:00,AST_0056,SITE_C,SITE_C_B2,14.97,34.54,98.75,15.934,910.057,False,True,-0.007966305427241416
2026-08-17 17:45:00,AST_0012,SITE_A,SITE_A_B2,17.67,33.67,97.27,19.72,1104.022,False,True,-0.05017471850785582
2026-08-17 17:45:00,AST_0001,SITE_A,SITE_A_B1,16.26,32.68,97.21,17.635,956.2516666666667,False,True,-0.04020689372984465
2026-08-17 17:45:00,AST_0034,SITE_B,SITE_B_B2,15.97,40.46,98.58,15.491,868.535,False,True,-0.00025529146878600084
2026-08-17 18:00:00,AST_0034,SITE_B,SITE_B_B2,15.18,33.6,98.13,15.352,830.782,False,True,-0.006525271764202922
2026-08-17 18:00:00,AST_0046,SITE_C,SITE_C_B1,24.96,32.83,98.06,67.43127789296373,418.6937491262353,True,False,0.0028033566195155846
2026-08-17 18:00:00,AST_0001,SITE_A,SITE_A_B1,15.55,32.36,97.77,17.877,937.925,False,True,-0.03466973379695004
2026-08-17 18:00:00,AST_0056,SITE_C,SITE_C_B2,15.01,32.76,97.67,16.15,857.444,False,True,-0.020233674295012882
2026-08-17 18:00:00,AST_0012,SITE_A,SITE_A_B2,18.14,32.05,97.57,19.373,1048.974,False,True,-0.042513057157452905
2026-08-17 18:15:00,AST_0034,SITE_B,SITE_B_B2,15.88,37.64,97.61,15.537,823.958,False,True,-0.012108962599653772
2026-08-17 18:15:00,AST_0001,SITE_A,SITE_A_B1,16.66,33.25,97.58,17.503,934.06,False,True,-0.03156499909230326
2026-08-17 18:15:00,AST_0056,SITE_C,SITE_C_B2,15.86,37.62,97.58,16.032,856.054,False,True,-0.0266324206857943
2026-08-17 18:15:00,AST_0012,SITE_A,SITE_A_B2,17.48,31.69,96.54,19.989,1044.659,False,True,-0.05984940215363299
2026-08-17 18:30:00,AST_0001,SITE_A,SITE_A_B1,15.51,36.27,96.99,17.643,932.695,False,True,-0.039140512470265065
2026-08-17 18:30:00,AST_0012,SITE_A,SITE_A_B2,18.24,34.37,97.06,19.742,1036.0,False,True,-0.06809923874032942
2026-08-17 18:30:00,AST_0034,SITE_B,SITE_B_B2,16.21,37.49,98.36,15.549,822.13,False,True,-0.0034649266611113116
2026-08-17 18:30:00,AST_0056,SITE_C,SITE_C_B2,15.71,34.66,98.3,16.04,857.458,False,True,-0.009865377138737474
2026-08-17 18:45:00,AST_0012,SITE_A,SITE_A_B2,18.33,35.05,97.21,19.737,1036.142,False,True,-0.04432007120340142
2026-08-17 18:45:00,AST_0034,SITE_B,SITE_B_B2,14.35,39.0,97.43,15.291,828.802,False,True,-0.012993274825073398
2026-08-17 18:45:00,AST_0001,SITE_A,SITE_A_B1,15.87,35.63,97.96,17.731,943.762,False,True,-0.047391109528928665
2026-08-17 18:45:00,AST_0056,SITE_C,SITE_C_B2,15.99,38.09,97.53,16.13,853.456,False,True,-0.013883471086588606
2026-08-17 19:00:00,AST_0001,SITE_A,SITE_A_B1,17.43,37.5,97.72,17.783,876.458,False,True,-0.01933083115616241
2026-08-17 19:00:00,AST_0034,SITE_B,SITE_B_B2,15.56,35.01,97.55,15.461,761.987,False,True,-0.01385869890927549
2026-08-17 19:00:00,AST_0056,SITE_C,SITE_C_B2,15.26,38.86,97.81,16.262,802.772,False,True,-0.003986619690462434
2026-08-17 19:00:00,AST_0012,SITE_A,SITE_A_B2,17.61,34.16,96.69,19.551,967.833,False,True,-0.04814033306821697
2026-08-17 19:15:00,AST_0034,SITE_B,SITE_B_B2,14.49,29.98,97.72,15.471,763.861,False,True,-0.0187337560243257
2026-08-17 19:15:00,AST_0012,SITE_A,SITE_A_B2,19.46,37.61,97.07,19.56,974.617,False,True,-0.03702831413782737
2026-08-17 19:15:00,AST_0001,SITE_A,SITE_A_B1,17.55,35.5,97.06,17.773,878.664,False,True,-0.032034862489596416
2026-08-17 19:15:00,AST_0056,SITE_C,SITE_C_B2,15.0,34.55,97.75,15.614,789.912,False,True,-0.006464521171894555
2026-08-17 19:30:00,AST_0034,SITE_B,SITE_B_B2,15.88,35.52,97.87,15.419,765.138,False,True,-0.002486955039179062
2026-08-17 19:30:00,AST_0001,SITE_A,SITE_A_B1,16.69,35.41,97.19,17.77,872.922,False,True,-0.04643745198502247
2026-08-17 19:30:00,AST_0012,SITE_A,SITE_A_B2,18.04,39.14,96.76,19.487,984.386,False,True,-0.041855561180049294
2026-08-17 19:30:00,AST_0056,SITE_C,SITE_C_B2,15.79,30.76,97.85,15.8435,788.978,False,True,-0.01809939433644603
2026-08-17 19:45:00,AST_0012,SITE_A,SITE_A_B2,17.84,35.31,97.41,19.685,975.886,False,True,-0.036148894614947635
2026-08-17 19:45:00,AST_0034,SITE_B,SITE_B_B2,14.42,37.02,98.27,15.508,770.782,False,True,-0.014975643378950743
2026-08-17 19:45:00,AST_0056,SITE_C,SITE_C_B2,15.33,34.41,98.03,16.073,796.142,False,True,-0.005532998569653724
2026-08-17 19:45:00,AST_0001,SITE_A,SITE_A_B1,15.88,29.51,98.02,17.439,874.527,False,True,-0.037745717514937605
2026-08-17 20:15:00,AST_0048,SITE_C,SITE_C_B1,23.23,33.94,99.55,48.73380287831685,87.98071751787684,True,False,0.11456697880201228
2026-08-17 22:30:00,AST_0018,SITE_A,SITE_A_B2,22.99,36.16,101.22,0.808,0.029,True,False,0.2655551709029551
2026-08-17 22:30:00,AST_0019,SITE_A,SITE_A_B2,31.01,38.39,97.95,56.24920668458281,0.7211164798350644,True,False,0.12173634935618116
2026-08-17 22:45:00,AST_0018,SITE_A,SITE_A_B2,22.72,34.74,101.48,2.3618395541899093,0.0,True,False,0.25203293255110815
2026-08-17 23:00:00,AST_0004,SITE_A,SITE_A_B1,25.49,32.87,98.67,68.56920915568907,124.78920683545788,True,False,0.08176956228899301
2026-08-18 00:45:00,AST_0013,SITE_A,SITE_A_B2,19.72,33.39,99.71,33.37931703994304,68.3348004203703,True,False,0.11535796304931623
2026-08-18 02:15:00,AST_0020,SITE_A,SITE_A_B2,24.75,31.67,101.04,3.171035118794589,0.1307023619701054,True,False,0.23372675711770702
2026-08-18 04:00:00,AST_0007,SITE_A,SITE_A_B1,26.32,37.03,100.05,5.994,0.029,True,False,0.2881237360970252
2026-08-18 04:00:00,AST_0058,SITE_C,SITE_C_B2,26.63,36.59,98.48,78.37564790424203,144.89934266685825,True,False,0.07299758634164755
2026-08-18 04:15:00,AST_0012,SITE_A,SITE_A_B2,18.09,30.39,96.81,19.744,311.128,False,True,-0.0006388822089806734
2026-08-18 05:15:00,AST_0041,SITE_B,SITE_B_B2,30.4,33.01,98.42,61.97426530416092,0.8653397758020773,True,False,0.12542874564110496
2026-08-18 05:15:00,AST_0004,SITE_A,SITE_A_B1,25.21,38.98,98.03,68.24553092984719,123.3289459637919,True,False,0.07691185016688096
2026-08-18 08:00:00,AST_0012,SITE_A,SITE_A_B2,17.87,38.47,96.53,19.836,895.913,False,True,-0.04263025161573142
2026-08-18 08:00:00,AST_0001,SITE_A,SITE_A_B1,17.44,34.16,97.28,17.552,808.719,False,True,-0.03136565202725439
2026-08-18 08:00:00,AST_0056,SITE_C,SITE_C_B2,15.76,39.7,97.33,15.91,723.511,False,True,-0.009331953050314756
2026-08-18 08:15:00,AST_0012,SITE_A,SITE_A_B2,18.64,34.58,96.59,19.951,906.221,False,True,-0.04663220767794074
2026-08-18 08:15:00,AST_0060,SITE_C,SITE_C_B2,35.2,38.05,96.86,19.839,58.877,False,True,-0.0007328633260638151
2026-08-18 08:15:00,AST_0056,SITE_C,SITE_C_B2,15.42,30.91,98.19,16.0845,735.925,False,True,-0.00253802069528386
2026-08-18 08:15:00,AST_0001,SITE_A,SITE_A_B1,16.73,32.19,97.14,17.597,807.08,False,True,-0.03433071549562594
2026-08-18 08:30:00,AST_0001,SITE_A,SITE_A_B1,17.49,39.48,96.95,17.813,803.035,False,True,-0.023728816620178228
2026-08-18 08:30:00,AST_0056,SITE_C,SITE_C_B2,15.72,36.75,97.18,16.259,757.536,False,True,-0.03975656085037893
2026-08-18 08:30:00,AST_0012,SITE_A,SITE_A_B2,18.01,33.57,97.01,19.853,886.709,False,True,-0.042450523637635795
2026-08-18 08:45:00,AST_0056,SITE_C,SITE_C_B2,16.34,33.4,97.51,16.163,728.704,False,True,-0.011549202558965965
2026-08-18 08:45:00,AST_0012,SITE_A,SITE_A_B2,18.52,34.8,96.68,20.035,892.049,False,True,-0.05167840014279457
2026-08-18 08:45:00,AST_0001,SITE_A,SITE_A_B1,16.48,37.68,97.86,17.845,809.043,False,True,-0.014902495725607756
2026-08-18 09:00:00,AST_0012,SITE_A,SITE_A_B2,18.87,35.07,97.01,19.591,980.728,False,True,-0.04133452803867643
2026-08-18 09:00:00,AST_0056,SITE_C,SITE_C_B2,15.29,35.9,97.43,15.994,795.51,False,True,-0.013064938648556401
2026-08-18 09:00:00,AST_0001,SITE_A,SITE_A_B1,16.2,35.77,98.37,17.887,884.06,False,True,-0.02330036035916494
2026-08-18 09:15:00,AST_0040,SITE_B,SITE_B_B2,22.25,35.69,100.05,4.845058443070521,0.0766186259824756,True,False,0.24037713583149173
2026-08-18 09:15:00,AST_0001,SITE_A,SITE_A_B1,16.59,39.0,97.3,17.929,886.554,False,True,-0.03273444355528221
2026-08-18 09:15:00,AST_0061,SITE_C,SITE_C_B2,35.1,31.99,96.82,20.319,65.495,False,True,-0.016493541124194877
2026-08-18 09:15:00,AST_0012,SITE_A,SITE_A_B2,17.34,34.45,97.45,19.605,985.415,False,True,-0.04127754697544839
2026-08-18 09:30:00,AST_0001,SITE_A,SITE_A_B1,15.82,34.15,97.92,17.913,886.05,False,True,-0.027687508304045094
2026-08-18 09:30:00,AST_0012,SITE_A,SITE_A_B2,19.13,39.93,96.8,19.45,976.026,False,True,-0.036544135108822484
2026-08-18 09:30:00,AST_0056,SITE_C,SITE_C_B2,16.19,37.13,97.56,16.225,803.418,False,True,-0.010815808115453907
2026-08-18 09:30:00,AST_0034,SITE_B,SITE_B_B2,14.53,35.02,97.87,15.367,771.871,False,True,-0.030805586224604053
2026-08-18 09:45:00,AST_0012,SITE_A,SITE_A_B2,17.35,32.46,98.0,19.676,983.65,False,True,-0.04012047339271285
2026-08-18 09:45:00,AST_0034,SITE_B,SITE_B_B2,14.94,32.36,97.72,15.436,771.82,False,True,-0.009644614030484666
2026-08-18 09:45:00,AST_0001,SITE_A,SITE_A_B1,16.56,37.1,98.02,17.791,882.435,False,True,-0.021097646811045534
2026-08-18 09:45:00,AST_0009,SITE_A,SITE_A_B1,32.27,39.51,97.88,77.21242928012279,0.7695000000000001,True,False,0.08839683981392399
2026-08-18 09:45:00,AST_0056,SITE_C,SITE_C_B2,15.14,32.58,97.9,16.28,804.174,False,True,-0.012497954716005122
2026-08-18 09:45:00,AST_0027,SITE_B,SITE_B_B1,26.02,32.72,101.08,25.160924586926765,69.10549365819402,True,False,0.04201273162874508
2026-08-18 10:00:00,AST_0027,SITE_B,SITE_B_B1,25.59,36.85,101.08,15.091462293463383,16.764,True,False,0.1622228552213386
2026-08-18 10:00:00,AST_0001,SITE_A,SITE_A_B1,16.41,39.41,97.6,17.99,958.672,False,True,-0.026708585468058765
2026-08-18 10:00:00,AST_0012,SITE_A,SITE_A_B2,18.12,38.28,96.59,19.9,1051.112,False,True,-0.0441685935638263
2026-08-18 10:00:00,AST_0056,SITE_C,SITE_C_B2,15.93,34.65,98.2,16.204,868.384,False,True,-0.010766159201394676
2026-08-18 10:00:00,AST_0034,SITE_B,SITE_B_B2,15.26,30.92,97.84,15.353,828.688,False,True,-0.02420247186111113
2026-08-18 10:15:00,AST_0034,SITE_B,SITE_B_B2,15.19,37.31,97.82,15.312,825.413,False,True,-0.0042156776605432045
2026-08-18 10:15:00,AST_0056,SITE_C,SITE_C_B2,16.1,35.17,97.9,16.327,859.454,False,True,-0.015354202711584941
2026-08-18 10:15:00,AST_0001,SITE_A,SITE_A_B1,17.16,42.24,97.45,17.66,949.493,False,True,-0.04620746563424549
2026-08-18 10:15:00,AST_0012,SITE_A,SITE_A_B2,17.76,41.38,96.29,20.008,1039.227,False,True,-0.04785686074521378
2026-08-18 10:30:00,AST_0056,SITE_C,SITE_C_B2,15.18,31.87,98.46,16.093,863.403,False,True,-0.01381777903879966
2026-08-18 10:30:00,AST_0012,SITE_A,SITE_A_B2,17.86,32.14,97.34,19.757,1050.639,False,True,-0.04918133283385262
2026-08-18 10:30:00,AST_0001,SITE_A,SITE_A_B1,16.14,34.51,97.5,18.13,957.346,False,True,-0.03278400927031533
2026-08-18 10:30:00,AST_0034,SITE_B,SITE_B_B2,14.52,36.4,97.47,15.688,821.241,False,True,-0.01168073495325328
2026-08-18 10:45:00,AST_0060,SITE_C,SITE_C_B2,34.83,26.09,96.61,20.117,69.117,False,True,-0.009346550481122096
2026-08-18 10:45:00,AST_0034,SITE_B,SITE_B_B2,14.31,35.78,98.03,15.565,846.217,False,True,-0.011475113677603677
2026-08-18 10:45:00,AST_0056,SITE_C,SITE_C_B2,14.99,38.5,98.38,16.149,873.287,False,True,-0.0029867274311279335
2026-08-18 10:45:00,AST_0061,SITE_C,SITE_C_B2,36.07,35.91,96.5,20.289,70.623,False,True,-0.008279339699639232
2026-08-18 10:45:00,AST_0012,SITE_A,SITE_A_B2,17.54,38.14,97.45,19.96,1050.291,False,True,-0.03749924010439487
2026-08-18 10:45:00,AST_0001,SITE_A,SITE_A_B1,16.59,30.47,97.04,17.935,945.254,False,True,-0.050990307878656216
2026-08-18 11:00:00,AST_0001,SITE_A,SITE_A_B1,16.33,38.26,97.02,17.74,1015.625,False,True,-0.039358192282003435
2026-08-18 11:00:00,AST_0034,SITE_B,SITE_B_B2,14.85,30.85,97.77,15.657,890.602,False,True,-0.022757119852990004
2026-08-18 11:00:00,AST_0056,SITE_C,SITE_C_B2,16.27,40.0,97.9,16.051,908.867,False,True,-0.011763946404119818
2026-08-18 11:00:00,AST_0012,SITE_A,SITE_A_B2,17.53,33.59,96.93,19.644,1122.02,False,True,-0.039892322666530755
2026-08-18 11:15:00,AST_0034,SITE_B,SITE_B_B2,14.56,33.88,98.03,15.316,886.71,False,True,-0.014557501886832247
2026-08-18 11:15:00,AST_0056,SITE_C,SITE_C_B2,14.83,35.67,97.86,16.293,911.621,False,True,-0.017141927819440794
2026-08-18 11:15:00,AST_0001,SITE_A,SITE_A_B1,16.54,39.48,97.97,17.933,1010.338,False,True,-0.024471702361341774
2026-08-18 11:15:00,AST_0012,SITE_A,SITE_A_B2,18.28,36.3,96.35,19.705,1119.609,False,True,-0.0473627843654536
2026-08-18 11:30:00,AST_0012,SITE_A,SITE_A_B2,18.51,37.62,96.62,19.799,1113.247,False,True,-0.05571875390580561
2026-08-18 11:30:00,AST_0034,SITE_B,SITE_B_B2,14.47,37.66,98.05,15.622,886.778,False,True,-0.014642344833485699
2026-08-18 11:30:00,AST_0056,SITE_C,SITE_C_B2,15.33,40.9,97.65,15.999,917.09,False,True,-0.015585780469391741
2026-08-18 11:30:00,AST_0001,SITE_A,SITE_A_B1,17.31,38.38,98.23,17.752,1007.06,False,True,-0.021026036484372068
2026-08-18 11:45:00,AST_0012,SITE_A,SITE_A_B2,18.39,35.95,96.51,19.761,1118.922,False,True,-0.04834611953263823
2026-08-18 11:45:00,AST_0034,SITE_B,SITE_B_B2,15.54,38.68,98.16,15.587,879.359,False,True,-0.008859609557863135
2026-08-18 11:45:00,AST_0001,SITE_A,SITE_A_B1,17.4,40.64,97.48,18.007,1009.672,False,True,-0.024661169269660888
2026-08-18 11:45:00,AST_0056,SITE_C,SITE_C_B2,14.07,37.09,96.99,16.13,916.434,False,True,-0.03382978972264494
2026-08-18 12:00:00,AST_0056,SITE_C,SITE_C_B2,15.87,39.93,97.44,16.365,960.821,False,True,-0.02369785132060276
2026-08-18 12:00:00,AST_0034,SITE_B,SITE_B_B2,14.91,30.72,97.89,15.533,924.157,False,True,-0.02846205713786798
2026-08-18 12:00:00,AST_0001,SITE_A,SITE_A_B1,16.55,41.01,96.92,17.877,1058.418,False,True,-0.04226445130432588
2026-08-18 12:00:00,AST_0012,SITE_A,SITE_A_B2,18.09,34.0,96.74,19.733,1179.16,False,True,-0.05755571663668857
2026-08-18 12:15:00,AST_0056,SITE_C,SITE_C_B2,15.09,32.35,97.62,16.168,952.514,False,True,-0.037328109083551886
2026-08-18 12:15:00,AST_0012,SITE_A,SITE_A_B2,18.61,38.37,96.86,19.783,1173.678,False,True,-0.04099594495953984
2026-08-18 12:15:00,AST_0001,SITE_A,SITE_A_B1,16.43,33.76,96.55,18.054,1049.42,False,True,-0.04718207959514775
2026-08-18 12:15:00,AST_0034,SITE_B,SITE_B_B2,15.66,32.86,97.72,15.528,921.987,False,True,-0.022686053601347678
2026-08-18 12:30:00,AST_0056,SITE_C,SITE_C_B2,15.66,38.99,97.91,16.171,964.833,False,True,-0.013101766324814301
2026-08-18 12:30:00,AST_0012,SITE_A,SITE_A_B2,17.35,39.5,96.2,19.998,1163.179,False,True,-0.05029813014999773
2026-08-18 12:30:00,AST_0001,SITE_A,SITE_A_B1,16.41,34.65,97.34,18.044,1055.097,False,True,-0.04253063020810666
2026-08-18 12:30:00,AST_0034,SITE_B,SITE_B_B2,14.52,35.7,97.68,15.651,921.458,False,True,-0.025037931216559617
2026-08-18 12:45:00,AST_0001,SITE_A,SITE_A_B1,16.81,38.27,98.02,17.653,1072.7625,False,True,-0.024227953887440812
2026-08-18 12:45:00,AST_0060,SITE_C,SITE_C_B2,34.79,31.74,96.84,19.862,76.12,False,True,-0.019279156690414023
2026-08-18 12:45:00,AST_0056,SITE_C,SITE_C_B2,15.6,31.25,98.03,16.398,962.198,False,True,-0.02718677649048884
2026-08-18 12:45:00,AST_0012,SITE_A,SITE_A_B2,16.99,41.0,96.87,19.64,1165.971,False,True,-0.04326102126520792
2026-08-18 12:45:00,AST_0034,SITE_B,SITE_B_B2,14.87,38.27,97.61,15.707,921.914,False,True,-0.017048365199495152
2026-08-18 13:00:00,AST_0056,SITE_C,SITE_C_B2,15.7,31.89,97.88,16.281,986.922,False,True,-0.031553723861753924
2026-08-18 13:00:00,AST_0061,SITE_C,SITE_C_B2,35.27,31.09,97.18,20.607,80.788,False,True,-0.0075620812663504955
2026-08-18 13:00:00,AST_0012,SITE_A,SITE_A_B2,16.55,34.43,97.37,19.603,1201.785,False,True,-0.04631384941294214
2026-08-18 13:00:00,AST_0034,SITE_B,SITE_B_B2,15.01,32.66,98.61,15.673,950.685,False,True,-0.01367822167598487
2026-08-18 13:00:00,AST_0001,SITE_A,SITE_A_B1,16.5,35.58,97.57,17.792,1090.428,False,True,-0.033352007610255585
2026-08-18 13:15:00,AST_0056,SITE_C,SITE_C_B2,15.29,32.87,98.46,16.057,984.729,False,True,-0.044778121598019416
2026-08-18 13:15:00,AST_0061,SITE_C,SITE_C_B2,35.29,40.56,96.92,20.378,80.409,False,True,-0.005663089095358953
2026-08-18 13:15:00,AST_0012,SITE_A,SITE_A_B2,17.67,40.48,96.39,20.148,1207.495,False,True,-0.04880434835351366
2026-08-18 13:15:00,AST_0001,SITE_A,SITE_A_B1,16.33,34.21,97.35,17.931,1088.388,False,True,-0.035615069234200214
2026-08-18 13:15:00,AST_0034,SITE_B,SITE_B_B2,15.52,34.18,97.56,15.508,943.191,False,True,-0.02892926074768576
2026-08-18 13:30:00,AST_0012,SITE_A,SITE_A_B2,18.51,38.0,96.54,19.779,1197.518,False,True,-0.0446579329425959
2026-08-18 13:30:00,AST_0061,SITE_C,SITE_C_B2,35.8,32.76,96.37,20.597,80.97,False,True,-0.02049670230596401
2026-08-18 13:30:00,AST_0056,SITE_C,SITE_C_B2,15.73,33.5,98.42,16.265,993.489,False,True,-0.013597908542355652
2026-08-18 13:30:00,AST_0001,SITE_A,SITE_A_B1,17.49,32.4,97.26,17.831,1089.35,False,True,-0.041482358926259844
2026-08-18 13:30:00,AST_0034,SITE_B,SITE_B_B2,15.76,40.88,97.79,15.529,943.34,False,True,-0.012573254256177613
2026-08-18 13:45:00,AST_0012,SITE_A,SITE_A_B2,17.1,35.36,97.16,19.71,1208.8,False,True,-0.04802232136530593
2026-08-18 13:45:00,AST_0001,SITE_A,SITE_A_B1,16.29,40.54,97.28,18.008,1087.407,False,True,-0.038187262320592774
2026-08-18 13:45:00,AST_0056,SITE_C,SITE_C_B2,14.85,34.59,97.03,16.344,989.761,False,True,-0.03600497778077849
2026-08-18 13:45:00,AST_0034,SITE_B,SITE_B_B2,15.29,34.9,98.18,15.641,949.801,False,True,-0.019640928581027728
2026-08-18 14:00:00,AST_0001,SITE_A,SITE_A_B1,17.55,36.51,97.25,18.121,1100.457,False,True,-0.046537922031428036
2026-08-18 14:00:00,AST_0034,SITE_B,SITE_B_B2,14.48,38.47,98.09,15.518,955.264,False,True,-0.009155173331990119
2026-08-18 14:00:00,AST_0012,SITE_A,SITE_A_B2,17.85,37.22,97.27,19.641,1201.468,False,True,-0.040393718816843394
2026-08-18 14:00:00,AST_0056,SITE_C,SITE_C_B2,14.88,38.28,97.72,16.025,993.341,False,True,-0.01825463302705832
2026-08-18 14:15:00,AST_0056,SITE_C,SITE_C_B2,16.17,35.96,97.35,16.35,998.966,False,True,-0.03540925933139316
2026-08-18 14:15:00,AST_0001,SITE_A,SITE_A_B1,16.82,42.97,97.45,18.074,1100.31,False,True,-0.030799452115030435
2026-08-18 14:15:00,AST_0012,SITE_A,SITE_A_B2,18.08,33.84,95.95,20.096,1213.292,False,True,-0.0680166110659024
2026-08-18 14:15:00,AST_0034,SITE_B,SITE_B_B2,15.64,34.12,98.22,15.594,950.876,False,True,-0.016302035721491803
2026-08-18 14:30:00,AST_0056,SITE_C,SITE_C_B2,16.12,40.07,98.16,16.113,998.928,False,True,-0.034076956508788614
2026-08-18 14:30:00,AST_0034,SITE_B,SITE_B_B2,16.03,38.4,98.32,15.769,954.631,False,True,-0.009474460107793181
2026-08-18 14:30:00,AST_0012,SITE_A,SITE_A_B2,18.24,35.88,97.38,19.831,1217.146,False,True,-0.03992396790502328
2026-08-18 14:30:00,AST_0001,SITE_A,SITE_A_B1,17.09,33.88,97.46,18.09,1098.303,False,True,-0.03973569330604487
2026-08-18 14:30:00,AST_0016,SITE_A,SITE_A_B2,30.65,39.34,99.18,65.01380614370726,225.5021372004226,True,False,0.03010327803758983
2026-08-18 14:45:00,AST_0001,SITE_A,SITE_A_B1,17.36,31.26,97.59,17.766,1092.6475,False,True,-0.03899932952325569
2026-08-18 14:45:00,AST_0061,SITE_C,SITE_C_B2,35.64,31.78,96.77,20.412,82.1,False,True,-0.029420109594436084
2026-08-18 14:45:00,AST_0034,SITE_B,SITE_B_B2,15.76,35.79,98.69,15.705,956.86,False,True,-0.007045149190680333
2026-08-18 14:45:00,AST_0012,SITE_A,SITE_A_B2,17.92,29.93,96.81,19.731,1210.02,False,True,-0.06486780127800273
2026-08-18 14:45:00,AST_0056,SITE_C,SITE_C_B2,15.3,33.45,98.05,16.149,998.89,False,True,-0.039312323818954775
2026-08-18 15:00:00,AST_0061,SITE_C,SITE_C_B2,34.4,30.43,96.74,20.564,80.955,False,True,-0.008746876257170189
2026-08-18 15:00:00,AST_0001,SITE_A,SITE_A_B1,16.2,32.5,97.19,17.956,1086.992,False,True,-0.04522691892074571
2026-08-18 15:00:00,AST_0034,SITE_B,SITE_B_B2,14.26,35.54,98.64,15.621,952.058,False,True,-0.008408880318983791
2026-08-18 15:00:00,AST_0012,SITE_A,SITE_A_B2,16.84,30.93,97.49,19.555,1202.291,False,True,-0.057013174208263684
2026-08-18 15:00:00,AST_0056,SITE_C,SITE_C_B2,15.67,34.72,98.88,16.467,987.964,False,True,-0.015180051324571009
2026-08-18 15:15:00,AST_0034,SITE_B,SITE_B_B2,14.72,33.79,98.04,15.65,938.842,False,True,-0.018663200320579665
2026-08-18 15:15:00,AST_0056,SITE_C,SITE_C_B2,15.94,44.48,97.51,16.215,988.396,False,True,-0.02168463523241715
2026-08-18 15:15:00,AST_0012,SITE_A,SITE_A_B2,17.74,34.02,96.91,20.05,1194.6,False,True,-0.04912301364133187
2026-08-18 15:15:00,AST_0001,SITE_A,SITE_A_B1,16.63,39.81,97.58,17.972,1091.033,False,True,-0.028620614224954766
2026-08-18 15:30:00,AST_0056,SITE_C,SITE_C_B2,16.34,37.45,97.79,16.334,989.531,False,True,-0.030256921191821107
2026-08-18 15:30:00,AST_0001,SITE_A,SITE_A_B1,16.85,36.17,97.72,18.056,1081.289,False,True,-0.03029886264221926
2026-08-18 15:30:00,AST_0034,SITE_B,SITE_B_B2,14.4,34.62,97.41,15.41,943.64,False,True,-0.029801294216257768
2026-08-18 15:30:00,AST_0012,SITE_A,SITE_A_B2,18.8,34.73,96.33,19.932,1214.915,False,True,-0.05036970045081979
2026-08-18 15:45:00,AST_0056,SITE_C,SITE_C_B2,16.26,35.4,97.8,16.571,983.975,False,True,-0.025239742010720323
2026-08-18 15:45:00,AST_0060,SITE_C,SITE_C_B2,35.16,31.44,97.11,19.939,79.152,False,True,-0.007539685005092722
2026-08-18 15:45:00,AST_0034,SITE_B,SITE_B_B2,15.48,32.83,97.51,15.769,952.672,False,True,-0.0365657568690515
2026-08-18 15:45:00,AST_0001,SITE_A,SITE_A_B1,17.63,35.32,97.74,17.869,1091.064,False,True,-0.028621585111330727
2026-08-18 15:45:00,AST_0012,SITE_A,SITE_A_B2,18.61,35.63,96.75,19.806,1194.811,False,True,-0.04654590345101661
2026-08-18 16:00:00,AST_0034,SITE_B,SITE_B_B2,15.25,36.56,98.02,15.485,927.195,False,True,-0.016593704417136257
2026-08-18 16:00:00,AST_0012,SITE_A,SITE_A_B2,17.95,38.15,97.55,19.838,1173.956,False,True,-0.03362500692836479
2026-08-18 16:00:00,AST_0001,SITE_A,SITE_A_B1,16.28,40.7,97.25,18.092,1058.048,False,True,-0.038292571877852954
2026-08-18 16:00:00,AST_0056,SITE_C,SITE_C_B2,16.18,38.0,97.93,15.945,962.17,False,True,-0.012722573839189733
2026-08-18 16:15:00,AST_0001,SITE_A,SITE_A_B1,16.56,34.0,97.14,18.219,1060.596,False,True,-0.043657182716241416
2026-08-18 16:15:00,AST_0056,SITE_C,SITE_C_B2,16.47,36.43,98.1,16.352,961.644,False,True,-0.017580141880254252
2026-08-18 16:15:00,AST_0012,SITE_A,SITE_A_B2,17.74,35.63,97.09,19.845,1168.59,False,True,-0.062162044773418246
2026-08-18 16:15:00,AST_0034,SITE_B,SITE_B_B2,14.83,40.71,98.1,15.676,920.723,False,True,-0.010577852392868903
2026-08-18 16:30:00,AST_0034,SITE_B,SITE_B_B2,15.11,32.95,98.07,15.721,918.772,False,True,-0.017564114519582508
2026-08-18 16:30:00,AST_0012,SITE_A,SITE_A_B2,18.36,34.51,96.53,19.807,1181.206,False,True,-0.06759404465899188
2026-08-18 16:30:00,AST_0001,SITE_A,SITE_A_B1,16.62,31.51,97.23,17.762,1061.449,False,True,-0.04867185407801444
2026-08-18 16:30:00,AST_0056,SITE_C,SITE_C_B2,15.86,34.16,98.02,16.088,963.471,False,True,-0.018432912869313256
2026-08-18 16:45:00,AST_0012,SITE_A,SITE_A_B2,19.24,33.75,96.49,19.782,1179.931,False,True,-0.051778086355566355
2026-08-18 16:45:00,AST_0001,SITE_A,SITE_A_B1,16.82,35.8,97.93,18.104,1061.489,False,True,-0.03440964281867975
2026-08-18 16:45:00,AST_0060,SITE_C,SITE_C_B2,35.34,31.2,97.26,19.779,76.955,False,True,-0.0026054654419293
2026-08-18 16:45:00,AST_0056,SITE_C,SITE_C_B2,15.48,36.5,97.9,16.117,957.583,False,True,-0.018782768224262947
2026-08-18 16:45:00,AST_0034,SITE_B,SITE_B_B2,15.4,39.84,98.53,15.674,925.621,False,True,-0.005406643075427375
2026-08-18 17:00:00,AST_0001,SITE_A,SITE_A_B1,17.06,36.91,97.82,17.886,1014.192,False,True,-0.025920348532799453
2026-08-18 17:00:00,AST_0012,SITE_A,SITE_A_B2,17.34,37.73,97.26,19.84,1120.509,False,True,-0.04312110816339876
2026-08-18 17:00:00,AST_0034,SITE_B,SITE_B_B2,15.4,36.52,98.58,15.736,886.025,False,True,-0.0013810197995066664
2026-08-18 17:00:00,AST_0056,SITE_C,SITE_C_B2,14.8,40.05,97.69,16.146,923.52,False,True,-0.01582355991502593
2026-08-18 17:15:00,AST_0012,SITE_A,SITE_A_B2,17.57,36.32,96.53,20.033,1122.863,False,True,-0.05317529344705463
2026-08-18 17:15:00,AST_0056,SITE_C,SITE_C_B2,14.78,38.63,97.94,16.474,924.482,False,True,-0.01590041322347502
2026-08-18 17:15:00,AST_0034,SITE_B,SITE_B_B2,15.4,35.23,98.02,15.555,886.279,False,True,-0.016593704417136257
2026-08-18 17:15:00,AST_0001,SITE_A,SITE_A_B1,17.03,34.3,97.88,18.015,1023.588,False,True,-0.030321532555492192
2026-08-18 17:30:00,AST_0034,SITE_B,SITE_B_B2,15.3,33.39,97.65,15.749,892.213,False,True,-0.045656730650697086
2026-08-18 17:30:00,AST_0056,SITE_C,SITE_C_B2,15.9,35.51,98.15,16.178,930.063,False,True,-0.018714906784344176
2026-08-18 17:30:00,AST_0012,SITE_A,SITE_A_B2,17.63,34.14,97.2,19.9715,1130.983,False,True,-0.0575259161027597
2026-08-18 17:30:00,AST_0001,SITE_A,SITE_A_B1,16.43,39.1,97.77,17.833,1009.412,False,True,-0.023758293619164927
2026-08-18 17:45:00,AST_0012,SITE_A,SITE_A_B2,17.81,37.31,97.2,19.91,1129.849,False,True,-0.04258970137420315
2026-08-18 17:45:00,AST_0001,SITE_A,SITE_A_B1,15.32,35.65,97.33,18.123,1015.733,False,True,-0.03990168191541976
2026-08-18 17:45:00,AST_0034,SITE_B,SITE_B_B2,16.19,35.09,98.66,15.801,878.505,False,True,-0.001072432297354764
2026-08-18 17:45:00,AST_0056,SITE_C,SITE_C_B2,15.58,31.92,98.06,16.041,926.161,False,True,-0.02504046665211379
2026-08-18 18:00:00,AST_0061,SITE_C,SITE_C_B2,36.42,35.75,96.92,20.327,71.467,False,True,-0.01834551341060675
2026-08-18 18:00:00,AST_0015,SITE_A,SITE_A_B2,21.92,33.16,99.35,39.88828386273194,273.6907459654008,True,False,0.053510456529631156
2026-08-18 18:00:00,AST_0012,SITE_A,SITE_A_B2,17.5,37.91,96.93,19.983,1059.786,False,True,-0.04528621088066476
2026-08-18 18:00:00,AST_0001,SITE_A,SITE_A_B1,16.6,34.95,97.24,17.985,955.527,False,True,-0.0368094913285808
2026-08-18 18:00:00,AST_0034,SITE_B,SITE_B_B2,14.91,36.41,97.9,15.505,838.88,False,True,-0.010507144779997035
2026-08-18 18:00:00,AST_0056,SITE_C,SITE_C_B2,13.97,32.87,98.21,16.128,867.608,False,True,-0.017713455943572654
2026-08-18 18:15:00,AST_0056,SITE_C,SITE_C_B2,15.68,37.32,97.08,16.215,865.699,False,True,-0.024879407817208432
2026-08-18 18:15:00,AST_0001,SITE_A,SITE_A_B1,16.68,34.37,97.04,17.975,954.299,False,True,-0.041043217435434154
2026-08-18 18:15:00,AST_0034,SITE_B,SITE_B_B2,14.83,33.28,98.59,15.779,840.838,False,True,-0.004110428024110324
2026-08-18 18:15:00,AST_0012,SITE_A,SITE_A_B2,18.36,32.03,97.15,19.878,1045.342,False,True,-0.047760863454685
2026-08-18 18:15:00,AST_0061,SITE_C,SITE_C_B2,36.76,32.51,96.77,20.507,70.586,False,True,-0.012223876532423628
2026-08-18 18:30:00,AST_0056,SITE_C,SITE_C_B2,14.89,37.27,98.0,16.353,876.991,False,True,-0.009595296380331297
2026-08-18 18:30:00,AST_0001,SITE_A,SITE_A_B1,16.9,34.08,97.72,18.021,958.431,False,True,-0.03245817423719133
2026-08-18 18:30:00,AST_0034,SITE_B,SITE_B_B2,13.73,34.9,97.54,15.555,833.975,False,True,-0.01732900116926761
2026-08-18 18:30:00,AST_0012,SITE_A,SITE_A_B2,18.45,36.7,96.62,19.849,1058.18,False,True,-0.056164341725803424
2026-08-18 18:45:00,AST_0001,SITE_A,SITE_A_B1,16.29,34.28,97.69,17.872,954.575,False,True,-0.030632574835928184
2026-08-18 18:45:00,AST_0034,SITE_B,SITE_B_B2,15.21,38.41,98.04,15.635,829.782,False,True,-0.004138362519605532
2026-08-18 18:45:00,AST_0056,SITE_C,SITE_C_B2,15.675,35.39,98.29,16.307,868.652,False,True,-0.02117026886346296
2026-08-18 18:45:00,AST_0012,SITE_A,SITE_A_B2,17.96,30.91,96.75,20.084,1019.263,False,True,-0.054553376311382795
2026-08-18 19:00:00,AST_0001,SITE_A,SITE_A_B1,16.35,30.05,96.48,18.026,891.159,False,True,-0.059876197326076075
2026-08-18 19:00:00,AST_0056,SITE_C,SITE_C_B2,16.46,36.83,98.53,16.107,805.448,False,True,-0.004363561064132493
2026-08-18 19:00:00,AST_0012,SITE_A,SITE_A_B2,18.17,39.74,97.1,19.675,980.346,False,True,-0.029874544875526987
2026-08-18 19:15:00,AST_0012,SITE_A,SITE_A_B2,17.78,35.28,96.8,19.634,981.092,False,True,-0.04444715642513564
2026-08-18 19:15:00,AST_0056,SITE_C,SITE_C_B2,16.56,40.55,98.17,16.375,798.006,False,True,-0.009865317952579056
2026-08-18 19:15:00,AST_0001,SITE_A,SITE_A_B1,15.65,29.5,96.99,17.638,885.71,False,True,-0.04763632458174172
2026-08-18 19:15:00,AST_0034,SITE_B,SITE_B_B2,15.47,40.94,97.84,15.703,776.05,False,True,-0.0044446477302757526
2026-08-18 19:30:00,AST_0056,SITE_C,SITE_C_B2,15.66,33.48,97.99,16.457,810.447,False,True,-0.012340580812930213
2026-08-18 19:30:00,AST_0034,SITE_B,SITE_B_B2,15.82,36.93,98.16,15.699,769.652,False,True,-0.001656602739145585
2026-08-18 19:30:00,AST_0012,SITE_A,SITE_A_B2,18.55,32.79,96.44,19.616,982.449,False,True,-0.05239228123345374
2026-08-18 19:30:00,AST_0001,SITE_A,SITE_A_B1,17.28,36.86,97.27,17.88,892.159,False,True,-0.03391634658317233
2026-08-18 19:45:00,AST_0012,SITE_A,SITE_A_B2,18.24,32.62,96.66,19.866,995.753,False,True,-0.04766569426134437
2026-08-18 19:45:00,AST_0001,SITE_A,SITE_A_B1,16.9,36.46,98.06,18.066,891.521,False,True,-0.02486398602626272
2026-08-18 19:45:00,AST_0056,SITE_C,SITE_C_B2,15.39,41.35,97.63,16.275,794.276,False,True,-0.006417311632973655
2026-08-18 19:45:00,AST_0034,SITE_B,SITE_B_B2,15.31,40.43,98.18,15.751,782.217,False,True,-0.012250080780704997
2026-08-18 20:00:00,AST_0030,SITE_B,SITE_B_B1,32.87,36.9,97.06,49.35301401660844,0.257,True,False,0.08547324975686588
2026-08-18 20:15:00,AST_0030,SITE_B,SITE_B_B1,33.3,37.16,96.99,82.45702803321687,1.176321257730949,True,False,0.07273302293923978
2026-08-18 20:15:00,AST_0001,SITE_A,SITE_A_B1,17.0,37.28,97.25,90.6703630139544,1262.5667887192226,True,True,-0.04354556036178603
2026-08-19 01:15:00,AST_0007,SITE_A,SITE_A_B1,26.19,38.31,99.51,6.133,0.031,True,False,0.2832408332831802
2026-08-19 01:30:00,AST_0012,SITE_A,SITE_A_B2,17.02,27.8,97.33,19.774,317.986,False,True,-0.002988500423031115
2026-08-19 03:15:00,AST_0063,SITE_C,SITE_C_B2,33.18,32.88,96.88,85.12737339641232,1.153786367736103,True,False,0.06493544918085026
2026-08-19 03:45:00,AST_0012,SITE_A,SITE_A_B2,18.5,29.26,96.84,19.945,319.319,False,True,-0.006417073616760471
2026-08-19 08:00:00,AST_0001,SITE_A,SITE_A_B1,17.09,35.23,97.52,18.342,818.197,False,True,-0.0343986478421231
2026-08-19 08:00:00,AST_0008,SITE_A,SITE_A_B1,33.76,34.20333333333333,96.7,88.9103626609392,3.4343172352144946,True,False,0.028883041670811904
2026-08-19 08:00:00,AST_0056,SITE_C,SITE_C_B2,15.5,36.86,97.58,16.162,747.984,False,True,-0.006193523289330538
2026-08-19 08:00:00,AST_0012,SITE_A,SITE_A_B2,17.22,38.85,96.38,20.124,909.337,False,True,-0.04409613791886069
2026-08-19 08:15:00,AST_0056,SITE_C,SITE_C_B2,16.31,35.74,97.69,16.523,742.646,False,True,-0.02542207333662161
2026-08-19 08:15:00,AST_0012,SITE_A,SITE_A_B2,18.14,33.32,97.02,20.003,912.136,False,True,-0.047075262494935766
2026-08-19 08:15:00,AST_0001,SITE_A,SITE_A_B1,17.41,31.0,96.87,18.085,817.922,False,True,-0.049329526157553705
2026-08-19 08:15:00,AST_0034,SITE_B,SITE_B_B2,15.57,36.48,97.55,16.051,715.379,False,True,-0.006916575507723066
2026-08-19 08:30:00,AST_0034,SITE_B,SITE_B_B2,16.02,37.74,97.69,15.664,721.686,False,True,-0.00021908169565998392
2026-08-19 08:30:00,AST_0056,SITE_C,SITE_C_B2,15.29,31.47,98.21,16.511,749.658,False,True,-0.03188078411316253
2026-08-19 08:30:00,AST_0001,SITE_A,SITE_A_B1,16.63,38.06,97.33,18.019,833.456,False,True,-0.025780364337310013
2026-08-19 08:30:00,AST_0012,SITE_A,SITE_A_B2,18.11,36.78,97.28,19.944,914.505,False,True,-0.03803637205726307
2026-08-19 08:45:00,AST_0026,SITE_B,SITE_B_B1,22.73,35.3,99.55,42.54345680909105,232.5195019448176,True,False,0.06049882157124542
2026-08-19 08:45:00,AST_0056,SITE_C,SITE_C_B2,15.55,30.55,98.08,16.363,750.55,False,True,-0.042965746726414955
2026-08-19 08:45:00,AST_0001,SITE_A,SITE_A_B1,16.65,43.26,97.48,18.255,824.061,False,True,-0.019709240687040608
2026-08-19 08:45:00,AST_0034,SITE_B,SITE_B_B2,13.96,31.83,97.11,15.558,715.652,False,True,-0.02686038969090765
2026-08-19 08:45:00,AST_0012,SITE_A,SITE_A_B2,18.03,34.67,96.88,20.132,913.781,False,True,-0.04263627024017358
2026-08-19 09:00:00,AST_0001,SITE_A,SITE_A_B1,16.12,38.51,97.52,18.225,893.019,False,True,-0.033339578276823545
2026-08-19 09:00:00,AST_0034,SITE_B,SITE_B_B2,16.52,40.82,98.28,15.835,779.82,False,True,-0.0005045114269320861
2026-08-19 09:00:00,AST_0060,SITE_C,SITE_C_B2,35.54,32.0,96.86,20.103,64.502,False,True,-0.010723825876661874
2026-08-19 09:00:00,AST_0056,SITE_C,SITE_C_B2,14.96,33.66,98.22,16.395,811.132,False,True,-0.008377053422685576
2026-08-19 09:00:00,AST_0012,SITE_A,SITE_A_B2,17.49,36.53,97.23,20.074,994.588,False,True,-0.043580502425724976
2026-08-19 09:15:00,AST_0001,SITE_A,SITE_A_B1,16.47,34.11,97.6,18.035,888.608,False,True,-0.0316936103063481
2026-08-19 09:15:00,AST_0012,SITE_A,SITE_A_B2,18.1,34.83,96.48,20.084,995.008,False,True,-0.05104457606774926
2026-08-19 09:15:00,AST_0034,SITE_B,SITE_B_B2,15.23,38.44,97.93,15.794,774.827,False,True,-0.0017218214219418826
2026-08-19 09:15:00,AST_0056,SITE_C,SITE_C_B2,17.12,35.67,97.47,16.642,818.739,False,True,-0.016639611760339235
2026-08-19 09:30:00,AST_0012,SITE_A,SITE_A_B2,18.35,38.13,96.9,19.955,1004.824,False,True,-0.039387937174320986
2026-08-19 09:30:00,AST_0034,SITE_B,SITE_B_B2,16.12,34.1,98.19,15.721,777.476,False,True,-0.009391057021580829
2026-08-19 09:30:00,AST_0056,SITE_C,SITE_C_B2,15.54,32.84,98.13,16.578,806.983,False,True,-0.01127487154814022
2026-08-19 09:30:00,AST_0001,SITE_A,SITE_A_B1,16.81,34.29,97.83,17.926,891.656,False,True,-0.029123033637970752
2026-08-19 09:45:00,AST_0001,SITE_A,SITE_A_B1,16.23,39.43,97.06,18.231,900.941,False,True,-0.03691509539467652
2026-08-19 09:45:00,AST_0017,SITE_A,SITE_A_B2,25.76,33.25,100.89,26.435407601179136,74.15330901703946,True,False,0.09185376172491977
2026-08-19 09:45:00,AST_0056,SITE_C,SITE_C_B2,16.45,34.79,98.01,16.103,812.286,False,True,-0.007029766920823355
2026-08-19 09:45:00,AST_0012,SITE_A,SITE_A_B2,18.0,33.37,96.89,20.012,984.042,False,True,-0.044616178950644736
2026-08-19 10:00:00,AST_0012,SITE_A,SITE_A_B2,17.15,33.81,97.33,20.387,1080.506,False,True,-0.053754513690199124
2026-08-19 10:00:00,AST_0034,SITE_B,SITE_B_B2,14.99,39.49,98.17,15.693,852.614,False,True,-0.0011277570254343283
2026-08-19 10:00:00,AST_0001,SITE_A,SITE_A_B1,16.8,29.92,97.18,18.153,971.934,False,True,-0.048359452654679225
2026-08-19 10:00:00,AST_0056,SITE_C,SITE_C_B2,16.48,33.36,98.44,16.389,874.433,False,True,-0.014907890747741015
2026-08-19 10:15:00,AST_0001,SITE_A,SITE_A_B1,16.35,34.86,97.64,18.171,966.719,False,True,-0.03939518577339529
2026-08-19 10:15:00,AST_0034,SITE_B,SITE_B_B2,15.62,31.92,97.58,15.821,851.244,False,True,-0.027036063531753918
2026-08-19 10:15:00,AST_0056,SITE_C,SITE_C_B2,15.63,35.83,98.19,16.503,873.454,False,True,-0.011596712463395442
2026-08-19 10:15:00,AST_0012,SITE_A,SITE_A_B2,18.18,35.82,97.16,20.365,1071.828,False,True,-0.04250221693149725
2026-08-19 10:30:00,AST_0034,SITE_B,SITE_B_B2,15.28,33.94,98.61,15.974,843.477,False,True,-0.000786599762141349
2026-08-19 10:30:00,AST_0061,SITE_C,SITE_C_B2,35.83,31.13,96.58,20.797,71.475,False,True,-0.004488316865311148
2026-08-19 10:30:00,AST_0001,SITE_A,SITE_A_B1,17.12,32.15,97.24,18.105,960.785,False,True,-0.05844734704875554
2026-08-19 10:30:00,AST_0056,SITE_C,SITE_C_B2,15.46,36.02,98.07,16.4,874.523,False,True,-0.03714562986022152
2026-08-19 10:30:00,AST_0012,SITE_A,SITE_A_B2,16.99,34.23,97.59,20.077,1066.123,False,True,-0.04630521118879516
2026-08-19 10:45:00,AST_0001,SITE_A,SITE_A_B1,15.68,38.12,97.55,18.01,958.921,False,True,-0.026145885534949675
2026-08-19 10:45:00,AST_0060,SITE_C,SITE_C_B2,36.77,29.33,96.38,20.291,70.061,False,True,-0.009106600309534807
2026-08-19 10:45:00,AST_0012,SITE_A,SITE_A_B2,17.87,39.08,96.62,19.922,1061.183,False,True,-0.04529374810724429
2026-08-19 10:45:00,AST_0056,SITE_C,SITE_C_B2,15.91,33.05,97.6,16.197,879.965,False,True,-0.02117204735351741
2026-08-19 11:00:00,AST_0001,SITE_A,SITE_A_B1,16.39,39.86,97.45,18.175,1020.693,False,True,-0.028620614224954766
2026-08-19 11:00:00,AST_0012,SITE_A,SITE_A_B2,18.63,45.68,97.38,20.057,1148.92,False,True,-0.05732711909807553
2026-08-19 11:00:00,AST_0056,SITE_C,SITE_C_B2,16.01,36.55,97.14,16.308,935.231,False,True,-0.03381762472927907
2026-08-19 11:00:00,AST_0034,SITE_B,SITE_B_B2,14.25,33.16,97.84,15.695,893.137,False,True,-0.018236251204960086
2026-08-19 11:15:00,AST_0012,SITE_A,SITE_A_B2,19.24,28.62,96.85,20.098,1141.83,False,True,-0.05900606775196637
2026-08-19 11:15:00,AST_0034,SITE_B,SITE_B_B2,15.33,36.17,97.74,15.54,898.304,False,True,-0.016586465920505722
2026-08-19 11:15:00,AST_0001,SITE_A,SITE_A_B1,18.02,33.82,97.42,18.199,1026.983,False,True,-0.03215330148149953
2026-08-19 11:15:00,AST_0056,SITE_C,SITE_C_B2,15.13,38.7,98.29,16.58,945.573,False,True,-0.013490784605901918
2026-08-19 11:30:00,AST_0056,SITE_C,SITE_C_B2,15.25,36.32,98.48,16.29,926.822,False,True,-0.01179534923430181
2026-08-19 11:30:00,AST_0034,SITE_B,SITE_B_B2,15.82,38.38,97.94,15.641,889.843,False,True,-0.011375014065027278
2026-08-19 11:30:00,AST_0025,SITE_B,SITE_B_B1,22.16,37.58,99.93,37.74897308880832,252.9721681041396,True,False,0.06436550625752224
2026-08-19 11:30:00,AST_0001,SITE_A,SITE_A_B1,17.06,33.19,97.22,17.787,1016.063,False,True,-0.038426827208050574
2026-08-19 11:30:00,AST_0012,SITE_A,SITE_A_B2,18.92,34.25,96.13,20.154,1139.536,False,True,-0.05671141973956384
2026-08-19 11:45:00,AST_0034,SITE_B,SITE_B_B2,15.24,38.65,98.02,15.788,893.511,False,True,-0.019973276655045114
2026-08-19 11:45:00,AST_0012,SITE_A,SITE_A_B2,19.0,35.13,97.47,19.994,1144.404,False,True,-0.03967457653908801
2026-08-19 11:45:00,AST_0001,SITE_A,SITE_A_B1,17.0,37.1,97.01,18.146,1028.942,False,True,-0.04062319758241362
2026-08-19 11:45:00,AST_0056,SITE_C,SITE_C_B2,14.44,33.37,97.73,16.426,932.441,False,True,-0.03134897901896061
2026-08-19 12:00:00,AST_0034,SITE_B,SITE_B_B2,15.43,35.21,98.23,15.628,928.97,False,True,-0.018460480269425927
2026-08-19 12:00:00,AST_0001,SITE_A,SITE_A_B1,17.21,35.96,97.11,18.268,1084.749,False,True,-0.04180432923472166
2026-08-19 12:00:00,AST_0012,SITE_A,SITE_A_B2,17.74,36.92,96.83,20.423,1186.689,False,True,-0.04155717858819674
2026-08-19 12:00:00,AST_0056,SITE_C,SITE_C_B2,16.18,36.31,97.09,16.567,971.68,False,True,-0.04421817636674419
